2026-01-13 15:05:32,426 - PolymarketIngestor - INFO - Fetching markets...
2026-01-13 15:05:33,714 - PolymarketIngestor - INFO - Starting concurrent trade ingestion for 200 markets...
2026-01-13 15:05:34,099 - PolymarketIngestor - INFO - Successfully ingested 44 trades for: Lightning vs. Flyers: O/U 5.5
2026-01-13 15:05:34,127 - PolymarketIngestor - INFO - Successfully ingested 42 trades for: South Carolina State Bulldogs vs. Coppin State Eag
2026-01-13 15:05:34,140 - PolymarketIngestor - INFO - Successfully ingested 35 trades for: Spread: Alabama A&M Bulldogs (-6.5)
2026-01-13 15:05:34,395 - PolymarketIngestor - INFO - Successfully ingested 27 trades for: LoL: NextGeneration Esports vs Baam Esports - Game
2026-01-13 15:05:34,485 - PolymarketIngestor - INFO - Successfully ingested 61 trades for: Delaware State Hornets vs. Howard Bison: O/U 131.5
2026-01-13 15:05:34,505 - PolymarketIngestor - INFO - Successfully ingested 114 trades for: Maryland Eastern Shore Hawks vs. Norfolk State Spa
2026-01-13 15:05:34,531 - PolymarketIngestor - WARNING - Rate limited (429). Retrying in 2s...
2026-01-13 15:05:34,531 - PolymarketIngestor - WARNING - Rate limited (429). Retrying in 2s...
2026-01-13 15:05:34,534 - PolymarketIngestor - WARNING - Rate limited (429). Retrying in 2s...
2026-01-13 15:05:34,538 - PolymarketIngestor - WARNING - Rate limited (429). Retrying in 2s...
2026-01-13 15:05:34,538 - PolymarketIngestor - WARNING - Rate limited (429). Retrying in 2s...
2026-01-13 15:05:34,539 - PolymarketIngestor - WARNING - Rate limited (429). Retrying in 2s...
2026-01-13 15:05:34,539 - PolymarketIngestor - WARNING - Rate limited (429). Retrying in 2s...
2026-01-13 15:05:34,556 - PolymarketIngestor - WARNING - Rate limited (429). Retrying in 2s...
2026-01-13 15:05:34,560 - PolymarketIngestor - WARNING - Rate limited (429). Retrying in 2s...
2026-01-13 15:05:34,561 - PolymarketIngestor - INFO - Successfully ingested 78 trades for: Incarnate Word Cardinals vs. Stephen F. Austin Lum
2026-01-13 15:05:34,567 - PolymarketIngestor - WARNING - Rate limited (429). Retrying in 2s...
2026-01-13 15:05:34,569 - PolymarketIngestor - WARNING - Rate limited (429). Retrying in 2s...
2026-01-13 15:05:34,570 - PolymarketIngestor - WARNING - Rate limited (429). Retrying in 2s...
2026-01-13 15:05:34,571 - PolymarketIngestor - WARNING - Rate limited (429). Retrying in 2s...
2026-01-13 15:05:34,571 - PolymarketIngestor - WARNING - Rate limited (429). Retrying in 2s...
2026-01-13 15:05:34,572 - PolymarketIngestor - WARNING - Rate limited (429). Retrying in 2s...
2026-01-13 15:05:34,575 - PolymarketIngestor - WARNING - Rate limited (429). Retrying in 2s...
2026-01-13 15:05:34,577 - PolymarketIngestor - WARNING - Rate limited (429). Retrying in 2s...
2026-01-13 15:05:34,577 - PolymarketIngestor - WARNING - Rate limited (429). Retrying in 2s...
2026-01-13 15:05:34,579 - PolymarketIngestor - WARNING - Rate limited (429). Retrying in 2s...
2026-01-13 15:05:34,579 - PolymarketIngestor - WARNING - Rate limited (429). Retrying in 2s...
2026-01-13 15:05:34,579 - PolymarketIngestor - WARNING - Rate limited (429). Retrying in 2s...
2026-01-13 15:05:34,580 - PolymarketIngestor - WARNING - Rate limited (429). Retrying in 2s...
2026-01-13 15:05:34,580 - PolymarketIngestor - WARNING - Rate limited (429). Retrying in 2s...
2026-01-13 15:05:34,584 - PolymarketIngestor - WARNING - Rate limited (429). Retrying in 2s...
2026-01-13 15:05:34,594 - PolymarketIngestor - WARNING - Rate limited (429). Retrying in 2s...
2026-01-13 15:05:34,594 - PolymarketIngestor - WARNING - Rate limited (429). Retrying in 2s...
2026-01-13 15:05:34,595 - PolymarketIngestor - WARNING - Rate limited (429). Retrying in 2s...
2026-01-13 15:05:34,597 - PolymarketIngestor - WARNING - Rate limited (429). Retrying in 2s...
2026-01-13 15:05:34,600 - PolymarketIngestor - WARNING - Rate limited (429). Retrying in 2s...
2026-01-13 15:05:34,608 - PolymarketIngestor - WARNING - Rate limited (429). Retrying in 2s...
2026-01-13 15:05:34,615 - PolymarketIngestor - WARNING - Rate limited (429). Retrying in 2s...
2026-01-13 15:05:34,617 - PolymarketIngestor - WARNING - Rate limited (429). Retrying in 2s...
2026-01-13 15:05:34,617 - PolymarketIngestor - WARNING - Rate limited (429). Retrying in 2s...
2026-01-13 15:05:34,617 - PolymarketIngestor - WARNING - Rate limited (429). Retrying in 2s...
2026-01-13 15:05:34,618 - PolymarketIngestor - WARNING - Rate limited (429). Retrying in 2s...
2026-01-13 15:05:34,618 - PolymarketIngestor - WARNING - Rate limited (429). Retrying in 2s...
2026-01-13 15:05:34,619 - PolymarketIngestor - WARNING - Rate limited (429). Retrying in 2s...
2026-01-13 15:05:34,619 - PolymarketIngestor - WARNING - Rate limited (429). Retrying in 2s...
2026-01-13 15:05:34,620 - PolymarketIngestor - WARNING - Rate limited (429). Retrying in 2s...
2026-01-13 15:05:34,622 - PolymarketIngestor - WARNING - Rate limited (429). Retrying in 2s...
2026-01-13 15:05:34,623 - PolymarketIngestor - INFO - Successfully ingested 72 trades for: Spread: Howard Bison (-9.5)
2026-01-13 15:05:34,623 - PolymarketIngestor - WARNING - Rate limited (429). Retrying in 2s...
2026-01-13 15:05:34,623 - PolymarketIngestor - WARNING - Rate limited (429). Retrying in 2s...
2026-01-13 15:05:34,624 - PolymarketIngestor - WARNING - Rate limited (429). Retrying in 2s...
2026-01-13 15:05:34,624 - PolymarketIngestor - WARNING - Rate limited (429). Retrying in 2s...
2026-01-13 15:05:34,625 - PolymarketIngestor - WARNING - Rate limited (429). Retrying in 2s...
2026-01-13 15:05:34,625 - PolymarketIngestor - WARNING - Rate limited (429). Retrying in 2s...
2026-01-13 15:05:34,626 - PolymarketIngestor - WARNING - Rate limited (429). Retrying in 2s...
2026-01-13 15:05:34,626 - PolymarketIngestor - WARNING - Rate limited (429). Retrying in 2s...
2026-01-13 15:05:34,626 - PolymarketIngestor - WARNING - Rate limited (429). Retrying in 2s...
2026-01-13 15:05:34,626 - PolymarketIngestor - WARNING - Rate limited (429). Retrying in 2s...
2026-01-13 15:05:34,627 - PolymarketIngestor - WARNING - Rate limited (429). Retrying in 2s...
2026-01-13 15:05:34,627 - PolymarketIngestor - WARNING - Rate limited (429). Retrying in 2s...
2026-01-13 15:05:34,627 - PolymarketIngestor - WARNING - Rate limited (429). Retrying in 2s...
2026-01-13 15:05:34,627 - PolymarketIngestor - WARNING - Rate limited (429). Retrying in 2s...
2026-01-13 15:05:34,628 - PolymarketIngestor - WARNING - Rate limited (429). Retrying in 2s...
2026-01-13 15:05:34,628 - PolymarketIngestor - WARNING - Rate limited (429). Retrying in 2s...
2026-01-13 15:05:34,629 - PolymarketIngestor - WARNING - Rate limited (429). Retrying in 2s...
2026-01-13 15:05:34,630 - PolymarketIngestor - WARNING - Rate limited (429). Retrying in 2s...
2026-01-13 15:05:34,630 - PolymarketIngestor - WARNING - Rate limited (429). Retrying in 2s...
2026-01-13 15:05:34,632 - PolymarketIngestor - WARNING - Rate limited (429). Retrying in 2s...
2026-01-13 15:05:34,635 - PolymarketIngestor - WARNING - Rate limited (429). Retrying in 2s...
2026-01-13 15:05:34,635 - PolymarketIngestor - WARNING - Rate limited (429). Retrying in 2s...
2026-01-13 15:05:34,636 - PolymarketIngestor - WARNING - Rate limited (429). Retrying in 2s...
2026-01-13 15:05:34,636 - PolymarketIngestor - WARNING - Rate limited (429). Retrying in 2s...
2026-01-13 15:05:34,641 - PolymarketIngestor - WARNING - Rate limited (429). Retrying in 2s...
2026-01-13 15:05:34,642 - PolymarketIngestor - WARNING - Rate limited (429). Retrying in 2s...
2026-01-13 15:05:34,653 - PolymarketIngestor - WARNING - Rate limited (429). Retrying in 2s...
2026-01-13 15:05:34,653 - PolymarketIngestor - WARNING - Rate limited (429). Retrying in 2s...
2026-01-13 15:05:34,654 - PolymarketIngestor - WARNING - Rate limited (429). Retrying in 2s...
2026-01-13 15:05:34,654 - PolymarketIngestor - WARNING - Rate limited (429). Retrying in 2s...
2026-01-13 15:05:34,655 - PolymarketIngestor - WARNING - Rate limited (429). Retrying in 2s...
2026-01-13 15:05:34,657 - PolymarketIngestor - WARNING - Rate limited (429). Retrying in 2s...
2026-01-13 15:05:34,658 - PolymarketIngestor - WARNING - Rate limited (429). Retrying in 2s...
2026-01-13 15:05:34,659 - PolymarketIngestor - WARNING - Rate limited (429). Retrying in 2s...
2026-01-13 15:05:34,659 - PolymarketIngestor - WARNING - Rate limited (429). Retrying in 2s...
2026-01-13 15:05:34,659 - PolymarketIngestor - WARNING - Rate limited (429). Retrying in 2s...
2026-01-13 15:05:34,662 - PolymarketIngestor - WARNING - Rate limited (429). Retrying in 2s...
2026-01-13 15:05:34,663 - PolymarketIngestor - WARNING - Rate limited (429). Retrying in 2s...
2026-01-13 15:05:34,663 - PolymarketIngestor - WARNING - Rate limited (429). Retrying in 2s...
2026-01-13 15:05:34,663 - PolymarketIngestor - WARNING - Rate limited (429). Retrying in 2s...
2026-01-13 15:05:34,665 - PolymarketIngestor - WARNING - Rate limited (429). Retrying in 2s...
2026-01-13 15:05:34,665 - PolymarketIngestor - WARNING - Rate limited (429). Retrying in 2s...
2026-01-13 15:05:34,665 - PolymarketIngestor - WARNING - Rate limited (429). Retrying in 2s...
2026-01-13 15:05:34,666 - PolymarketIngestor - WARNING - Rate limited (429). Retrying in 2s...
2026-01-13 15:05:34,666 - PolymarketIngestor - WARNING - Rate limited (429). Retrying in 2s...
2026-01-13 15:05:34,667 - PolymarketIngestor - WARNING - Rate limited (429). Retrying in 2s...
2026-01-13 15:05:34,667 - PolymarketIngestor - WARNING - Rate limited (429). Retrying in 2s...
2026-01-13 15:05:34,668 - PolymarketIngestor - WARNING - Rate limited (429). Retrying in 2s...
2026-01-13 15:05:34,668 - PolymarketIngestor - WARNING - Rate limited (429). Retrying in 2s...
2026-01-13 15:05:34,668 - PolymarketIngestor - WARNING - Rate limited (429). Retrying in 2s...
2026-01-13 15:05:34,668 - PolymarketIngestor - WARNING - Rate limited (429). Retrying in 2s...
2026-01-13 15:05:34,668 - PolymarketIngestor - WARNING - Rate limited (429). Retrying in 2s...
2026-01-13 15:05:34,670 - PolymarketIngestor - WARNING - Rate limited (429). Retrying in 2s...
2026-01-13 15:05:34,671 - PolymarketIngestor - WARNING - Rate limited (429). Retrying in 2s...
2026-01-13 15:05:34,671 - PolymarketIngestor - WARNING - Rate limited (429). Retrying in 2s...
2026-01-13 15:05:34,671 - PolymarketIngestor - WARNING - Rate limited (429). Retrying in 2s...
2026-01-13 15:05:34,672 - PolymarketIngestor - WARNING - Rate limited (429). Retrying in 2s...
2026-01-13 15:05:34,672 - PolymarketIngestor - WARNING - Rate limited (429). Retrying in 2s...
2026-01-13 15:05:34,672 - PolymarketIngestor - WARNING - Rate limited (429). Retrying in 2s...
2026-01-13 15:05:34,673 - PolymarketIngestor - WARNING - Rate limited (429). Retrying in 2s...
2026-01-13 15:05:34,675 - PolymarketIngestor - WARNING - Rate limited (429). Retrying in 2s...
2026-01-13 15:05:34,676 - PolymarketIngestor - WARNING - Rate limited (429). Retrying in 2s...
2026-01-13 15:05:34,676 - PolymarketIngestor - WARNING - Rate limited (429). Retrying in 2s...
2026-01-13 15:05:34,679 - PolymarketIngestor - WARNING - Rate limited (429). Retrying in 2s...
2026-01-13 15:05:34,681 - PolymarketIngestor - WARNING - Rate limited (429). Retrying in 2s...
2026-01-13 15:05:34,681 - PolymarketIngestor - WARNING - Rate limited (429). Retrying in 2s...
2026-01-13 15:05:34,682 - PolymarketIngestor - WARNING - Rate limited (429). Retrying in 2s...
2026-01-13 15:05:34,682 - PolymarketIngestor - WARNING - Rate limited (429). Retrying in 2s...
2026-01-13 15:05:34,685 - PolymarketIngestor - WARNING - Rate limited (429). Retrying in 2s...
2026-01-13 15:05:34,687 - PolymarketIngestor - WARNING - Rate limited (429). Retrying in 2s...
2026-01-13 15:05:34,688 - PolymarketIngestor - WARNING - Rate limited (429). Retrying in 2s...
2026-01-13 15:05:34,688 - PolymarketIngestor - WARNING - Rate limited (429). Retrying in 2s...
2026-01-13 15:05:34,689 - PolymarketIngestor - WARNING - Rate limited (429). Retrying in 2s...
2026-01-13 15:05:34,689 - PolymarketIngestor - WARNING - Rate limited (429). Retrying in 2s...
2026-01-13 15:05:34,690 - PolymarketIngestor - WARNING - Rate limited (429). Retrying in 2s...
2026-01-13 15:05:34,691 - PolymarketIngestor - WARNING - Rate limited (429). Retrying in 2s...
2026-01-13 15:05:34,693 - PolymarketIngestor - WARNING - Rate limited (429). Retrying in 2s...
2026-01-13 15:05:34,693 - PolymarketIngestor - WARNING - Rate limited (429). Retrying in 2s...
2026-01-13 15:05:34,694 - PolymarketIngestor - WARNING - Rate limited (429). Retrying in 2s...
2026-01-13 15:05:34,694 - PolymarketIngestor - WARNING - Rate limited (429). Retrying in 2s...
2026-01-13 15:05:34,695 - PolymarketIngestor - WARNING - Rate limited (429). Retrying in 2s...
2026-01-13 15:05:34,695 - PolymarketIngestor - WARNING - Rate limited (429). Retrying in 2s...
2026-01-13 15:05:34,696 - PolymarketIngestor - WARNING - Rate limited (429). Retrying in 2s...
2026-01-13 15:05:34,696 - PolymarketIngestor - WARNING - Rate limited (429). Retrying in 2s...
2026-01-13 15:05:34,697 - PolymarketIngestor - WARNING - Rate limited (429). Retrying in 2s...
2026-01-13 15:05:34,698 - PolymarketIngestor - WARNING - Rate limited (429). Retrying in 2s...
2026-01-13 15:05:34,700 - PolymarketIngestor - WARNING - Rate limited (429). Retrying in 2s...
2026-01-13 15:05:34,701 - PolymarketIngestor - WARNING - Rate limited (429). Retrying in 2s...
2026-01-13 15:05:34,701 - PolymarketIngestor - WARNING - Rate limited (429). Retrying in 2s...
2026-01-13 15:05:34,701 - PolymarketIngestor - WARNING - Rate limited (429). Retrying in 2s...
2026-01-13 15:05:34,701 - PolymarketIngestor - WARNING - Rate limited (429). Retrying in 2s...
2026-01-13 15:05:34,702 - PolymarketIngestor - WARNING - Rate limited (429). Retrying in 2s...
2026-01-13 15:05:34,702 - PolymarketIngestor - WARNING - Rate limited (429). Retrying in 2s...
2026-01-13 15:05:34,702 - PolymarketIngestor - WARNING - Rate limited (429). Retrying in 2s...
2026-01-13 15:05:34,702 - PolymarketIngestor - WARNING - Rate limited (429). Retrying in 2s...
2026-01-13 15:05:34,703 - PolymarketIngestor - WARNING - Rate limited (429). Retrying in 2s...
2026-01-13 15:05:34,703 - PolymarketIngestor - WARNING - Rate limited (429). Retrying in 2s...
2026-01-13 15:05:34,706 - PolymarketIngestor - WARNING - Rate limited (429). Retrying in 2s...
2026-01-13 15:05:34,706 - PolymarketIngestor - WARNING - Rate limited (429). Retrying in 2s...
2026-01-13 15:05:34,706 - PolymarketIngestor - WARNING - Rate limited (429). Retrying in 2s...
2026-01-13 15:05:34,706 - PolymarketIngestor - WARNING - Rate limited (429). Retrying in 2s...
2026-01-13 15:05:34,707 - PolymarketIngestor - WARNING - Rate limited (429). Retrying in 2s...
2026-01-13 15:05:34,707 - PolymarketIngestor - WARNING - Rate limited (429). Retrying in 2s...
2026-01-13 15:05:34,708 - PolymarketIngestor - WARNING - Rate limited (429). Retrying in 2s...
2026-01-13 15:05:34,708 - PolymarketIngestor - WARNING - Rate limited (429). Retrying in 2s...
2026-01-13 15:05:34,709 - PolymarketIngestor - WARNING - Rate limited (429). Retrying in 2s...
2026-01-13 15:05:34,710 - PolymarketIngestor - WARNING - Rate limited (429). Retrying in 2s...
2026-01-13 15:05:34,710 - PolymarketIngestor - WARNING - Rate limited (429). Retrying in 2s...
2026-01-13 15:05:34,710 - PolymarketIngestor - WARNING - Rate limited (429). Retrying in 2s...
2026-01-13 15:05:34,712 - PolymarketIngestor - WARNING - Rate limited (429). Retrying in 2s...
2026-01-13 15:05:34,714 - PolymarketIngestor - WARNING - Rate limited (429). Retrying in 2s...
2026-01-13 15:05:34,715 - PolymarketIngestor - WARNING - Rate limited (429). Retrying in 2s...
2026-01-13 15:05:34,723 - PolymarketIngestor - WARNING - Rate limited (429). Retrying in 2s...
2026-01-13 15:05:34,723 - PolymarketIngestor - WARNING - Rate limited (429). Retrying in 2s...
2026-01-13 15:05:34,723 - PolymarketIngestor - WARNING - Rate limited (429). Retrying in 2s...
2026-01-13 15:05:34,727 - PolymarketIngestor - WARNING - Rate limited (429). Retrying in 2s...
2026-01-13 15:05:34,739 - PolymarketIngestor - WARNING - Rate limited (429). Retrying in 2s...
2026-01-13 15:05:34,741 - PolymarketIngestor - WARNING - Rate limited (429). Retrying in 2s...
2026-01-13 15:05:34,741 - PolymarketIngestor - WARNING - Rate limited (429). Retrying in 2s...
2026-01-13 15:05:34,743 - PolymarketIngestor - WARNING - Rate limited (429). Retrying in 2s...
2026-01-13 15:05:34,747 - PolymarketIngestor - WARNING - Rate limited (429). Retrying in 2s...
2026-01-13 15:05:34,747 - PolymarketIngestor - WARNING - Rate limited (429). Retrying in 2s...
2026-01-13 15:05:34,748 - PolymarketIngestor - WARNING - Rate limited (429). Retrying in 2s...
2026-01-13 15:05:34,751 - PolymarketIngestor - WARNING - Rate limited (429). Retrying in 2s...
2026-01-13 15:05:34,753 - PolymarketIngestor - WARNING - Rate limited (429). Retrying in 2s...
2026-01-13 15:05:34,759 - PolymarketIngestor - WARNING - Rate limited (429). Retrying in 2s...
2026-01-13 15:05:34,767 - PolymarketIngestor - WARNING - Rate limited (429). Retrying in 2s...
2026-01-13 15:05:34,770 - PolymarketIngestor - WARNING - Rate limited (429). Retrying in 2s...
2026-01-13 15:05:34,771 - PolymarketIngestor - WARNING - Rate limited (429). Retrying in 2s...
2026-01-13 15:05:34,781 - PolymarketIngestor - WARNING - Rate limited (429). Retrying in 2s...
2026-01-13 15:05:34,781 - PolymarketIngestor - WARNING - Rate limited (429). Retrying in 2s...
2026-01-13 15:05:34,801 - PolymarketIngestor - WARNING - Rate limited (429). Retrying in 2s...
2026-01-13 15:05:34,804 - PolymarketIngestor - WARNING - Rate limited (429). Retrying in 2s...
2026-01-13 15:05:34,804 - PolymarketIngestor - WARNING - Rate limited (429). Retrying in 2s...
2026-01-13 15:05:34,810 - PolymarketIngestor - WARNING - Rate limited (429). Retrying in 2s...
2026-01-13 15:05:34,832 - PolymarketIngestor - WARNING - Rate limited (429). Retrying in 2s...
2026-01-13 15:05:34,840 - PolymarketIngestor - WARNING - Rate limited (429). Retrying in 2s...
2026-01-13 15:05:34,850 - PolymarketIngestor - WARNING - Rate limited (429). Retrying in 2s...
2026-01-13 15:05:34,855 - PolymarketIngestor - WARNING - Rate limited (429). Retrying in 2s...
2026-01-13 15:05:34,866 - PolymarketIngestor - WARNING - Rate limited (429). Retrying in 2s...
2026-01-13 15:05:34,890 - PolymarketIngestor - WARNING - Rate limited (429). Retrying in 2s...
2026-01-13 15:05:34,905 - PolymarketIngestor - WARNING - Rate limited (429). Retrying in 2s...
2026-01-13 15:05:34,985 - PolymarketIngestor - WARNING - Rate limited (429). Retrying in 2s...
2026-01-13 15:05:34,997 - PolymarketIngestor - WARNING - Rate limited (429). Retrying in 2s...
2026-01-13 15:05:35,061 - PolymarketIngestor - WARNING - Rate limited (429). Retrying in 2s...
2026-01-13 15:05:35,122 - PolymarketIngestor - WARNING - Rate limited (429). Retrying in 2s...
2026-01-13 15:05:35,225 - PolymarketIngestor - WARNING - Rate limited (429). Retrying in 2s...
2026-01-13 15:05:35,314 - PolymarketIngestor - WARNING - Rate limited (429). Retrying in 2s...
2026-01-13 15:05:35,333 - PolymarketIngestor - WARNING - Rate limited (429). Retrying in 2s...
2026-01-13 15:05:35,582 - PolymarketIngestor - WARNING - Rate limited (429). Retrying in 2s...
2026-01-13 15:05:36,147 - PolymarketIngestor - WARNING - Rate limited (429). Retrying in 2s...
2026-01-13 15:05:36,346 - PolymarketIngestor - WARNING - Rate limited (429). Retrying in 2s...
2026-01-13 15:05:36,566 - PolymarketIngestor - WARNING - Rate limited (429). Retrying in 4s...
2026-01-13 15:05:36,568 - PolymarketIngestor - WARNING - Rate limited (429). Retrying in 4s...
2026-01-13 15:05:36,584 - PolymarketIngestor - WARNING - Rate limited (429). Retrying in 4s...
2026-01-13 15:05:36,590 - PolymarketIngestor - WARNING - Rate limited (429). Retrying in 4s...
2026-01-13 15:05:36,592 - PolymarketIngestor - WARNING - Rate limited (429). Retrying in 4s...
2026-01-13 15:05:36,603 - PolymarketIngestor - WARNING - Rate limited (429). Retrying in 4s...
2026-01-13 15:05:36,603 - PolymarketIngestor - WARNING - Rate limited (429). Retrying in 4s...
2026-01-13 15:05:36,608 - PolymarketIngestor - WARNING - Rate limited (429). Retrying in 4s...
2026-01-13 15:05:36,612 - PolymarketIngestor - WARNING - Rate limited (429). Retrying in 4s...
2026-01-13 15:05:36,617 - PolymarketIngestor - WARNING - Rate limited (429). Retrying in 4s...
2026-01-13 15:05:36,618 - PolymarketIngestor - WARNING - Rate limited (429). Retrying in 4s...
2026-01-13 15:05:36,620 - PolymarketIngestor - WARNING - Rate limited (429). Retrying in 4s...
2026-01-13 15:05:36,620 - PolymarketIngestor - WARNING - Rate limited (429). Retrying in 4s...
2026-01-13 15:05:36,621 - PolymarketIngestor - WARNING - Rate limited (429). Retrying in 4s...
2026-01-13 15:05:36,621 - PolymarketIngestor - WARNING - Rate limited (429). Retrying in 4s...
2026-01-13 15:05:36,622 - PolymarketIngestor - WARNING - Rate limited (429). Retrying in 4s...
2026-01-13 15:05:36,623 - PolymarketIngestor - WARNING - Rate limited (429). Retrying in 4s...
2026-01-13 15:05:36,623 - PolymarketIngestor - WARNING - Rate limited (429). Retrying in 4s...
2026-01-13 15:05:36,626 - PolymarketIngestor - WARNING - Rate limited (429). Retrying in 4s...
2026-01-13 15:05:36,628 - PolymarketIngestor - WARNING - Rate limited (429). Retrying in 4s...
2026-01-13 15:05:36,629 - PolymarketIngestor - WARNING - Rate limited (429). Retrying in 4s...
2026-01-13 15:05:36,642 - PolymarketIngestor - WARNING - Rate limited (429). Retrying in 4s...
2026-01-13 15:05:36,645 - PolymarketIngestor - WARNING - Rate limited (429). Retrying in 4s...
2026-01-13 15:05:36,646 - PolymarketIngestor - WARNING - Rate limited (429). Retrying in 4s...
2026-01-13 15:05:36,646 - PolymarketIngestor - WARNING - Rate limited (429). Retrying in 4s...
2026-01-13 15:05:36,646 - PolymarketIngestor - WARNING - Rate limited (429). Retrying in 4s...
2026-01-13 15:05:36,651 - PolymarketIngestor - WARNING - Rate limited (429). Retrying in 4s...
2026-01-13 15:05:36,651 - PolymarketIngestor - WARNING - Rate limited (429). Retrying in 4s...
2026-01-13 15:05:36,652 - PolymarketIngestor - WARNING - Rate limited (429). Retrying in 4s...
2026-01-13 15:05:36,655 - PolymarketIngestor - WARNING - Rate limited (429). Retrying in 4s...
2026-01-13 15:05:36,655 - PolymarketIngestor - WARNING - Rate limited (429). Retrying in 4s...
2026-01-13 15:05:36,656 - PolymarketIngestor - WARNING - Rate limited (429). Retrying in 4s...
2026-01-13 15:05:36,658 - PolymarketIngestor - WARNING - Rate limited (429). Retrying in 4s...
2026-01-13 15:05:36,660 - PolymarketIngestor - WARNING - Rate limited (429). Retrying in 4s...
2026-01-13 15:05:36,661 - PolymarketIngestor - WARNING - Rate limited (429). Retrying in 4s...
2026-01-13 15:05:36,662 - PolymarketIngestor - WARNING - Rate limited (429). Retrying in 4s...
2026-01-13 15:05:36,663 - PolymarketIngestor - WARNING - Rate limited (429). Retrying in 4s...
2026-01-13 15:05:36,663 - PolymarketIngestor - WARNING - Rate limited (429). Retrying in 4s...
2026-01-13 15:05:36,663 - PolymarketIngestor - WARNING - Rate limited (429). Retrying in 4s...
2026-01-13 15:05:36,664 - PolymarketIngestor - WARNING - Rate limited (429). Retrying in 4s...
2026-01-13 15:05:36,667 - PolymarketIngestor - WARNING - Rate limited (429). Retrying in 4s...
2026-01-13 15:05:36,668 - PolymarketIngestor - WARNING - Rate limited (429). Retrying in 4s...
2026-01-13 15:05:36,674 - PolymarketIngestor - WARNING - Rate limited (429). Retrying in 4s...
2026-01-13 15:05:36,674 - PolymarketIngestor - WARNING - Rate limited (429). Retrying in 4s...
2026-01-13 15:05:36,674 - PolymarketIngestor - WARNING - Rate limited (429). Retrying in 4s...
2026-01-13 15:05:36,674 - PolymarketIngestor - WARNING - Rate limited (429). Retrying in 4s...
2026-01-13 15:05:36,675 - PolymarketIngestor - WARNING - Rate limited (429). Retrying in 4s...
2026-01-13 15:05:36,675 - PolymarketIngestor - WARNING - Rate limited (429). Retrying in 4s...
2026-01-13 15:05:36,675 - PolymarketIngestor - WARNING - Rate limited (429). Retrying in 4s...
2026-01-13 15:05:36,675 - PolymarketIngestor - WARNING - Rate limited (429). Retrying in 4s...
2026-01-13 15:05:36,676 - PolymarketIngestor - WARNING - Rate limited (429). Retrying in 4s...
2026-01-13 15:05:36,677 - PolymarketIngestor - WARNING - Rate limited (429). Retrying in 4s...
2026-01-13 15:05:36,679 - PolymarketIngestor - WARNING - Rate limited (429). Retrying in 4s...
2026-01-13 15:05:36,679 - PolymarketIngestor - WARNING - Rate limited (429). Retrying in 4s...
2026-01-13 15:05:36,680 - PolymarketIngestor - WARNING - Rate limited (429). Retrying in 4s...
2026-01-13 15:05:36,681 - PolymarketIngestor - WARNING - Rate limited (429). Retrying in 4s...
2026-01-13 15:05:36,683 - PolymarketIngestor - WARNING - Rate limited (429). Retrying in 4s...
2026-01-13 15:05:36,683 - PolymarketIngestor - WARNING - Rate limited (429). Retrying in 4s...
2026-01-13 15:05:36,683 - PolymarketIngestor - WARNING - Rate limited (429). Retrying in 4s...
2026-01-13 15:05:36,685 - PolymarketIngestor - WARNING - Rate limited (429). Retrying in 4s...
2026-01-13 15:05:36,688 - PolymarketIngestor - WARNING - Rate limited (429). Retrying in 4s...
2026-01-13 15:05:36,691 - PolymarketIngestor - WARNING - Rate limited (429). Retrying in 4s...
2026-01-13 15:05:36,691 - PolymarketIngestor - WARNING - Rate limited (429). Retrying in 4s...
2026-01-13 15:05:36,691 - PolymarketIngestor - WARNING - Rate limited (429). Retrying in 4s...
2026-01-13 15:05:36,692 - PolymarketIngestor - WARNING - Rate limited (429). Retrying in 4s...
2026-01-13 15:05:36,692 - PolymarketIngestor - WARNING - Rate limited (429). Retrying in 4s...
2026-01-13 15:05:36,692 - PolymarketIngestor - WARNING - Rate limited (429). Retrying in 4s...
2026-01-13 15:05:36,692 - PolymarketIngestor - WARNING - Rate limited (429). Retrying in 4s...
2026-01-13 15:05:36,692 - PolymarketIngestor - WARNING - Rate limited (429). Retrying in 4s...
2026-01-13 15:05:36,694 - PolymarketIngestor - WARNING - Rate limited (429). Retrying in 4s...
2026-01-13 15:05:36,696 - PolymarketIngestor - WARNING - Rate limited (429). Retrying in 4s...
2026-01-13 15:05:36,699 - PolymarketIngestor - WARNING - Rate limited (429). Retrying in 4s...
2026-01-13 15:05:36,699 - PolymarketIngestor - WARNING - Rate limited (429). Retrying in 4s...
2026-01-13 15:05:36,703 - PolymarketIngestor - WARNING - Rate limited (429). Retrying in 4s...
2026-01-13 15:05:36,704 - PolymarketIngestor - WARNING - Rate limited (429). Retrying in 4s...
2026-01-13 15:05:36,704 - PolymarketIngestor - WARNING - Rate limited (429). Retrying in 4s...
2026-01-13 15:05:36,705 - PolymarketIngestor - WARNING - Rate limited (429). Retrying in 4s...
2026-01-13 15:05:36,706 - PolymarketIngestor - WARNING - Rate limited (429). Retrying in 4s...
2026-01-13 15:05:36,708 - PolymarketIngestor - WARNING - Rate limited (429). Retrying in 4s...
2026-01-13 15:05:36,709 - PolymarketIngestor - WARNING - Rate limited (429). Retrying in 4s...
2026-01-13 15:05:36,709 - PolymarketIngestor - WARNING - Rate limited (429). Retrying in 4s...
2026-01-13 15:05:36,710 - PolymarketIngestor - WARNING - Rate limited (429). Retrying in 4s...
2026-01-13 15:05:36,711 - PolymarketIngestor - WARNING - Rate limited (429). Retrying in 4s...
2026-01-13 15:05:36,711 - PolymarketIngestor - WARNING - Rate limited (429). Retrying in 4s...
2026-01-13 15:05:36,712 - PolymarketIngestor - WARNING - Rate limited (429). Retrying in 4s...
2026-01-13 15:05:36,712 - PolymarketIngestor - WARNING - Rate limited (429). Retrying in 4s...
2026-01-13 15:05:36,712 - PolymarketIngestor - WARNING - Rate limited (429). Retrying in 4s...
2026-01-13 15:05:36,712 - PolymarketIngestor - WARNING - Rate limited (429). Retrying in 4s...
2026-01-13 15:05:36,715 - PolymarketIngestor - WARNING - Rate limited (429). Retrying in 4s...
2026-01-13 15:05:36,715 - PolymarketIngestor - WARNING - Rate limited (429). Retrying in 4s...
2026-01-13 15:05:36,715 - PolymarketIngestor - WARNING - Rate limited (429). Retrying in 4s...
2026-01-13 15:05:36,716 - PolymarketIngestor - WARNING - Rate limited (429). Retrying in 4s...
2026-01-13 15:05:36,716 - PolymarketIngestor - WARNING - Rate limited (429). Retrying in 4s...
2026-01-13 15:05:36,717 - PolymarketIngestor - WARNING - Rate limited (429). Retrying in 4s...
2026-01-13 15:05:36,717 - PolymarketIngestor - WARNING - Rate limited (429). Retrying in 4s...
2026-01-13 15:05:36,718 - PolymarketIngestor - WARNING - Rate limited (429). Retrying in 4s...
2026-01-13 15:05:36,718 - PolymarketIngestor - WARNING - Rate limited (429). Retrying in 4s...
2026-01-13 15:05:36,719 - PolymarketIngestor - WARNING - Rate limited (429). Retrying in 4s...
2026-01-13 15:05:36,727 - PolymarketIngestor - WARNING - Rate limited (429). Retrying in 4s...
2026-01-13 15:05:36,728 - PolymarketIngestor - WARNING - Rate limited (429). Retrying in 4s...
2026-01-13 15:05:36,728 - PolymarketIngestor - WARNING - Rate limited (429). Retrying in 4s...
2026-01-13 15:05:36,729 - PolymarketIngestor - WARNING - Rate limited (429). Retrying in 4s...
2026-01-13 15:05:36,729 - PolymarketIngestor - WARNING - Rate limited (429). Retrying in 4s...
2026-01-13 15:05:36,730 - PolymarketIngestor - WARNING - Rate limited (429). Retrying in 4s...
2026-01-13 15:05:36,730 - PolymarketIngestor - WARNING - Rate limited (429). Retrying in 4s...
2026-01-13 15:05:36,731 - PolymarketIngestor - WARNING - Rate limited (429). Retrying in 4s...
2026-01-13 15:05:36,732 - PolymarketIngestor - WARNING - Rate limited (429). Retrying in 4s...
2026-01-13 15:05:36,732 - PolymarketIngestor - WARNING - Rate limited (429). Retrying in 4s...
2026-01-13 15:05:36,732 - PolymarketIngestor - WARNING - Rate limited (429). Retrying in 4s...
2026-01-13 15:05:36,733 - PolymarketIngestor - WARNING - Rate limited (429). Retrying in 4s...
2026-01-13 15:05:36,736 - PolymarketIngestor - WARNING - Rate limited (429). Retrying in 4s...
2026-01-13 15:05:36,736 - PolymarketIngestor - WARNING - Rate limited (429). Retrying in 4s...
2026-01-13 15:05:36,736 - PolymarketIngestor - WARNING - Rate limited (429). Retrying in 4s...
2026-01-13 15:05:36,737 - PolymarketIngestor - WARNING - Rate limited (429). Retrying in 4s...
2026-01-13 15:05:36,737 - PolymarketIngestor - WARNING - Rate limited (429). Retrying in 4s...
2026-01-13 15:05:36,737 - PolymarketIngestor - WARNING - Rate limited (429). Retrying in 4s...
2026-01-13 15:05:36,737 - PolymarketIngestor - WARNING - Rate limited (429). Retrying in 4s...
2026-01-13 15:05:36,738 - PolymarketIngestor - WARNING - Rate limited (429). Retrying in 4s...
2026-01-13 15:05:36,738 - PolymarketIngestor - WARNING - Rate limited (429). Retrying in 4s...
2026-01-13 15:05:36,739 - PolymarketIngestor - WARNING - Rate limited (429). Retrying in 4s...
2026-01-13 15:05:36,739 - PolymarketIngestor - WARNING - Rate limited (429). Retrying in 4s...
2026-01-13 15:05:36,739 - PolymarketIngestor - WARNING - Rate limited (429). Retrying in 4s...
2026-01-13 15:05:36,740 - PolymarketIngestor - WARNING - Rate limited (429). Retrying in 4s...
2026-01-13 15:05:36,741 - PolymarketIngestor - WARNING - Rate limited (429). Retrying in 4s...
2026-01-13 15:05:36,742 - PolymarketIngestor - WARNING - Rate limited (429). Retrying in 4s...
2026-01-13 15:05:36,743 - PolymarketIngestor - WARNING - Rate limited (429). Retrying in 4s...
2026-01-13 15:05:36,743 - PolymarketIngestor - WARNING - Rate limited (429). Retrying in 4s...
2026-01-13 15:05:36,743 - PolymarketIngestor - WARNING - Rate limited (429). Retrying in 4s...
2026-01-13 15:05:36,745 - PolymarketIngestor - WARNING - Rate limited (429). Retrying in 4s...
2026-01-13 15:05:36,745 - PolymarketIngestor - WARNING - Rate limited (429). Retrying in 4s...
2026-01-13 15:05:36,747 - PolymarketIngestor - WARNING - Rate limited (429). Retrying in 4s...
2026-01-13 15:05:36,748 - PolymarketIngestor - WARNING - Rate limited (429). Retrying in 4s...
2026-01-13 15:05:36,748 - PolymarketIngestor - WARNING - Rate limited (429). Retrying in 4s...
2026-01-13 15:05:36,748 - PolymarketIngestor - WARNING - Rate limited (429). Retrying in 4s...
2026-01-13 15:05:36,749 - PolymarketIngestor - WARNING - Rate limited (429). Retrying in 4s...
2026-01-13 15:05:36,749 - PolymarketIngestor - WARNING - Rate limited (429). Retrying in 4s...
2026-01-13 15:05:36,749 - PolymarketIngestor - WARNING - Rate limited (429). Retrying in 4s...
2026-01-13 15:05:36,750 - PolymarketIngestor - WARNING - Rate limited (429). Retrying in 4s...
2026-01-13 15:05:36,751 - PolymarketIngestor - WARNING - Rate limited (429). Retrying in 4s...
2026-01-13 15:05:36,751 - PolymarketIngestor - WARNING - Rate limited (429). Retrying in 4s...
2026-01-13 15:05:36,752 - PolymarketIngestor - WARNING - Rate limited (429). Retrying in 4s...
2026-01-13 15:05:36,754 - PolymarketIngestor - WARNING - Rate limited (429). Retrying in 4s...
2026-01-13 15:05:36,754 - PolymarketIngestor - WARNING - Rate limited (429). Retrying in 4s...
2026-01-13 15:05:36,754 - PolymarketIngestor - WARNING - Rate limited (429). Retrying in 4s...
2026-01-13 15:05:36,757 - PolymarketIngestor - WARNING - Rate limited (429). Retrying in 4s...
2026-01-13 15:05:36,761 - PolymarketIngestor - WARNING - Rate limited (429). Retrying in 4s...
2026-01-13 15:05:36,763 - PolymarketIngestor - WARNING - Rate limited (429). Retrying in 4s...
2026-01-13 15:05:36,765 - PolymarketIngestor - WARNING - Rate limited (429). Retrying in 4s...
2026-01-13 15:05:36,766 - PolymarketIngestor - WARNING - Rate limited (429). Retrying in 4s...
2026-01-13 15:05:36,769 - PolymarketIngestor - WARNING - Rate limited (429). Retrying in 4s...
2026-01-13 15:05:36,770 - PolymarketIngestor - WARNING - Rate limited (429). Retrying in 4s...
2026-01-13 15:05:36,773 - PolymarketIngestor - WARNING - Rate limited (429). Retrying in 4s...
2026-01-13 15:05:36,773 - PolymarketIngestor - WARNING - Rate limited (429). Retrying in 4s...
2026-01-13 15:05:36,775 - PolymarketIngestor - WARNING - Rate limited (429). Retrying in 4s...
2026-01-13 15:05:36,779 - PolymarketIngestor - WARNING - Rate limited (429). Retrying in 4s...
2026-01-13 15:05:36,779 - PolymarketIngestor - WARNING - Rate limited (429). Retrying in 4s...
2026-01-13 15:05:36,781 - PolymarketIngestor - WARNING - Rate limited (429). Retrying in 4s...
2026-01-13 15:05:36,783 - PolymarketIngestor - WARNING - Rate limited (429). Retrying in 4s...
2026-01-13 15:05:36,784 - PolymarketIngestor - WARNING - Rate limited (429). Retrying in 4s...
2026-01-13 15:05:36,785 - PolymarketIngestor - WARNING - Rate limited (429). Retrying in 4s...
2026-01-13 15:05:36,788 - PolymarketIngestor - WARNING - Rate limited (429). Retrying in 4s...
2026-01-13 15:05:36,794 - PolymarketIngestor - WARNING - Rate limited (429). Retrying in 4s...
2026-01-13 15:05:36,795 - PolymarketIngestor - WARNING - Rate limited (429). Retrying in 4s...
2026-01-13 15:05:36,800 - PolymarketIngestor - WARNING - Rate limited (429). Retrying in 4s...
2026-01-13 15:05:36,802 - PolymarketIngestor - WARNING - Rate limited (429). Retrying in 4s...
2026-01-13 15:05:36,803 - PolymarketIngestor - WARNING - Rate limited (429). Retrying in 4s...
2026-01-13 15:05:36,806 - PolymarketIngestor - WARNING - Rate limited (429). Retrying in 4s...
2026-01-13 15:05:36,815 - PolymarketIngestor - WARNING - Rate limited (429). Retrying in 4s...
2026-01-13 15:05:36,826 - PolymarketIngestor - WARNING - Rate limited (429). Retrying in 4s...
2026-01-13 15:05:36,827 - PolymarketIngestor - WARNING - Rate limited (429). Retrying in 4s...
2026-01-13 15:05:36,838 - PolymarketIngestor - WARNING - Rate limited (429). Retrying in 4s...
2026-01-13 15:05:36,842 - PolymarketIngestor - WARNING - Rate limited (429). Retrying in 4s...
2026-01-13 15:05:36,842 - PolymarketIngestor - WARNING - Rate limited (429). Retrying in 4s...
2026-01-13 15:05:36,856 - PolymarketIngestor - WARNING - Rate limited (429). Retrying in 4s...
2026-01-13 15:05:36,862 - PolymarketIngestor - WARNING - Rate limited (429). Retrying in 4s...
2026-01-13 15:05:36,870 - PolymarketIngestor - WARNING - Rate limited (429). Retrying in 4s...
2026-01-13 15:05:36,877 - PolymarketIngestor - WARNING - Rate limited (429). Retrying in 4s...
2026-01-13 15:05:36,886 - PolymarketIngestor - WARNING - Rate limited (429). Retrying in 4s...
2026-01-13 15:05:36,891 - PolymarketIngestor - WARNING - Rate limited (429). Retrying in 4s...
2026-01-13 15:05:36,917 - PolymarketIngestor - WARNING - Rate limited (429). Retrying in 4s...
2026-01-13 15:05:36,946 - PolymarketIngestor - WARNING - Rate limited (429). Retrying in 4s...
2026-01-13 15:05:36,964 - PolymarketIngestor - WARNING - Rate limited (429). Retrying in 4s...
2026-01-13 15:05:37,039 - PolymarketIngestor - WARNING - Rate limited (429). Retrying in 4s...
2026-01-13 15:05:37,047 - PolymarketIngestor - WARNING - Rate limited (429). Retrying in 4s...
2026-01-13 15:05:37,106 - PolymarketIngestor - WARNING - Rate limited (429). Retrying in 4s...
2026-01-13 15:05:37,158 - PolymarketIngestor - WARNING - Rate limited (429). Retrying in 4s...
2026-01-13 15:05:37,273 - PolymarketIngestor - WARNING - Rate limited (429). Retrying in 4s...
2026-01-13 15:05:37,366 - PolymarketIngestor - WARNING - Rate limited (429). Retrying in 4s...
2026-01-13 15:05:37,377 - PolymarketIngestor - WARNING - Rate limited (429). Retrying in 4s...
2026-01-13 15:05:37,640 - PolymarketIngestor - WARNING - Rate limited (429). Retrying in 4s...
2026-01-13 15:05:38,198 - PolymarketIngestor - WARNING - Rate limited (429). Retrying in 4s...
2026-01-13 15:05:38,391 - PolymarketIngestor - WARNING - Rate limited (429). Retrying in 4s...
2026-01-13 15:05:40,691 - PolymarketIngestor - WARNING - Rate limited (429). Retrying in 6s...
2026-01-13 15:05:40,694 - PolymarketIngestor - WARNING - Rate limited (429). Retrying in 6s...
2026-01-13 15:05:40,696 - PolymarketIngestor - WARNING - Rate limited (429). Retrying in 6s...
2026-01-13 15:05:40,698 - PolymarketIngestor - WARNING - Rate limited (429). Retrying in 6s...
2026-01-13 15:05:40,701 - PolymarketIngestor - WARNING - Rate limited (429). Retrying in 6s...
2026-01-13 15:05:40,701 - PolymarketIngestor - WARNING - Rate limited (429). Retrying in 6s...
2026-01-13 15:05:40,701 - PolymarketIngestor - WARNING - Rate limited (429). Retrying in 6s...
2026-01-13 15:05:40,702 - PolymarketIngestor - WARNING - Rate limited (429). Retrying in 6s...
2026-01-13 15:05:40,703 - PolymarketIngestor - WARNING - Rate limited (429). Retrying in 6s...
2026-01-13 15:05:40,704 - PolymarketIngestor - WARNING - Rate limited (429). Retrying in 6s...
2026-01-13 15:05:40,708 - PolymarketIngestor - WARNING - Rate limited (429). Retrying in 6s...
2026-01-13 15:05:40,710 - PolymarketIngestor - WARNING - Rate limited (429). Retrying in 6s...
2026-01-13 15:05:40,711 - PolymarketIngestor - WARNING - Rate limited (429). Retrying in 6s...
2026-01-13 15:05:40,711 - PolymarketIngestor - WARNING - Rate limited (429). Retrying in 6s...
2026-01-13 15:05:40,713 - PolymarketIngestor - WARNING - Rate limited (429). Retrying in 6s...
2026-01-13 15:05:40,717 - PolymarketIngestor - WARNING - Rate limited (429). Retrying in 6s...
2026-01-13 15:05:40,717 - PolymarketIngestor - WARNING - Rate limited (429). Retrying in 6s...
2026-01-13 15:05:40,717 - PolymarketIngestor - WARNING - Rate limited (429). Retrying in 6s...
2026-01-13 15:05:40,717 - PolymarketIngestor - WARNING - Rate limited (429). Retrying in 6s...
2026-01-13 15:05:40,720 - PolymarketIngestor - WARNING - Rate limited (429). Retrying in 6s...
2026-01-13 15:05:40,721 - PolymarketIngestor - WARNING - Rate limited (429). Retrying in 6s...
2026-01-13 15:05:40,721 - PolymarketIngestor - WARNING - Rate limited (429). Retrying in 6s...
2026-01-13 15:05:40,721 - PolymarketIngestor - WARNING - Rate limited (429). Retrying in 6s...
2026-01-13 15:05:40,722 - PolymarketIngestor - WARNING - Rate limited (429). Retrying in 6s...
2026-01-13 15:05:40,722 - PolymarketIngestor - WARNING - Rate limited (429). Retrying in 6s...
2026-01-13 15:05:40,722 - PolymarketIngestor - WARNING - Rate limited (429). Retrying in 6s...
2026-01-13 15:05:40,723 - PolymarketIngestor - WARNING - Rate limited (429). Retrying in 6s...
2026-01-13 15:05:40,723 - PolymarketIngestor - WARNING - Rate limited (429). Retrying in 6s...
2026-01-13 15:05:40,723 - PolymarketIngestor - WARNING - Rate limited (429). Retrying in 6s...
2026-01-13 15:05:40,725 - PolymarketIngestor - WARNING - Rate limited (429). Retrying in 6s...
2026-01-13 15:05:40,725 - PolymarketIngestor - WARNING - Rate limited (429). Retrying in 6s...
2026-01-13 15:05:40,726 - PolymarketIngestor - WARNING - Rate limited (429). Retrying in 6s...
2026-01-13 15:05:40,726 - PolymarketIngestor - WARNING - Rate limited (429). Retrying in 6s...
2026-01-13 15:05:40,728 - PolymarketIngestor - WARNING - Rate limited (429). Retrying in 6s...
2026-01-13 15:05:40,729 - PolymarketIngestor - WARNING - Rate limited (429). Retrying in 6s...
2026-01-13 15:05:40,729 - PolymarketIngestor - WARNING - Rate limited (429). Retrying in 6s...
2026-01-13 15:05:40,731 - PolymarketIngestor - WARNING - Rate limited (429). Retrying in 6s...
2026-01-13 15:05:40,731 - PolymarketIngestor - WARNING - Rate limited (429). Retrying in 6s...
2026-01-13 15:05:40,733 - PolymarketIngestor - WARNING - Rate limited (429). Retrying in 6s...
2026-01-13 15:05:40,734 - PolymarketIngestor - WARNING - Rate limited (429). Retrying in 6s...
2026-01-13 15:05:40,735 - PolymarketIngestor - WARNING - Rate limited (429). Retrying in 6s...
2026-01-13 15:05:40,735 - PolymarketIngestor - WARNING - Rate limited (429). Retrying in 6s...
2026-01-13 15:05:40,735 - PolymarketIngestor - WARNING - Rate limited (429). Retrying in 6s...
2026-01-13 15:05:40,738 - PolymarketIngestor - WARNING - Rate limited (429). Retrying in 6s...
2026-01-13 15:05:40,739 - PolymarketIngestor - WARNING - Rate limited (429). Retrying in 6s...
2026-01-13 15:05:40,743 - PolymarketIngestor - WARNING - Rate limited (429). Retrying in 6s...
2026-01-13 15:05:40,743 - PolymarketIngestor - WARNING - Rate limited (429). Retrying in 6s...
2026-01-13 15:05:40,744 - PolymarketIngestor - WARNING - Rate limited (429). Retrying in 6s...
2026-01-13 15:05:40,744 - PolymarketIngestor - WARNING - Rate limited (429). Retrying in 6s...
2026-01-13 15:05:40,744 - PolymarketIngestor - WARNING - Rate limited (429). Retrying in 6s...
2026-01-13 15:05:40,745 - PolymarketIngestor - WARNING - Rate limited (429). Retrying in 6s...
2026-01-13 15:05:40,746 - PolymarketIngestor - WARNING - Rate limited (429). Retrying in 6s...
2026-01-13 15:05:40,748 - PolymarketIngestor - WARNING - Rate limited (429). Retrying in 6s...
2026-01-13 15:05:40,750 - PolymarketIngestor - WARNING - Rate limited (429). Retrying in 6s...
2026-01-13 15:05:40,751 - PolymarketIngestor - WARNING - Rate limited (429). Retrying in 6s...
2026-01-13 15:05:40,752 - PolymarketIngestor - WARNING - Rate limited (429). Retrying in 6s...
2026-01-13 15:05:40,752 - PolymarketIngestor - WARNING - Rate limited (429). Retrying in 6s...
2026-01-13 15:05:40,754 - PolymarketIngestor - WARNING - Rate limited (429). Retrying in 6s...
2026-01-13 15:05:40,754 - PolymarketIngestor - WARNING - Rate limited (429). Retrying in 6s...
2026-01-13 15:05:40,754 - PolymarketIngestor - WARNING - Rate limited (429). Retrying in 6s...
2026-01-13 15:05:40,755 - PolymarketIngestor - WARNING - Rate limited (429). Retrying in 6s...
2026-01-13 15:05:40,755 - PolymarketIngestor - WARNING - Rate limited (429). Retrying in 6s...
2026-01-13 15:05:40,755 - PolymarketIngestor - WARNING - Rate limited (429). Retrying in 6s...
2026-01-13 15:05:40,757 - PolymarketIngestor - WARNING - Rate limited (429). Retrying in 6s...
2026-01-13 15:05:40,757 - PolymarketIngestor - WARNING - Rate limited (429). Retrying in 6s...
2026-01-13 15:05:40,757 - PolymarketIngestor - WARNING - Rate limited (429). Retrying in 6s...
2026-01-13 15:05:40,758 - PolymarketIngestor - WARNING - Rate limited (429). Retrying in 6s...
2026-01-13 15:05:40,760 - PolymarketIngestor - WARNING - Rate limited (429). Retrying in 6s...
2026-01-13 15:05:40,760 - PolymarketIngestor - WARNING - Rate limited (429). Retrying in 6s...
2026-01-13 15:05:40,764 - PolymarketIngestor - WARNING - Rate limited (429). Retrying in 6s...
2026-01-13 15:05:40,764 - PolymarketIngestor - WARNING - Rate limited (429). Retrying in 6s...
2026-01-13 15:05:40,764 - PolymarketIngestor - WARNING - Rate limited (429). Retrying in 6s...
2026-01-13 15:05:40,765 - PolymarketIngestor - WARNING - Rate limited (429). Retrying in 6s...
2026-01-13 15:05:40,770 - PolymarketIngestor - WARNING - Rate limited (429). Retrying in 6s...
2026-01-13 15:05:40,770 - PolymarketIngestor - WARNING - Rate limited (429). Retrying in 6s...
2026-01-13 15:05:40,771 - PolymarketIngestor - WARNING - Rate limited (429). Retrying in 6s...
2026-01-13 15:05:40,771 - PolymarketIngestor - WARNING - Rate limited (429). Retrying in 6s...
2026-01-13 15:05:40,771 - PolymarketIngestor - WARNING - Rate limited (429). Retrying in 6s...
2026-01-13 15:05:40,772 - PolymarketIngestor - WARNING - Rate limited (429). Retrying in 6s...
2026-01-13 15:05:40,772 - PolymarketIngestor - WARNING - Rate limited (429). Retrying in 6s...
2026-01-13 15:05:40,773 - PolymarketIngestor - WARNING - Rate limited (429). Retrying in 6s...
2026-01-13 15:05:40,773 - PolymarketIngestor - WARNING - Rate limited (429). Retrying in 6s...
2026-01-13 15:05:40,773 - PolymarketIngestor - WARNING - Rate limited (429). Retrying in 6s...
2026-01-13 15:05:40,777 - PolymarketIngestor - WARNING - Rate limited (429). Retrying in 6s...
2026-01-13 15:05:40,777 - PolymarketIngestor - WARNING - Rate limited (429). Retrying in 6s...
2026-01-13 15:05:40,777 - PolymarketIngestor - WARNING - Rate limited (429). Retrying in 6s...
2026-01-13 15:05:40,778 - PolymarketIngestor - WARNING - Rate limited (429). Retrying in 6s...
2026-01-13 15:05:40,778 - PolymarketIngestor - WARNING - Rate limited (429). Retrying in 6s...
2026-01-13 15:05:40,779 - PolymarketIngestor - WARNING - Rate limited (429). Retrying in 6s...
2026-01-13 15:05:40,779 - PolymarketIngestor - WARNING - Rate limited (429). Retrying in 6s...
2026-01-13 15:05:40,780 - PolymarketIngestor - WARNING - Rate limited (429). Retrying in 6s...
2026-01-13 15:05:40,781 - PolymarketIngestor - WARNING - Rate limited (429). Retrying in 6s...
2026-01-13 15:05:40,781 - PolymarketIngestor - WARNING - Rate limited (429). Retrying in 6s...
2026-01-13 15:05:40,781 - PolymarketIngestor - WARNING - Rate limited (429). Retrying in 6s...
2026-01-13 15:05:40,783 - PolymarketIngestor - WARNING - Rate limited (429). Retrying in 6s...
2026-01-13 15:05:40,783 - PolymarketIngestor - WARNING - Rate limited (429). Retrying in 6s...
2026-01-13 15:05:40,783 - PolymarketIngestor - WARNING - Rate limited (429). Retrying in 6s...
2026-01-13 15:05:40,783 - PolymarketIngestor - WARNING - Rate limited (429). Retrying in 6s...
2026-01-13 15:05:40,784 - PolymarketIngestor - WARNING - Rate limited (429). Retrying in 6s...
2026-01-13 15:05:40,784 - PolymarketIngestor - WARNING - Rate limited (429). Retrying in 6s...
2026-01-13 15:05:40,785 - PolymarketIngestor - WARNING - Rate limited (429). Retrying in 6s...
2026-01-13 15:05:40,785 - PolymarketIngestor - WARNING - Rate limited (429). Retrying in 6s...
2026-01-13 15:05:40,786 - PolymarketIngestor - WARNING - Rate limited (429). Retrying in 6s...
2026-01-13 15:05:40,787 - PolymarketIngestor - WARNING - Rate limited (429). Retrying in 6s...
2026-01-13 15:05:40,790 - PolymarketIngestor - WARNING - Rate limited (429). Retrying in 6s...
2026-01-13 15:05:40,792 - PolymarketIngestor - WARNING - Rate limited (429). Retrying in 6s...
2026-01-13 15:05:40,793 - PolymarketIngestor - WARNING - Rate limited (429). Retrying in 6s...
2026-01-13 15:05:40,793 - PolymarketIngestor - WARNING - Rate limited (429). Retrying in 6s...
2026-01-13 15:05:40,793 - PolymarketIngestor - WARNING - Rate limited (429). Retrying in 6s...
2026-01-13 15:05:40,793 - PolymarketIngestor - WARNING - Rate limited (429). Retrying in 6s...
2026-01-13 15:05:40,793 - PolymarketIngestor - WARNING - Rate limited (429). Retrying in 6s...
2026-01-13 15:05:40,794 - PolymarketIngestor - WARNING - Rate limited (429). Retrying in 6s...
2026-01-13 15:05:40,794 - PolymarketIngestor - WARNING - Rate limited (429). Retrying in 6s...
2026-01-13 15:05:40,794 - PolymarketIngestor - WARNING - Rate limited (429). Retrying in 6s...
2026-01-13 15:05:40,796 - PolymarketIngestor - WARNING - Rate limited (429). Retrying in 6s...
2026-01-13 15:05:40,796 - PolymarketIngestor - WARNING - Rate limited (429). Retrying in 6s...
2026-01-13 15:05:40,797 - PolymarketIngestor - WARNING - Rate limited (429). Retrying in 6s...
2026-01-13 15:05:40,797 - PolymarketIngestor - WARNING - Rate limited (429). Retrying in 6s...
2026-01-13 15:05:40,797 - PolymarketIngestor - WARNING - Rate limited (429). Retrying in 6s...
2026-01-13 15:05:40,799 - PolymarketIngestor - INFO - Successfully ingested 143 trades for: Lakers vs. Kings: O/U 229.5
2026-01-13 15:05:40,799 - PolymarketIngestor - WARNING - Rate limited (429). Retrying in 6s...
2026-01-13 15:05:40,799 - PolymarketIngestor - WARNING - Rate limited (429). Retrying in 6s...
2026-01-13 15:05:40,803 - PolymarketIngestor - WARNING - Rate limited (429). Retrying in 6s...
2026-01-13 15:05:40,806 - PolymarketIngestor - WARNING - Rate limited (429). Retrying in 6s...
2026-01-13 15:05:40,812 - PolymarketIngestor - WARNING - Rate limited (429). Retrying in 6s...
2026-01-13 15:05:40,812 - PolymarketIngestor - WARNING - Rate limited (429). Retrying in 2s...
2026-01-13 15:05:40,812 - PolymarketIngestor - WARNING - Rate limited (429). Retrying in 6s...
2026-01-13 15:05:40,812 - PolymarketIngestor - WARNING - Rate limited (429). Retrying in 6s...
2026-01-13 15:05:40,813 - PolymarketIngestor - WARNING - Rate limited (429). Retrying in 6s...
2026-01-13 15:05:40,815 - PolymarketIngestor - WARNING - Rate limited (429). Retrying in 6s...
2026-01-13 15:05:40,815 - PolymarketIngestor - WARNING - Rate limited (429). Retrying in 6s...
2026-01-13 15:05:40,817 - PolymarketIngestor - WARNING - Rate limited (429). Retrying in 6s...
2026-01-13 15:05:40,817 - PolymarketIngestor - WARNING - Rate limited (429). Retrying in 6s...
2026-01-13 15:05:40,817 - PolymarketIngestor - WARNING - Rate limited (429). Retrying in 6s...
2026-01-13 15:05:40,820 - PolymarketIngestor - WARNING - Rate limited (429). Retrying in 6s...
2026-01-13 15:05:40,820 - PolymarketIngestor - WARNING - Rate limited (429). Retrying in 6s...
2026-01-13 15:05:40,820 - PolymarketIngestor - WARNING - Rate limited (429). Retrying in 6s...
2026-01-13 15:05:40,820 - PolymarketIngestor - WARNING - Rate limited (429). Retrying in 6s...
2026-01-13 15:05:40,824 - PolymarketIngestor - WARNING - Rate limited (429). Retrying in 6s...
2026-01-13 15:05:40,826 - PolymarketIngestor - WARNING - Rate limited (429). Retrying in 6s...
2026-01-13 15:05:40,833 - PolymarketIngestor - WARNING - Rate limited (429). Retrying in 6s...
2026-01-13 15:05:40,836 - PolymarketIngestor - WARNING - Rate limited (429). Retrying in 6s...
2026-01-13 15:05:40,837 - PolymarketIngestor - WARNING - Rate limited (429). Retrying in 6s...
2026-01-13 15:05:40,837 - PolymarketIngestor - WARNING - Rate limited (429). Retrying in 6s...
2026-01-13 15:05:40,839 - PolymarketIngestor - WARNING - Rate limited (429). Retrying in 6s...
2026-01-13 15:05:40,842 - PolymarketIngestor - WARNING - Rate limited (429). Retrying in 6s...
2026-01-13 15:05:40,845 - PolymarketIngestor - WARNING - Rate limited (429). Retrying in 6s...
2026-01-13 15:05:40,846 - PolymarketIngestor - WARNING - Rate limited (429). Retrying in 6s...
2026-01-13 15:05:40,862 - PolymarketIngestor - WARNING - Rate limited (429). Retrying in 6s...
2026-01-13 15:05:40,866 - PolymarketIngestor - WARNING - Rate limited (429). Retrying in 6s...
2026-01-13 15:05:40,871 - PolymarketIngestor - WARNING - Rate limited (429). Retrying in 6s...
2026-01-13 15:05:40,872 - PolymarketIngestor - WARNING - Rate limited (429). Retrying in 6s...
2026-01-13 15:05:40,874 - PolymarketIngestor - WARNING - Rate limited (429). Retrying in 2s...
2026-01-13 15:05:40,878 - PolymarketIngestor - WARNING - Rate limited (429). Retrying in 6s...
2026-01-13 15:05:40,884 - PolymarketIngestor - WARNING - Rate limited (429). Retrying in 6s...
2026-01-13 15:05:40,884 - PolymarketIngestor - WARNING - Rate limited (429). Retrying in 2s...
2026-01-13 15:05:40,900 - PolymarketIngestor - WARNING - Rate limited (429). Retrying in 6s...
2026-01-13 15:05:40,900 - PolymarketIngestor - WARNING - Rate limited (429). Retrying in 2s...
2026-01-13 15:05:40,900 - PolymarketIngestor - WARNING - Rate limited (429). Retrying in 6s...
2026-01-13 15:05:40,907 - PolymarketIngestor - WARNING - Rate limited (429). Retrying in 2s...
2026-01-13 15:05:40,911 - PolymarketIngestor - WARNING - Rate limited (429). Retrying in 6s...
2026-01-13 15:05:40,914 - PolymarketIngestor - WARNING - Rate limited (429). Retrying in 2s...
2026-01-13 15:05:40,915 - PolymarketIngestor - WARNING - Rate limited (429). Retrying in 6s...
2026-01-13 15:05:40,921 - PolymarketIngestor - WARNING - Rate limited (429). Retrying in 6s...
2026-01-13 15:05:40,931 - PolymarketIngestor - WARNING - Rate limited (429). Retrying in 2s...
2026-01-13 15:05:40,938 - PolymarketIngestor - WARNING - Rate limited (429). Retrying in 2s...
2026-01-13 15:05:40,941 - PolymarketIngestor - WARNING - Rate limited (429). Retrying in 6s...
2026-01-13 15:05:40,964 - PolymarketIngestor - WARNING - Rate limited (429). Retrying in 2s...
2026-01-13 15:05:40,973 - PolymarketIngestor - WARNING - Rate limited (429). Retrying in 6s...
2026-01-13 15:05:41,062 - PolymarketIngestor - WARNING - Rate limited (429). Retrying in 2s...
2026-01-13 15:05:41,089 - PolymarketIngestor - WARNING - Rate limited (429). Retrying in 6s...
2026-01-13 15:05:41,127 - PolymarketIngestor - WARNING - Rate limited (429). Retrying in 6s...
2026-01-13 15:05:41,152 - PolymarketIngestor - WARNING - Rate limited (429). Retrying in 6s...
2026-01-13 15:05:41,192 - PolymarketIngestor - WARNING - Rate limited (429). Retrying in 2s...
2026-01-13 15:05:41,198 - PolymarketIngestor - WARNING - Rate limited (429). Retrying in 6s...
2026-01-13 15:05:41,207 - PolymarketIngestor - WARNING - Rate limited (429). Retrying in 2s...
2026-01-13 15:05:41,539 - PolymarketIngestor - WARNING - Rate limited (429). Retrying in 2s...
2026-01-13 15:05:41,587 - PolymarketIngestor - WARNING - Rate limited (429). Retrying in 2s...
2026-01-13 15:05:41,647 - PolymarketIngestor - WARNING - Rate limited (429). Retrying in 2s...
2026-01-13 15:05:41,681 - PolymarketIngestor - WARNING - Rate limited (429). Retrying in 6s...
2026-01-13 15:05:41,682 - PolymarketIngestor - WARNING - Rate limited (429). Retrying in 2s...
2026-01-13 15:05:41,802 - PolymarketIngestor - WARNING - Rate limited (429). Retrying in 2s...
2026-01-13 15:05:41,980 - PolymarketIngestor - WARNING - Rate limited (429). Retrying in 2s...
2026-01-13 15:05:42,520 - PolymarketIngestor - WARNING - Rate limited (429). Retrying in 2s...
2026-01-13 15:05:42,947 - PolymarketIngestor - WARNING - Rate limited (429). Retrying in 2s...
2026-01-13 15:05:42,948 - PolymarketIngestor - WARNING - Rate limited (429). Retrying in 4s...
2026-01-13 15:05:42,950 - PolymarketIngestor - WARNING - Rate limited (429). Retrying in 4s...
2026-01-13 15:05:42,954 - PolymarketIngestor - WARNING - Rate limited (429). Retrying in 2s...
2026-01-13 15:05:42,987 - PolymarketIngestor - WARNING - Rate limited (429). Retrying in 4s...
2026-01-13 15:05:43,005 - PolymarketIngestor - WARNING - Rate limited (429). Retrying in 4s...
2026-01-13 15:05:43,075 - PolymarketIngestor - WARNING - Rate limited (429). Retrying in 2s...
2026-01-13 15:05:43,093 - PolymarketIngestor - WARNING - Rate limited (429). Retrying in 2s...
2026-01-13 15:05:43,161 - PolymarketIngestor - INFO - Successfully ingested 153 trades for: 76ers vs. Raptors: O/U 219.5
2026-01-13 15:05:43,164 - PolymarketIngestor - WARNING - Rate limited (429). Retrying in 2s...
2026-01-13 15:05:43,301 - PolymarketIngestor - WARNING - Rate limited (429). Retrying in 2s...
2026-01-13 15:05:43,620 - PolymarketIngestor - WARNING - Rate limited (429). Retrying in 2s...
2026-01-13 15:05:43,630 - PolymarketIngestor - WARNING - Rate limited (429). Retrying in 2s...
2026-01-13 15:05:43,630 - PolymarketIngestor - WARNING - Rate limited (429). Retrying in 4s...
2026-01-13 15:05:43,727 - PolymarketIngestor - WARNING - Rate limited (429). Retrying in 2s...
2026-01-13 15:05:43,738 - PolymarketIngestor - WARNING - Rate limited (429). Retrying in 4s...
2026-01-13 15:05:43,846 - PolymarketIngestor - WARNING - Rate limited (429). Retrying in 4s...
2026-01-13 15:05:43,854 - PolymarketIngestor - WARNING - Rate limited (429). Retrying in 2s...
2026-01-13 15:05:43,868 - PolymarketIngestor - WARNING - Rate limited (429). Retrying in 2s...
2026-01-13 15:05:45,343 - PolymarketIngestor - WARNING - Rate limited (429). Retrying in 4s...
2026-01-13 15:05:45,346 - PolymarketIngestor - WARNING - Rate limited (429). Retrying in 2s...
2026-01-13 15:05:45,367 - PolymarketIngestor - WARNING - Rate limited (429). Retrying in 2s...
2026-01-13 15:05:45,380 - PolymarketIngestor - WARNING - Rate limited (429). Retrying in 2s...
2026-01-13 15:05:45,532 - PolymarketIngestor - WARNING - Rate limited (429). Retrying in 2s...
2026-01-13 15:05:45,613 - PolymarketIngestor - WARNING - Rate limited (429). Retrying in 2s...
2026-01-13 15:05:45,625 - PolymarketIngestor - WARNING - Rate limited (429). Retrying in 2s...
2026-01-13 15:05:45,787 - PolymarketIngestor - WARNING - Rate limited (429). Retrying in 2s...
2026-01-13 15:05:45,806 - PolymarketIngestor - WARNING - Rate limited (429). Retrying in 2s...
2026-01-13 15:05:45,847 - PolymarketIngestor - WARNING - Rate limited (429). Retrying in 2s...
2026-01-13 15:05:45,920 - PolymarketIngestor - WARNING - Rate limited (429). Retrying in 4s...
2026-01-13 15:05:46,688 - PolymarketIngestor - INFO - Successfully ingested 345 trades for: Spread: North Carolina Central Eagles (-2.5)
2026-01-13 15:05:46,692 - PolymarketIngestor - INFO - Successfully ingested 189 trades for: XRP Up or Down - January 13, 2:45PM-3:00PM ET
2026-01-13 15:05:46,706 - PolymarketIngestor - INFO - Successfully ingested 116 trades for: Solana Up or Down - January 13, 11:30AM-11:45AM ET
2026-01-13 15:05:46,707 - PolymarketIngestor - INFO - Successfully ingested 0 trades for: Solana Up or Down - January 13, 9:15AM-9:30AM ET
2026-01-13 15:05:46,707 - PolymarketIngestor - INFO - Successfully ingested 0 trades for: Solana Up or Down - January 13, 9:45AM-10:00AM ET
2026-01-13 15:05:46,707 - PolymarketIngestor - INFO - Successfully ingested 0 trades for: Bitcoin Up or Down - January 13, 8:30AM-8:45AM ET
2026-01-13 15:05:46,707 - PolymarketIngestor - INFO - Successfully ingested 0 trades for: XRP Up or Down - January 13, 9:15AM-9:30AM ET
2026-01-13 15:05:46,707 - PolymarketIngestor - INFO - Successfully ingested 0 trades for: Ethereum Up or Down - January 13, 9:45AM-10:00AM E
2026-01-13 15:05:46,707 - PolymarketIngestor - INFO - Successfully ingested 125 trades for: Bitcoin Up or Down - January 13, 2:45PM-3:00PM ET
2026-01-13 15:05:46,707 - PolymarketIngestor - INFO - Successfully ingested 50 trades for: Hornets vs. Clippers: O/U 222.5
2026-01-13 15:05:46,707 - PolymarketIngestor - INFO - Successfully ingested 79 trades for: Ethereum Up or Down - January 13, 11:00AM-11:15AM 
2026-01-13 15:05:46,717 - PolymarketIngestor - INFO - Successfully ingested 0 trades for: Solana Up or Down - January 13, 9:00AM-9:15AM ET
2026-01-13 15:05:46,717 - PolymarketIngestor - INFO - Successfully ingested 105 trades for: Ethereum Up or Down - January 13, 2:15PM-2:30PM ET
2026-01-13 15:05:46,717 - PolymarketIngestor - INFO - Successfully ingested 0 trades for: Bitcoin Up or Down - January 13, 9:30AM-9:45AM ET
2026-01-13 15:05:46,718 - PolymarketIngestor - INFO - Successfully ingested 100 trades for: Counter-Strike: Acend vs Bushido Wildcats (BO3)
2026-01-13 15:05:46,718 - PolymarketIngestor - INFO - Successfully ingested 0 trades for: XRP Up or Down - January 13, 8:30AM-8:45AM ET
2026-01-13 15:05:46,718 - PolymarketIngestor - INFO - Successfully ingested 150 trades for: Bitcoin Up or Down - January 13, 12:00PM-12:15PM E
2026-01-13 15:05:46,718 - PolymarketIngestor - INFO - Successfully ingested 116 trades for: Ethereum Up or Down - January 13, 2:30PM-2:45PM ET
2026-01-13 15:05:46,718 - PolymarketIngestor - INFO - Successfully ingested 0 trades for: Solana Up or Down - January 13, 8:45AM-9:00AM ET
2026-01-13 15:05:46,718 - PolymarketIngestor - INFO - Successfully ingested 150 trades for: Bitcoin Up or Down - January 13, 12:30PM-12:45PM E
2026-01-13 15:05:46,724 - PolymarketIngestor - INFO - Successfully ingested 150 trades for: Spread: Southeastern Louisiana Lions (-2.5)
2026-01-13 15:05:46,724 - PolymarketIngestor - INFO - Successfully ingested 150 trades for: Counter-Strike: illwill vs MASONIC (BO3)
2026-01-13 15:05:46,724 - PolymarketIngestor - INFO - Successfully ingested 50 trades for: Nets vs. Mavericks: O/U 219.5
2026-01-13 15:05:46,724 - PolymarketIngestor - INFO - Successfully ingested 0 trades for: Bitcoin Up or Down - January 13, 8:45AM-9:00AM ET
2026-01-13 15:05:46,724 - PolymarketIngestor - INFO - Successfully ingested 0 trades for: Ethereum Up or Down - January 13, 9:00AM-9:15AM ET
2026-01-13 15:05:46,724 - PolymarketIngestor - INFO - Successfully ingested 50 trades for: Bitcoin Up or Down - January 13, 2:00PM-2:15PM ET
2026-01-13 15:05:46,725 - PolymarketIngestor - INFO - Successfully ingested 0 trades for: Ethereum Up or Down - January 13, 8:15AM-8:30AM ET
2026-01-13 15:05:46,725 - PolymarketIngestor - INFO - Successfully ingested 100 trades for: LoL: DRX Challengers vs Hanwha Life Esports Challe
2026-01-13 15:05:46,725 - PolymarketIngestor - INFO - Successfully ingested 0 trades for: Ethereum Up or Down - January 13, 8:30AM-8:45AM ET
2026-01-13 15:05:46,725 - PolymarketIngestor - INFO - Successfully ingested 0 trades for: Bitcoin Up or Down - January 13, 9:00AM-9:15AM ET
2026-01-13 15:05:46,725 - PolymarketIngestor - INFO - Successfully ingested 0 trades for: Bitcoin Up or Down - January 13, 9:15AM-9:30AM ET
2026-01-13 15:05:46,725 - PolymarketIngestor - INFO - Successfully ingested 0 trades for: Ethereum Up or Down - January 13, 8:45AM-9:00AM ET
2026-01-13 15:05:46,739 - PolymarketIngestor - INFO - Successfully ingested 0 trades for: Bitcoin Up or Down - January 13, 8:00AM-8:15AM ET
2026-01-13 15:05:46,739 - PolymarketIngestor - INFO - Successfully ingested 57 trades for: Solana Up or Down - January 13, 12:00PM-12:15PM ET
2026-01-13 15:05:46,739 - PolymarketIngestor - INFO - Successfully ingested 0 trades for: Bitcoin Up or Down - January 13, 7:15AM-7:30AM ET
2026-01-13 15:05:46,740 - PolymarketIngestor - INFO - Successfully ingested 158 trades for: XRP Up or Down - January 13, 11:30AM-11:45AM ET
2026-01-13 15:05:46,740 - PolymarketIngestor - INFO - Successfully ingested 50 trades for: Jazz vs. Cavaliers: O/U 248.5
2026-01-13 15:05:46,740 - PolymarketIngestor - INFO - Successfully ingested 50 trades for: Jackson State Tigers vs. Alabama A&M Bulldogs: O/U
2026-01-13 15:05:46,740 - PolymarketIngestor - INFO - Successfully ingested 0 trades for: Ethereum Up or Down - January 13, 7:30AM-7:45AM ET
2026-01-13 15:05:46,740 - PolymarketIngestor - INFO - Successfully ingested 0 trades for: XRP Up or Down - January 13, 7:45AM-8:00AM ET
2026-01-13 15:05:46,740 - PolymarketIngestor - INFO - Successfully ingested 0 trades for: Solana Up or Down - January 13, 8:15AM-8:30AM ET
2026-01-13 15:05:46,740 - PolymarketIngestor - INFO - Successfully ingested 0 trades for: Solana Up or Down - January 13, 8:30AM-8:45AM ET
2026-01-13 15:05:46,741 - PolymarketIngestor - INFO - Successfully ingested 0 trades for: Solana Up or Down - January 13, 8:00AM-8:15AM ET
2026-01-13 15:05:46,741 - PolymarketIngestor - INFO - Successfully ingested 128 trades for: Bitcoin Up or Down - January 13, 3:15PM-3:30PM ET
2026-01-13 15:05:46,741 - PolymarketIngestor - INFO - Successfully ingested 0 trades for: Celtics vs. Pacers: O/U 225.5
2026-01-13 15:05:46,741 - PolymarketIngestor - INFO - Successfully ingested 0 trades for: Ethereum Up or Down - January 13, 9:30AM-9:45AM ET
2026-01-13 15:05:46,754 - PolymarketIngestor - INFO - Successfully ingested 115 trades for: Solana Up or Down - January 13, 1:00PM-1:15PM ET
2026-01-13 15:05:46,754 - PolymarketIngestor - INFO - Successfully ingested 0 trades for: XRP Up or Down - January 13, 6:30AM-6:45AM ET
2026-01-13 15:05:46,754 - PolymarketIngestor - INFO - Successfully ingested 0 trades for: Ethereum Up or Down - January 13, 9:15AM-9:30AM ET
2026-01-13 15:05:46,755 - PolymarketIngestor - INFO - Successfully ingested 0 trades for: XRP Up or Down - January 13, 8:00AM-8:15AM ET
2026-01-13 15:05:46,755 - PolymarketIngestor - INFO - Successfully ingested 0 trades for: Bitcoin Up or Down - January 13, 6:30AM-6:45AM ET
2026-01-13 15:05:46,755 - PolymarketIngestor - INFO - Successfully ingested 0 trades for: Bitcoin Up or Down - January 13, 8:15AM-8:30AM ET
2026-01-13 15:05:46,755 - PolymarketIngestor - INFO - Successfully ingested 0 trades for: Ethereum Up or Down - January 13, 6:00AM-6:15AM ET
2026-01-13 15:05:46,755 - PolymarketIngestor - INFO - Successfully ingested 0 trades for: Solana Up or Down - January 13, 7:15AM-7:30AM ET
2026-01-13 15:05:46,755 - PolymarketIngestor - INFO - Successfully ingested 0 trades for: XRP Up or Down - January 13, 6:45AM-7:00AM ET
2026-01-13 15:05:46,755 - PolymarketIngestor - INFO - Successfully ingested 0 trades for: Ethereum Up or Down - January 13, 6:45AM-7:00AM ET
2026-01-13 15:05:46,756 - PolymarketIngestor - INFO - Successfully ingested 158 trades for: Solana Up or Down - January 13, 3:00PM-3:15PM ET
2026-01-13 15:05:46,756 - PolymarketIngestor - INFO - Successfully ingested 0 trades for: Ethereum Up or Down - January 13, 7:45AM-8:00AM ET
2026-01-13 15:05:46,756 - PolymarketIngestor - INFO - Successfully ingested 0 trades for: Ethereum Up or Down - January 13, 8:00AM-8:15AM ET
2026-01-13 15:05:46,756 - PolymarketIngestor - INFO - Successfully ingested 0 trades for: XRP Up or Down - January 13, 7:00AM-7:15AM ET
2026-01-13 15:05:46,756 - PolymarketIngestor - INFO - Successfully ingested 0 trades for: Solana Up or Down - January 13, 7:30AM-7:45AM ET
2026-01-13 15:05:46,756 - PolymarketIngestor - INFO - Successfully ingested 102 trades for: Solana Up or Down - January 13, 12:45PM-1:00PM ET
2026-01-13 15:05:46,757 - PolymarketIngestor - INFO - Successfully ingested 59 trades for: Bitcoin Up or Down - January 13, 2:30PM-2:45PM ET
2026-01-13 15:05:46,757 - PolymarketIngestor - INFO - Successfully ingested 0 trades for: XRP Up or Down - January 13, 6:15AM-6:30AM ET
2026-01-13 15:05:46,769 - PolymarketIngestor - INFO - Successfully ingested 0 trades for: Adelaide International: Andrea Vavassori vs Gabrie
2026-01-13 15:05:46,769 - PolymarketIngestor - INFO - Successfully ingested 0 trades for: Bitcoin Up or Down - January 13, 7:00AM-7:15AM ET
2026-01-13 15:05:46,770 - PolymarketIngestor - INFO - Successfully ingested 215 trades for: Bitcoin Up or Down - January 13, 3:30PM-3:45PM ET
2026-01-13 15:05:46,770 - PolymarketIngestor - INFO - Successfully ingested 0 trades for: Solana Up or Down - January 13, 6:00AM-6:15AM ET
2026-01-13 15:05:46,770 - PolymarketIngestor - INFO - Successfully ingested 100 trades for: Dota 2: Nemiga Gaming vs Inner Circle (BO1)
2026-01-13 15:05:46,770 - PolymarketIngestor - INFO - Successfully ingested 0 trades for: Solana Up or Down - January 13, 6:45AM-7:00AM ET
2026-01-13 15:05:46,770 - PolymarketIngestor - INFO - Successfully ingested 0 trades for: Ethereum Up or Down - January 13, 6:15AM-6:30AM ET
2026-01-13 15:05:46,771 - PolymarketIngestor - INFO - Successfully ingested 101 trades for: Solana Up or Down - January 13, 1:30PM-1:45PM ET
2026-01-13 15:05:46,771 - PolymarketIngestor - INFO - Successfully ingested 118 trades for: Solana Up or Down - January 13, 3:15PM-3:30PM ET
2026-01-13 15:05:46,771 - PolymarketIngestor - INFO - Successfully ingested 0 trades for: Bitcoin Up or Down - January 13, 7:30AM-7:45AM ET
2026-01-13 15:05:46,771 - PolymarketIngestor - INFO - Successfully ingested 0 trades for: Bitcoin Up or Down - January 13, 7:45AM-8:00AM ET
2026-01-13 15:05:46,771 - PolymarketIngestor - INFO - Successfully ingested 135 trades for: Ethereum Up or Down - January 13, 3:45PM-4:00PM ET
2026-01-13 15:05:46,771 - PolymarketIngestor - INFO - Successfully ingested 0 trades for: Bitcoin Up or Down - January 13, 6:15AM-6:30AM ET
2026-01-13 15:05:46,772 - PolymarketIngestor - INFO - Successfully ingested 52 trades for: XRP Up or Down - January 13, 10:30AM-10:45AM ET
2026-01-13 15:05:46,772 - PolymarketIngestor - INFO - Successfully ingested 0 trades for: Bitcoin Up or Down - January 13, 5:30AM-5:45AM ET
2026-01-13 15:05:46,774 - PolymarketIngestor - INFO - Successfully ingested 150 trades for: LoL: DRX Challengers vs Hanwha Life Esports Challe
2026-01-13 15:05:46,774 - PolymarketIngestor - INFO - Successfully ingested 0 trades for: Solana Up or Down - January 13, 5:45AM-6:00AM ET
2026-01-13 15:05:46,774 - PolymarketIngestor - INFO - Successfully ingested 0 trades for: Adelaide International: Mirra Andreeva vs Marie Bo
2026-01-13 15:05:46,774 - PolymarketIngestor - INFO - Successfully ingested 0 trades for: Solana Up or Down - January 13, 6:30AM-6:45AM ET
2026-01-13 15:05:46,775 - PolymarketIngestor - INFO - Successfully ingested 50 trades for: Adelaide International: Katerina Siniakova vs Daya
2026-01-13 15:05:46,782 - PolymarketIngestor - INFO - Successfully ingested 107 trades for: Solana Up or Down - January 13, 2:45PM-3:00PM ET
2026-01-13 15:05:46,782 - PolymarketIngestor - INFO - Successfully ingested 0 trades for: Ethereum Up or Down - January 13, 7:00AM-7:15AM ET
2026-01-13 15:05:46,783 - PolymarketIngestor - INFO - Successfully ingested 0 trades for: Bitcoin Up or Down - January 13, 5:45AM-6:00AM ET
2026-01-13 15:05:46,783 - PolymarketIngestor - INFO - Successfully ingested 0 trades for: Solana Up or Down - January 13, 6:15AM-6:30AM ET
2026-01-13 15:05:46,783 - PolymarketIngestor - INFO - Successfully ingested 0 trades for: Bitcoin Up or Down - January 13, 6:00AM-6:15AM ET
2026-01-13 15:05:46,783 - PolymarketIngestor - INFO - Successfully ingested 0 trades for: Ethereum Up or Down - January 13, 5:00AM-5:15AM ET
2026-01-13 15:05:46,783 - PolymarketIngestor - INFO - Successfully ingested 0 trades for: Solana Up or Down - January 13, 5:30AM-5:45AM ET
2026-01-13 15:05:46,783 - PolymarketIngestor - INFO - Successfully ingested 0 trades for: Adelaide International: Jacob Fearnley vs Quentin 
2026-01-13 15:05:46,783 - PolymarketIngestor - INFO - Successfully ingested 56 trades for: Bitcoin Up or Down - January 13, 1:00PM-1:15PM ET
2026-01-13 15:05:46,783 - PolymarketIngestor - INFO - Successfully ingested 0 trades for: XRP Up or Down - January 13, 4:45AM-5:00AM ET
2026-01-13 15:05:46,783 - PolymarketIngestor - INFO - Successfully ingested 0 trades for: Ethereum Up or Down - January 13, 5:15AM-5:30AM ET
2026-01-13 15:05:46,784 - PolymarketIngestor - INFO - Successfully ingested 100 trades for: Dota 2:  Pipsqueak+4 vs OQ Enjoyers (BO3)
2026-01-13 15:05:46,784 - PolymarketIngestor - INFO - Successfully ingested 0 trades for: Solana Up or Down - January 13, 5:00AM-5:15AM ET
2026-01-13 15:05:46,784 - PolymarketIngestor - INFO - Successfully ingested 0 trades for: Solana Up or Down - January 13, 4:30AM-4:45AM ET
2026-01-13 15:05:46,784 - PolymarketIngestor - INFO - Successfully ingested 0 trades for: Ethereum Up or Down - January 13, 4:45AM-5:00AM ET
2026-01-13 15:05:46,800 - PolymarketIngestor - INFO - Successfully ingested 150 trades for: Ethereum Up or Down - January 13, 12:00PM-12:15PM 
2026-01-13 15:05:46,800 - PolymarketIngestor - INFO - Successfully ingested 160 trades for: Bitcoin Up or Down - January 13, 12:45PM-1:00PM ET
2026-01-13 15:05:46,800 - PolymarketIngestor - INFO - Successfully ingested 0 trades for: Bitcoin Up or Down - January 13, 8:00AM-12:00PM ET
2026-01-13 15:05:46,800 - PolymarketIngestor - INFO - Successfully ingested 0 trades for: Bitcoin Up or Down - January 13, 6:45AM-7:00AM ET
2026-01-13 15:05:46,800 - PolymarketIngestor - INFO - Successfully ingested 105 trades for: XRP Up or Down - January 13, 3:00PM-3:15PM ET
2026-01-13 15:05:46,801 - PolymarketIngestor - INFO - Successfully ingested 0 trades for: Ethereum Up or Down - January 13, 5:30AM-5:45AM ET
2026-01-13 15:05:46,801 - PolymarketIngestor - INFO - Successfully ingested 0 trades for: Ethereum Up or Down - January 13, 5:45AM-6:00AM ET
2026-01-13 15:05:46,801 - PolymarketIngestor - INFO - Successfully ingested 50 trades for: Bitcoin Up or Down - January 13, 12:00PM-4:00PM ET
2026-01-13 15:05:46,801 - PolymarketIngestor - INFO - Successfully ingested 107 trades for: Ethereum Up or Down - January 13, 1:30PM-1:45PM ET
2026-01-13 15:05:46,801 - PolymarketIngestor - INFO - Successfully ingested 0 trades for: Solana Up or Down - January 13, 5:15AM-5:30AM ET
2026-01-13 15:05:46,801 - PolymarketIngestor - INFO - Successfully ingested 0 trades for: Bitcoin Up or Down - January 13, 4:30AM-4:45AM ET
2026-01-13 15:05:46,801 - PolymarketIngestor - INFO - Successfully ingested 51 trades for: XRP Up or Down - January 13, 12:45PM-1:00PM ET
2026-01-13 15:05:46,801 - PolymarketIngestor - INFO - Successfully ingested 109 trades for: Ethereum Up or Down - January 13, 3:30PM-3:45PM ET
2026-01-13 15:05:46,801 - PolymarketIngestor - INFO - Successfully ingested 54 trades for: Solana Up or Down - January 13, 10:45AM-11:00AM ET
2026-01-13 15:05:46,801 - PolymarketIngestor - INFO - Successfully ingested 101 trades for: Solana Up or Down - January 13, 12:30PM-12:45PM ET
2026-01-13 15:05:46,801 - PolymarketIngestor - INFO - Successfully ingested 100 trades for: Jackson State Tigers vs. Alabama A&M Bulldogs: O/U
2026-01-13 15:05:46,802 - PolymarketIngestor - INFO - Successfully ingested 106 trades for: Solana Up or Down - January 13, 11:15AM-11:30AM ET
2026-01-13 15:05:46,802 - PolymarketIngestor - INFO - Successfully ingested 0 trades for: XRP Up or Down - January 13, 5:00AM-5:15AM ET
2026-01-13 15:05:46,802 - PolymarketIngestor - INFO - Successfully ingested 0 trades for: Ethereum Up or Down - January 13, 4:30AM-4:45AM ET
2026-01-13 15:05:46,802 - PolymarketIngestor - INFO - Successfully ingested 0 trades for: Bitcoin Up or Down - January 13, 5:15AM-5:30AM ET
2026-01-13 15:05:46,802 - PolymarketIngestor - INFO - Successfully ingested 0 trades for: Ethereum Up or Down - January 13, 6:30AM-6:45AM ET
2026-01-13 15:05:46,802 - PolymarketIngestor - INFO - Successfully ingested 0 trades for: Bitcoin Up or Down - January 13, 4:45AM-5:00AM ET
2026-01-13 15:05:46,802 - PolymarketIngestor - INFO - Successfully ingested 0 trades for: Ethereum Up or Down - January 13, 7:15AM-7:30AM ET
2026-01-13 15:05:46,804 - PolymarketIngestor - INFO - Successfully ingested 0 trades for: Adelaide International: Stefanos Tsitsipas vs Alek
2026-01-13 15:05:46,815 - PolymarketIngestor - INFO - Successfully ingested 0 trades for: Solana Up or Down - January 13, 4:45AM-5:00AM ET
2026-01-13 15:05:46,815 - PolymarketIngestor - INFO - Successfully ingested 0 trades for: XRP Up or Down - January 13, 5:30AM-5:45AM ET
2026-01-13 15:05:46,816 - PolymarketIngestor - INFO - Successfully ingested 115 trades for: XRP Up or Down - January 13, 3:45PM-4:00PM ET
2026-01-13 15:05:46,816 - PolymarketIngestor - INFO - Successfully ingested 0 trades for: Solana Up or Down - January 13, 7:45AM-8:00AM ET
2026-01-13 15:05:46,816 - PolymarketIngestor - INFO - Successfully ingested 150 trades for: Spread: Norfolk State Spartans (-5.5)
2026-01-13 15:05:46,816 - PolymarketIngestor - INFO - Successfully ingested 54 trades for: Ethereum Up or Down - January 13, 2:45PM-3:00PM ET
2026-01-13 15:05:46,816 - PolymarketIngestor - INFO - Successfully ingested 0 trades for: XRP Up or Down - January 13, 4:30AM-4:45AM ET
2026-01-13 15:05:46,831 - PolymarketIngestor - INFO - Successfully ingested 50 trades for: Ethereum Up or Down - January 13, 11:45AM-12:00PM 
2026-01-13 15:05:46,831 - PolymarketIngestor - INFO - Successfully ingested 50 trades for: Ethereum Up or Down - January 13, 12:45PM-1:00PM E
2026-01-13 15:05:46,831 - PolymarketIngestor - INFO - Successfully ingested 100 trades for: Counter-Strike: Bushido Wildcats vs ALGO Esports (
2026-01-13 15:05:46,831 - PolymarketIngestor - INFO - Successfully ingested 108 trades for: XRP Up or Down - January 13, 3:15PM-3:30PM ET
2026-01-13 15:05:46,832 - PolymarketIngestor - INFO - Successfully ingested 0 trades for: Solana Up or Down - January 13, 7:00AM-7:15AM ET
2026-01-13 15:05:46,832 - PolymarketIngestor - INFO - Successfully ingested 0 trades for: Bitcoin Up or Down - January 13, 5:00AM-5:15AM ET
2026-01-13 15:05:46,832 - PolymarketIngestor - INFO - Successfully ingested 91 trades for: Ethereum Up or Down - January 13, 10:00AM-10:15AM 
2026-01-13 15:05:46,832 - PolymarketIngestor - INFO - Successfully ingested 150 trades for: LoL: DRX Challengers vs Hanwha Life Esports Challe
2026-01-13 15:05:46,832 - PolymarketIngestor - INFO - Successfully ingested 151 trades for: XRP Up or Down - January 13, 11:15AM-11:30AM ET
2026-01-13 15:05:46,847 - PolymarketIngestor - INFO - Successfully ingested 50 trades for: Bitcoin Up or Down - January 13, 10:15AM-10:30AM E
2026-01-13 15:05:46,847 - PolymarketIngestor - INFO - Successfully ingested 172 trades for: Ethereum Up or Down - January 13, 3:00PM-3:15PM ET
2026-01-13 15:05:46,848 - PolymarketIngestor - INFO - Successfully ingested 61 trades for: XRP Up or Down - January 13, 1:00PM-1:15PM ET
2026-01-13 15:05:46,848 - PolymarketIngestor - INFO - Successfully ingested 181 trades for: XRP Up or Down - January 13, 2:15PM-2:30PM ET
2026-01-13 15:05:46,848 - PolymarketIngestor - INFO - Successfully ingested 53 trades for: XRP Up or Down - January 13, 11:45AM-12:00PM ET
2026-01-13 15:05:46,848 - PolymarketIngestor - INFO - Successfully ingested 150 trades for: Dota 2: PlayTime vs Jackky and friends (BO3)
2026-01-13 15:05:46,848 - PolymarketIngestor - INFO - Successfully ingested 100 trades for: Spread: South Carolina State Bulldogs (-1.5)
2026-01-13 15:05:46,848 - PolymarketIngestor - INFO - Successfully ingested 157 trades for: Solana Up or Down - January 13, 11:45AM-12:00PM ET
2026-01-13 15:05:46,877 - PolymarketIngestor - INFO - Successfully ingested 0 trades for: Solana Up or Down - January 13, 9:30AM-9:45AM ET
2026-01-13 15:05:46,878 - PolymarketIngestor - INFO - Successfully ingested 53 trades for: Solana Up or Down - January 13, 2:15PM-2:30PM ET
2026-01-13 15:05:46,878 - PolymarketIngestor - INFO - Successfully ingested 62 trades for: Ethereum Up or Down - January 13, 1:15PM-1:30PM ET
2026-01-13 15:05:46,878 - PolymarketIngestor - INFO - Successfully ingested 106 trades for: XRP Up or Down - January 13, 12:15PM-12:30PM ET
2026-01-13 15:05:46,893 - PolymarketIngestor - INFO - Successfully ingested 61 trades for: Bitcoin Up or Down - January 13, 10:30AM-10:45AM E
2026-01-13 15:05:46,893 - PolymarketIngestor - INFO - Successfully ingested 130 trades for: Ethereum Up or Down - January 13, 2:00PM-2:15PM ET
2026-01-13 15:05:46,909 - PolymarketIngestor - INFO - Successfully ingested 100 trades for: Adelaide International: Damir Dzumhur vs Alexander
2026-01-13 15:05:46,909 - PolymarketIngestor - INFO - Successfully ingested 104 trades for: XRP Up or Down - January 13, 11:00AM-11:15AM ET
2026-01-13 15:05:46,916 - PolymarketIngestor - INFO - Successfully ingested 107 trades for: XRP Up or Down - January 13, 1:15PM-1:30PM ET
2026-01-13 15:05:46,916 - PolymarketIngestor - INFO - Successfully ingested 112 trades for: Ethereum Up or Down - January 13, 3:15PM-3:30PM ET
2026-01-13 15:05:46,925 - PolymarketIngestor - INFO - Successfully ingested 102 trades for: Solana Up or Down - January 13, 10:30AM-10:45AM ET
2026-01-13 15:05:46,955 - PolymarketIngestor - INFO - Successfully ingested 110 trades for: Solana Up or Down - January 13, 11:00AM-11:15AM ET
2026-01-13 15:05:46,982 - PolymarketIngestor - WARNING - Rate limited (429). Retrying in 2s...
2026-01-13 15:05:46,982 - PolymarketIngestor - INFO - Successfully ingested 54 trades for: Ethereum Up or Down - January 13, 11:15AM-11:30AM 
2026-01-13 15:05:47,001 - PolymarketIngestor - WARNING - Rate limited (429). Retrying in 6s...
2026-01-13 15:05:47,003 - PolymarketIngestor - WARNING - Rate limited (429). Retrying in 6s...
2026-01-13 15:05:47,036 - PolymarketIngestor - WARNING - Rate limited (429). Retrying in 6s...
2026-01-13 15:05:47,038 - PolymarketIngestor - WARNING - Rate limited (429). Retrying in 2s...
2026-01-13 15:05:47,095 - PolymarketIngestor - INFO - Successfully ingested 115 trades for: XRP Up or Down - January 13, 12:00PM-12:15PM ET
2026-01-13 15:05:47,142 - PolymarketIngestor - INFO - Successfully ingested 50 trades for: Bitcoin Up or Down - January 13, 1:45PM-2:00PM ET
2026-01-13 15:05:47,154 - PolymarketIngestor - INFO - Successfully ingested 145 trades for: Ethereum Up or Down - January 13, 10:45AM-11:00AM 
2026-01-13 15:05:47,204 - PolymarketIngestor - INFO - Successfully ingested 102 trades for: Solana Up or Down - January 13, 12:15PM-12:30PM ET
2026-01-13 15:05:47,479 - PolymarketIngestor - WARNING - Rate limited (429). Retrying in 2s...
2026-01-13 15:05:47,488 - PolymarketIngestor - WARNING - Rate limited (429). Retrying in 2s...
2026-01-13 15:05:47,584 - PolymarketIngestor - WARNING - Rate limited (429). Retrying in 2s...
2026-01-13 15:05:47,593 - PolymarketIngestor - WARNING - Rate limited (429). Retrying in 2s...
2026-01-13 15:05:47,597 - PolymarketIngestor - WARNING - Rate limited (429). Retrying in 2s...
2026-01-13 15:05:47,618 - PolymarketIngestor - WARNING - Rate limited (429). Retrying in 2s...
2026-01-13 15:05:47,688 - PolymarketIngestor - INFO - Successfully ingested 100 trades for: Bitcoin Up or Down - January 13, 11:30AM-11:45AM E
2026-01-13 15:05:47,703 - PolymarketIngestor - WARNING - Rate limited (429). Retrying in 2s...
2026-01-13 15:05:47,852 - PolymarketIngestor - WARNING - Rate limited (429). Retrying in 4s...
2026-01-13 15:05:47,885 - PolymarketIngestor - WARNING - Rate limited (429). Retrying in 6s...
2026-01-13 15:05:47,895 - PolymarketIngestor - WARNING - Rate limited (429). Retrying in 4s...
2026-01-13 15:05:47,896 - PolymarketIngestor - WARNING - Rate limited (429). Retrying in 2s...
2026-01-13 15:05:47,948 - PolymarketIngestor - WARNING - Rate limited (429). Retrying in 2s...
2026-01-13 15:05:48,087 - PolymarketIngestor - WARNING - Rate limited (429). Retrying in 2s...
2026-01-13 15:05:48,385 - PolymarketIngestor - WARNING - Rate limited (429). Retrying in 2s...
2026-01-13 15:05:49,208 - PolymarketIngestor - WARNING - Rate limited (429). Retrying in 2s...
2026-01-13 15:05:49,437 - PolymarketIngestor - WARNING - Rate limited (429). Retrying in 2s...
2026-01-13 15:05:49,536 - PolymarketIngestor - WARNING - Rate limited (429). Retrying in 2s...
2026-01-13 15:05:49,643 - PolymarketIngestor - WARNING - Rate limited (429). Retrying in 2s...
2026-01-13 15:05:49,658 - PolymarketIngestor - WARNING - Rate limited (429). Retrying in 4s...
2026-01-13 15:05:49,660 - PolymarketIngestor - WARNING - Rate limited (429). Retrying in 4s...
2026-01-13 15:05:49,693 - PolymarketIngestor - WARNING - Rate limited (429). Retrying in 2s...
2026-01-13 15:05:49,757 - PolymarketIngestor - WARNING - Rate limited (429). Retrying in 4s...
2026-01-13 15:05:49,961 - PolymarketIngestor - WARNING - Rate limited (429). Retrying in 6s...
2026-01-13 15:05:49,970 - PolymarketIngestor - WARNING - Rate limited (429). Retrying in 2s...
2026-01-13 15:05:49,978 - PolymarketIngestor - WARNING - Rate limited (429). Retrying in 2s...
2026-01-13 15:05:50,000 - PolymarketIngestor - WARNING - Rate limited (429). Retrying in 2s...
2026-01-13 15:05:50,001 - PolymarketIngestor - WARNING - Rate limited (429). Retrying in 4s...
2026-01-13 15:05:50,468 - PolymarketIngestor - INFO - Successfully ingested 798 trades for: XRP Up or Down - January 13, 12:30PM-12:45PM ET
2026-01-13 15:05:51,501 - PolymarketIngestor - WARNING - Rate limited (429). Retrying in 2s...
2026-01-13 15:05:51,647 - PolymarketIngestor - WARNING - Rate limited (429). Retrying in 2s...
2026-01-13 15:05:51,676 - PolymarketIngestor - WARNING - Rate limited (429). Retrying in 2s...
2026-01-13 15:05:51,687 - PolymarketIngestor - WARNING - Rate limited (429). Retrying in 4s...
2026-01-13 15:05:51,691 - PolymarketIngestor - WARNING - Rate limited (429). Retrying in 2s...
2026-01-13 15:05:51,750 - PolymarketIngestor - WARNING - Rate limited (429). Retrying in 2s...
2026-01-13 15:05:52,073 - PolymarketIngestor - WARNING - Rate limited (429). Retrying in 4s...
2026-01-13 15:05:52,117 - PolymarketIngestor - WARNING - Rate limited (429). Retrying in 2s...
2026-01-13 15:05:53,003 - PolymarketIngestor - INFO - Successfully ingested 207 trades for: Solana Up or Down - January 13, 1:15PM-1:30PM ET
2026-01-13 15:05:53,004 - PolymarketIngestor - INFO - Successfully ingested 164 trades for: Ethereum Up or Down - January 13, 1:00PM-1:15PM ET
2026-01-13 15:05:53,053 - PolymarketIngestor - INFO - Successfully ingested 51 trades for: XRP Up or Down - January 13, 9:45AM-10:00AM ET
2026-01-13 15:05:53,800 - PolymarketIngestor - WARNING - Rate limited (429). Retrying in 6s...
2026-01-13 15:05:53,825 - PolymarketIngestor - INFO - Successfully ingested 597 trades for: XRP Up or Down - January 13, 10:45AM-11:00AM ET
2026-01-13 15:05:53,892 - PolymarketIngestor - INFO - Successfully ingested 200 trades for: Bitcoin Up or Down - January 13, 12:15PM-12:30PM E
2026-01-13 15:05:53,920 - PolymarketIngestor - WARNING - Rate limited (429). Retrying in 2s...
2026-01-13 15:05:53,927 - PolymarketIngestor - WARNING - Rate limited (429). Retrying in 2s...
2026-01-13 15:05:53,958 - PolymarketIngestor - WARNING - Rate limited (429). Retrying in 2s...
2026-01-13 15:05:53,977 - PolymarketIngestor - WARNING - Rate limited (429). Retrying in 2s...
2026-01-13 15:05:53,980 - PolymarketIngestor - WARNING - Rate limited (429). Retrying in 2s...
2026-01-13 15:05:53,987 - PolymarketIngestor - WARNING - Rate limited (429). Retrying in 2s...
2026-01-13 15:05:54,084 - PolymarketIngestor - WARNING - Rate limited (429). Retrying in 2s...
2026-01-13 15:05:54,203 - PolymarketIngestor - WARNING - Rate limited (429). Retrying in 2s...
2026-01-13 15:05:55,575 - PolymarketIngestor - INFO - Successfully ingested 527 trades for: XRP Up or Down - January 13, 9:30AM-9:45AM ET
2026-01-13 15:05:55,887 - PolymarketIngestor - WARNING - Rate limited (429). Retrying in 2s...
2026-01-13 15:05:55,964 - PolymarketIngestor - INFO - Successfully ingested 731 trades for: Bitcoin Up or Down - January 13, 3:00PM-3:15PM ET
2026-01-13 15:05:55,997 - PolymarketIngestor - WARNING - Rate limited (429). Retrying in 2s...
2026-01-13 15:05:56,002 - PolymarketIngestor - WARNING - Rate limited (429). Retrying in 4s...
2026-01-13 15:05:56,015 - PolymarketIngestor - WARNING - Rate limited (429). Retrying in 4s...
2026-01-13 15:05:56,021 - PolymarketIngestor - WARNING - Rate limited (429). Retrying in 2s...
2026-01-13 15:05:56,037 - PolymarketIngestor - WARNING - Rate limited (429). Retrying in 4s...
2026-01-13 15:05:56,049 - PolymarketIngestor - WARNING - Rate limited (429). Retrying in 4s...
2026-01-13 15:05:56,049 - PolymarketIngestor - WARNING - Rate limited (429). Retrying in 2s...
2026-01-13 15:05:56,134 - PolymarketIngestor - WARNING - Rate limited (429). Retrying in 6s...
2026-01-13 15:05:56,143 - PolymarketIngestor - WARNING - Rate limited (429). Retrying in 2s...
2026-01-13 15:05:56,224 - PolymarketIngestor - WARNING - Rate limited (429). Retrying in 2s...
2026-01-13 15:05:56,235 - PolymarketIngestor - WARNING - Rate limited (429). Retrying in 2s...
2026-01-13 15:05:56,257 - PolymarketIngestor - WARNING - Rate limited (429). Retrying in 4s...
2026-01-13 15:05:57,908 - PolymarketIngestor - INFO - Successfully ingested 1004 trades for: Solana Up or Down - January 13, 10:00AM-10:15AM ET
2026-01-13 15:05:58,924 - PolymarketIngestor - WARNING - Rate limited (429). Retrying in 2s...
2026-01-13 15:05:58,952 - PolymarketIngestor - WARNING - Rate limited (429). Retrying in 2s...
2026-01-13 15:05:58,975 - PolymarketIngestor - WARNING - Rate limited (429). Retrying in 2s...
2026-01-13 15:05:59,056 - PolymarketIngestor - WARNING - Rate limited (429). Retrying in 2s...
2026-01-13 15:05:59,089 - PolymarketIngestor - WARNING - Rate limited (429). Retrying in 2s...
2026-01-13 15:05:59,099 - PolymarketIngestor - WARNING - Rate limited (429). Retrying in 2s...
2026-01-13 15:05:59,804 - PolymarketIngestor - INFO - Successfully ingested 596 trades for: Bitcoin Up or Down - January 13, 1:30PM-1:45PM ET
2026-01-13 15:06:00,403 - PolymarketIngestor - WARNING - Rate limited (429). Retrying in 2s...
2026-01-13 15:06:00,408 - PolymarketIngestor - WARNING - Rate limited (429). Retrying in 2s...
2026-01-13 15:06:00,521 - PolymarketIngestor - WARNING - Rate limited (429). Retrying in 2s...
2026-01-13 15:06:00,545 - PolymarketIngestor - WARNING - Rate limited (429). Retrying in 2s...
2026-01-13 15:06:01,090 - PolymarketIngestor - WARNING - Rate limited (429). Retrying in 2s...
2026-01-13 15:06:01,103 - PolymarketIngestor - WARNING - Rate limited (429). Retrying in 4s...
2026-01-13 15:06:01,123 - PolymarketIngestor - WARNING - Rate limited (429). Retrying in 4s...
2026-01-13 15:06:01,187 - PolymarketIngestor - WARNING - Rate limited (429). Retrying in 4s...
2026-01-13 15:06:01,231 - PolymarketIngestor - WARNING - Rate limited (429). Retrying in 2s...
2026-01-13 15:06:01,250 - PolymarketIngestor - WARNING - Rate limited (429). Retrying in 2s...
2026-01-13 15:06:01,318 - PolymarketIngestor - WARNING - Rate limited (429). Retrying in 2s...
2026-01-13 15:06:02,136 - PolymarketIngestor - INFO - Successfully ingested 400 trades for: Bitcoin Up or Down - January 13, 10:00AM-10:15AM E
2026-01-13 15:06:02,769 - PolymarketIngestor - WARNING - Rate limited (429). Retrying in 2s...
2026-01-13 15:06:02,877 - PolymarketIngestor - WARNING - Rate limited (429). Retrying in 2s...
2026-01-13 15:06:02,979 - PolymarketIngestor - WARNING - Rate limited (429). Retrying in 2s...
2026-01-13 15:06:02,989 - PolymarketIngestor - WARNING - Rate limited (429). Retrying in 2s...
2026-01-13 15:06:03,327 - PolymarketIngestor - WARNING - Rate limited (429). Retrying in 2s...
2026-01-13 15:06:03,374 - PolymarketIngestor - WARNING - Rate limited (429). Retrying in 2s...
2026-01-13 15:06:03,960 - PolymarketIngestor - WARNING - Rate limited (429). Retrying in 2s...
2026-01-13 15:06:04,117 - PolymarketIngestor - WARNING - Rate limited (429). Retrying in 2s...
2026-01-13 15:06:05,204 - PolymarketIngestor - WARNING - Rate limited (429). Retrying in 2s...
2026-01-13 15:06:05,235 - PolymarketIngestor - WARNING - Rate limited (429). Retrying in 2s...
2026-01-13 15:06:05,241 - PolymarketIngestor - WARNING - Rate limited (429). Retrying in 2s...
2026-01-13 15:06:05,242 - PolymarketIngestor - WARNING - Rate limited (429). Retrying in 2s...
2026-01-13 15:06:05,251 - PolymarketIngestor - WARNING - Rate limited (429). Retrying in 6s...
2026-01-13 15:06:05,389 - PolymarketIngestor - WARNING - Rate limited (429). Retrying in 4s...
2026-01-13 15:06:05,541 - PolymarketIngestor - WARNING - Rate limited (429). Retrying in 2s...
2026-01-13 15:06:05,551 - PolymarketIngestor - WARNING - Rate limited (429). Retrying in 2s...
2026-01-13 15:06:05,707 - PolymarketIngestor - WARNING - Rate limited (429). Retrying in 2s...
2026-01-13 15:06:06,572 - PolymarketIngestor - WARNING - Rate limited (429). Retrying in 2s...
2026-01-13 15:06:06,819 - PolymarketIngestor - WARNING - Rate limited (429). Retrying in 2s...
2026-01-13 15:06:07,498 - PolymarketIngestor - WARNING - Rate limited (429). Retrying in 2s...
2026-01-13 15:06:07,539 - PolymarketIngestor - WARNING - Rate limited (429). Retrying in 2s...
2026-01-13 15:06:07,593 - PolymarketIngestor - WARNING - Rate limited (429). Retrying in 2s...
2026-01-13 15:06:07,596 - PolymarketIngestor - WARNING - Rate limited (429). Retrying in 4s...
2026-01-13 15:06:07,597 - PolymarketIngestor - WARNING - Rate limited (429). Retrying in 2s...
2026-01-13 15:06:07,831 - PolymarketIngestor - WARNING - Rate limited (429). Retrying in 2s...
2026-01-13 15:06:08,762 - PolymarketIngestor - WARNING - Rate limited (429). Retrying in 2s...
2026-01-13 15:06:08,764 - PolymarketIngestor - WARNING - Rate limited (429). Retrying in 2s...
2026-01-13 15:06:09,609 - PolymarketIngestor - WARNING - Rate limited (429). Retrying in 2s...
2026-01-13 15:06:09,630 - PolymarketIngestor - WARNING - Rate limited (429). Retrying in 4s...
2026-01-13 15:06:09,763 - PolymarketIngestor - WARNING - Rate limited (429). Retrying in 4s...
2026-01-13 15:06:09,844 - PolymarketIngestor - WARNING - Rate limited (429). Retrying in 2s...
2026-01-13 15:06:09,969 - PolymarketIngestor - WARNING - Rate limited (429). Retrying in 2s...
2026-01-13 15:06:09,970 - PolymarketIngestor - WARNING - Rate limited (429). Retrying in 4s...
2026-01-13 15:06:11,100 - PolymarketIngestor - WARNING - Rate limited (429). Retrying in 2s...
2026-01-13 15:06:11,261 - PolymarketIngestor - INFO - Successfully ingested 1287 trades for: Bitcoin Up or Down - January 13, 11:45AM-12:00PM E
2026-01-13 15:06:11,304 - PolymarketIngestor - WARNING - Rate limited (429). Retrying in 2s...
2026-01-13 15:06:11,693 - PolymarketIngestor - WARNING - Rate limited (429). Retrying in 2s...
2026-01-13 15:06:11,732 - PolymarketIngestor - WARNING - Rate limited (429). Retrying in 2s...
2026-01-13 15:06:11,904 - PolymarketIngestor - WARNING - Rate limited (429). Retrying in 2s...
2026-01-13 15:06:12,054 - PolymarketIngestor - WARNING - Rate limited (429). Retrying in 2s...
2026-01-13 15:06:12,095 - PolymarketIngestor - WARNING - Rate limited (429). Retrying in 2s...
2026-01-13 15:06:13,819 - PolymarketIngestor - WARNING - Rate limited (429). Retrying in 2s...
2026-01-13 15:06:13,918 - PolymarketIngestor - WARNING - Rate limited (429). Retrying in 2s...
2026-01-13 15:06:14,017 - PolymarketIngestor - WARNING - Rate limited (429). Retrying in 6s...
2026-01-13 15:06:14,020 - PolymarketIngestor - WARNING - Rate limited (429). Retrying in 2s...
2026-01-13 15:06:14,038 - PolymarketIngestor - WARNING - Rate limited (429). Retrying in 2s...
2026-01-13 15:06:14,043 - PolymarketIngestor - WARNING - Rate limited (429). Retrying in 2s...
2026-01-13 15:06:14,099 - PolymarketIngestor - WARNING - Rate limited (429). Retrying in 4s...
2026-01-13 15:06:14,137 - PolymarketIngestor - WARNING - Rate limited (429). Retrying in 4s...
2026-01-13 15:06:14,303 - PolymarketIngestor - WARNING - Rate limited (429). Retrying in 2s...
2026-01-13 15:06:15,142 - PolymarketIngestor - WARNING - Rate limited (429). Retrying in 2s...
2026-01-13 15:06:16,425 - PolymarketIngestor - WARNING - Rate limited (429). Retrying in 2s...
2026-01-13 15:06:16,436 - PolymarketIngestor - WARNING - Rate limited (429). Retrying in 2s...
2026-01-13 15:06:16,437 - PolymarketIngestor - WARNING - Rate limited (429). Retrying in 2s...
2026-01-13 15:06:16,439 - PolymarketIngestor - WARNING - Rate limited (429). Retrying in 2s...
2026-01-13 15:06:16,483 - PolymarketIngestor - WARNING - Rate limited (429). Retrying in 2s...
2026-01-13 15:06:16,938 - PolymarketIngestor - WARNING - Rate limited (429). Retrying in 2s...
2026-01-13 15:06:18,474 - PolymarketIngestor - WARNING - Rate limited (429). Retrying in 2s...
2026-01-13 15:06:18,484 - PolymarketIngestor - WARNING - Rate limited (429). Retrying in 4s...
2026-01-13 15:06:18,518 - PolymarketIngestor - WARNING - Rate limited (429). Retrying in 4s...
2026-01-13 15:06:18,528 - PolymarketIngestor - WARNING - Rate limited (429). Retrying in 4s...
2026-01-13 15:06:18,571 - PolymarketIngestor - WARNING - Rate limited (429). Retrying in 2s...
2026-01-13 15:06:18,640 - PolymarketIngestor - WARNING - Rate limited (429). Retrying in 2s...
2026-01-13 15:06:18,656 - PolymarketIngestor - WARNING - Rate limited (429). Retrying in 2s...
2026-01-13 15:06:18,658 - PolymarketIngestor - WARNING - Rate limited (429). Retrying in 2s...
2026-01-13 15:06:20,021 - PolymarketIngestor - INFO - Successfully ingested 2338 trades for: Ethereum Up or Down - January 13, 12:30PM-12:45PM 
2026-01-13 15:06:20,723 - PolymarketIngestor - WARNING - Rate limited (429). Retrying in 4s...
2026-01-13 15:06:20,776 - PolymarketIngestor - WARNING - Rate limited (429). Retrying in 2s...
2026-01-13 15:06:20,877 - PolymarketIngestor - WARNING - Rate limited (429). Retrying in 2s...
2026-01-13 15:06:20,979 - PolymarketIngestor - WARNING - Rate limited (429). Retrying in 2s...
2026-01-13 15:06:21,095 - PolymarketIngestor - WARNING - Rate limited (429). Retrying in 2s...
2026-01-13 15:06:21,136 - PolymarketIngestor - WARNING - Rate limited (429). Retrying in 2s...
2026-01-13 15:06:23,186 - PolymarketIngestor - WARNING - Rate limited (429). Retrying in 4s...
2026-01-13 15:06:23,242 - PolymarketIngestor - WARNING - Rate limited (429). Retrying in 2s...
2026-01-13 15:06:23,256 - PolymarketIngestor - WARNING - Rate limited (429). Retrying in 2s...
2026-01-13 15:06:23,257 - PolymarketIngestor - WARNING - Rate limited (429). Retrying in 2s...
2026-01-13 15:06:23,259 - PolymarketIngestor - WARNING - Rate limited (429). Retrying in 2s...
2026-01-13 15:06:23,319 - PolymarketIngestor - WARNING - Rate limited (429). Retrying in 2s...
2026-01-13 15:06:23,362 - PolymarketIngestor - WARNING - Rate limited (429). Retrying in 2s...
2026-01-13 15:06:23,392 - PolymarketIngestor - WARNING - Rate limited (429). Retrying in 2s...
2026-01-13 15:06:25,535 - PolymarketIngestor - WARNING - Rate limited (429). Retrying in 2s...
2026-01-13 15:06:25,539 - PolymarketIngestor - WARNING - Rate limited (429). Retrying in 2s...
2026-01-13 15:06:25,540 - PolymarketIngestor - WARNING - Rate limited (429). Retrying in 2s...
2026-01-13 15:06:25,554 - PolymarketIngestor - WARNING - Rate limited (429). Retrying in 2s...
2026-01-13 15:06:25,564 - PolymarketIngestor - WARNING - Rate limited (429). Retrying in 2s...
2026-01-13 15:06:25,628 - PolymarketIngestor - WARNING - Rate limited (429). Retrying in 2s...
2026-01-13 15:06:25,681 - PolymarketIngestor - WARNING - Rate limited (429). Retrying in 2s...
2026-01-13 15:06:25,785 - PolymarketIngestor - WARNING - Rate limited (429). Retrying in 2s...
2026-01-13 15:06:27,782 - PolymarketIngestor - WARNING - Rate limited (429). Retrying in 2s...
2026-01-13 15:06:27,826 - PolymarketIngestor - WARNING - Rate limited (429). Retrying in 2s...
2026-01-13 15:06:27,827 - PolymarketIngestor - WARNING - Rate limited (429). Retrying in 2s...
2026-01-13 15:06:27,831 - PolymarketIngestor - WARNING - Rate limited (429). Retrying in 4s...
2026-01-13 15:06:27,852 - PolymarketIngestor - WARNING - Rate limited (429). Retrying in 2s...
2026-01-13 15:06:27,909 - PolymarketIngestor - WARNING - Rate limited (429). Retrying in 2s...
2026-01-13 15:06:27,910 - PolymarketIngestor - WARNING - Rate limited (429). Retrying in 2s...
2026-01-13 15:06:27,919 - PolymarketIngestor - WARNING - Rate limited (429). Retrying in 2s...
2026-01-13 15:06:27,923 - PolymarketIngestor - WARNING - Rate limited (429). Retrying in 2s...
2026-01-13 15:06:27,977 - PolymarketIngestor - WARNING - Rate limited (429). Retrying in 2s...
2026-01-13 15:06:30,494 - PolymarketIngestor - WARNING - Rate limited (429). Retrying in 2s...
2026-01-13 15:06:30,513 - PolymarketIngestor - WARNING - Rate limited (429). Retrying in 2s...
2026-01-13 15:06:30,552 - PolymarketIngestor - WARNING - Rate limited (429). Retrying in 2s...
2026-01-13 15:06:30,590 - PolymarketIngestor - WARNING - Rate limited (429). Retrying in 2s...
2026-01-13 15:06:30,594 - PolymarketIngestor - WARNING - Rate limited (429). Retrying in 2s...
2026-01-13 15:06:30,598 - PolymarketIngestor - WARNING - Rate limited (429). Retrying in 2s...
2026-01-13 15:06:30,603 - PolymarketIngestor - WARNING - Rate limited (429). Retrying in 2s...
2026-01-13 15:06:30,701 - PolymarketIngestor - WARNING - Rate limited (429). Retrying in 2s...
2026-01-13 15:06:30,702 - PolymarketIngestor - WARNING - Rate limited (429). Retrying in 2s...
2026-01-13 15:06:30,707 - PolymarketIngestor - WARNING - Rate limited (429). Retrying in 2s...
2026-01-13 15:06:33,203 - PolymarketIngestor - WARNING - Rate limited (429). Retrying in 2s...
2026-01-13 15:06:33,230 - PolymarketIngestor - WARNING - Rate limited (429). Retrying in 2s...
2026-01-13 15:06:33,277 - PolymarketIngestor - WARNING - Rate limited (429). Retrying in 2s...
2026-01-13 15:06:33,282 - PolymarketIngestor - WARNING - Rate limited (429). Retrying in 2s...
2026-01-13 15:06:33,306 - PolymarketIngestor - WARNING - Rate limited (429). Retrying in 2s...
2026-01-13 15:06:33,340 - PolymarketIngestor - WARNING - Rate limited (429). Retrying in 2s...
2026-01-13 15:06:33,348 - PolymarketIngestor - WARNING - Rate limited (429). Retrying in 2s...
2026-01-13 15:06:33,430 - PolymarketIngestor - WARNING - Rate limited (429). Retrying in 2s...
2026-01-13 15:06:33,444 - PolymarketIngestor - WARNING - Rate limited (429). Retrying in 2s...
2026-01-13 15:06:33,497 - PolymarketIngestor - WARNING - Rate limited (429). Retrying in 2s...
2026-01-13 15:06:35,842 - PolymarketIngestor - WARNING - Rate limited (429). Retrying in 2s...
2026-01-13 15:06:35,851 - PolymarketIngestor - WARNING - Rate limited (429). Retrying in 2s...
2026-01-13 15:06:35,871 - PolymarketIngestor - WARNING - Rate limited (429). Retrying in 2s...
2026-01-13 15:06:35,883 - PolymarketIngestor - WARNING - Rate limited (429). Retrying in 2s...
2026-01-13 15:06:35,911 - PolymarketIngestor - WARNING - Rate limited (429). Retrying in 2s...
2026-01-13 15:06:35,919 - PolymarketIngestor - WARNING - Rate limited (429). Retrying in 2s...
2026-01-13 15:06:36,081 - PolymarketIngestor - WARNING - Rate limited (429). Retrying in 2s...
2026-01-13 15:06:36,104 - PolymarketIngestor - WARNING - Rate limited (429). Retrying in 2s...
2026-01-13 15:06:36,143 - PolymarketIngestor - WARNING - Rate limited (429). Retrying in 2s...
2026-01-13 15:06:36,835 - PolymarketIngestor - INFO - Successfully ingested 10117 trades for: Bitcoin Up or Down - January 13, 10:45AM-11:00AM E
2026-01-13 15:06:38,383 - PolymarketIngestor - WARNING - Rate limited (429). Retrying in 2s...
2026-01-13 15:06:38,436 - PolymarketIngestor - WARNING - Rate limited (429). Retrying in 2s...
2026-01-13 15:06:38,439 - PolymarketIngestor - WARNING - Rate limited (429). Retrying in 2s...
2026-01-13 15:06:38,451 - PolymarketIngestor - WARNING - Rate limited (429). Retrying in 2s...
2026-01-13 15:06:38,495 - PolymarketIngestor - WARNING - Rate limited (429). Retrying in 2s...
2026-01-13 15:06:38,512 - PolymarketIngestor - WARNING - Rate limited (429). Retrying in 2s...
2026-01-13 15:06:38,522 - PolymarketIngestor - WARNING - Rate limited (429). Retrying in 2s...
2026-01-13 15:06:38,557 - PolymarketIngestor - WARNING - Rate limited (429). Retrying in 2s...
2026-01-13 15:06:38,610 - PolymarketIngestor - WARNING - Rate limited (429). Retrying in 2s...
2026-01-13 15:06:38,615 - PolymarketIngestor - WARNING - Rate limited (429). Retrying in 2s...
2026-01-13 15:06:41,276 - PolymarketIngestor - WARNING - Rate limited (429). Retrying in 2s...
2026-01-13 15:06:41,320 - PolymarketIngestor - WARNING - Rate limited (429). Retrying in 2s...
2026-01-13 15:06:41,331 - PolymarketIngestor - WARNING - Rate limited (429). Retrying in 2s...
2026-01-13 15:06:41,357 - PolymarketIngestor - WARNING - Rate limited (429). Retrying in 2s...
2026-01-13 15:06:41,363 - PolymarketIngestor - WARNING - Rate limited (429). Retrying in 2s...
2026-01-13 15:06:41,369 - PolymarketIngestor - WARNING - Rate limited (429). Retrying in 2s...
2026-01-13 15:06:41,527 - PolymarketIngestor - WARNING - Rate limited (429). Retrying in 2s...
2026-01-13 15:06:41,638 - PolymarketIngestor - WARNING - Rate limited (429). Retrying in 2s...
2026-01-13 15:06:41,660 - PolymarketIngestor - WARNING - Rate limited (429). Retrying in 2s...
2026-01-13 15:06:43,877 - PolymarketIngestor - WARNING - Rate limited (429). Retrying in 2s...
2026-01-13 15:06:43,881 - PolymarketIngestor - WARNING - Rate limited (429). Retrying in 2s...
2026-01-13 15:06:44,046 - PolymarketIngestor - WARNING - Rate limited (429). Retrying in 2s...
2026-01-13 15:06:44,056 - PolymarketIngestor - WARNING - Rate limited (429). Retrying in 2s...
2026-01-13 15:06:44,068 - PolymarketIngestor - WARNING - Rate limited (429). Retrying in 2s...
2026-01-13 15:06:44,079 - PolymarketIngestor - WARNING - Rate limited (429). Retrying in 2s...
2026-01-13 15:06:44,080 - PolymarketIngestor - WARNING - Rate limited (429). Retrying in 2s...
2026-01-13 15:06:44,097 - PolymarketIngestor - WARNING - Rate limited (429). Retrying in 2s...
2026-01-13 15:06:46,217 - PolymarketIngestor - WARNING - Rate limited (429). Retrying in 2s...
2026-01-13 15:06:46,239 - PolymarketIngestor - WARNING - Rate limited (429). Retrying in 2s...
2026-01-13 15:06:46,249 - PolymarketIngestor - WARNING - Rate limited (429). Retrying in 2s...
2026-01-13 15:06:46,632 - PolymarketIngestor - WARNING - Rate limited (429). Retrying in 2s...
2026-01-13 15:06:46,954 - PolymarketIngestor - WARNING - Rate limited (429). Retrying in 2s...
2026-01-13 15:06:46,972 - PolymarketIngestor - WARNING - Rate limited (429). Retrying in 2s...
2026-01-13 15:06:47,090 - PolymarketIngestor - WARNING - Rate limited (429). Retrying in 2s...
2026-01-13 15:06:47,173 - PolymarketIngestor - WARNING - Rate limited (429). Retrying in 2s...
2026-01-13 15:06:48,681 - PolymarketIngestor - WARNING - Rate limited (429). Retrying in 4s...
2026-01-13 15:06:48,834 - PolymarketIngestor - WARNING - Rate limited (429). Retrying in 2s...
2026-01-13 15:06:48,879 - PolymarketIngestor - WARNING - Rate limited (429). Retrying in 2s...
2026-01-13 15:06:48,976 - PolymarketIngestor - WARNING - Rate limited (429). Retrying in 2s...
2026-01-13 15:06:48,998 - PolymarketIngestor - WARNING - Rate limited (429). Retrying in 4s...
2026-01-13 15:06:49,011 - PolymarketIngestor - WARNING - Rate limited (429). Retrying in 2s...
2026-01-13 15:06:49,139 - PolymarketIngestor - WARNING - Rate limited (429). Retrying in 4s...
2026-01-13 15:06:49,245 - PolymarketIngestor - WARNING - Rate limited (429). Retrying in 2s...
2026-01-13 15:06:51,337 - PolymarketIngestor - WARNING - Rate limited (429). Retrying in 2s...
2026-01-13 15:06:51,465 - PolymarketIngestor - WARNING - Rate limited (429). Retrying in 2s...
2026-01-13 15:06:51,468 - PolymarketIngestor - WARNING - Rate limited (429). Retrying in 2s...
2026-01-13 15:06:51,667 - PolymarketIngestor - WARNING - Rate limited (429). Retrying in 2s...
2026-01-13 15:06:51,806 - PolymarketIngestor - WARNING - Rate limited (429). Retrying in 2s...
2026-01-13 15:06:53,470 - PolymarketIngestor - WARNING - Rate limited (429). Retrying in 2s...
2026-01-13 15:06:53,567 - PolymarketIngestor - WARNING - Rate limited (429). Retrying in 2s...
2026-01-13 15:06:53,623 - PolymarketIngestor - WARNING - Rate limited (429). Retrying in 2s...
2026-01-13 15:06:53,710 - PolymarketIngestor - WARNING - Rate limited (429). Retrying in 4s...
2026-01-13 15:06:53,717 - PolymarketIngestor - WARNING - Rate limited (429). Retrying in 2s...
2026-01-13 15:06:53,724 - PolymarketIngestor - WARNING - Rate limited (429). Retrying in 2s...
2026-01-13 15:06:53,929 - PolymarketIngestor - WARNING - Rate limited (429). Retrying in 2s...
2026-01-13 15:06:55,775 - PolymarketIngestor - WARNING - Rate limited (429). Retrying in 4s...
2026-01-13 15:06:55,791 - PolymarketIngestor - WARNING - Rate limited (429). Retrying in 2s...
2026-01-13 15:06:55,812 - PolymarketIngestor - WARNING - Rate limited (429). Retrying in 2s...
2026-01-13 15:06:55,907 - PolymarketIngestor - WARNING - Rate limited (429). Retrying in 2s...
2026-01-13 15:06:55,926 - PolymarketIngestor - WARNING - Rate limited (429). Retrying in 2s...
2026-01-13 15:06:55,979 - PolymarketIngestor - WARNING - Rate limited (429). Retrying in 2s...
2026-01-13 15:06:55,982 - PolymarketIngestor - WARNING - Rate limited (429). Retrying in 4s...
2026-01-13 15:06:58,224 - PolymarketIngestor - WARNING - Rate limited (429). Retrying in 2s...
2026-01-13 15:06:58,291 - PolymarketIngestor - WARNING - Rate limited (429). Retrying in 2s...
2026-01-13 15:06:58,294 - PolymarketIngestor - WARNING - Rate limited (429). Retrying in 2s...
2026-01-13 15:06:58,392 - PolymarketIngestor - WARNING - Rate limited (429). Retrying in 2s...
2026-01-13 15:06:58,447 - PolymarketIngestor - WARNING - Rate limited (429). Retrying in 2s...
2026-01-13 15:07:00,053 - PolymarketIngestor - WARNING - Rate limited (429). Retrying in 6s...
2026-01-13 15:07:00,143 - PolymarketIngestor - WARNING - Rate limited (429). Retrying in 2s...
2026-01-13 15:07:00,287 - PolymarketIngestor - WARNING - Rate limited (429). Retrying in 4s...
2026-01-13 15:07:00,344 - PolymarketIngestor - WARNING - Rate limited (429). Retrying in 4s...
2026-01-13 15:07:00,345 - PolymarketIngestor - WARNING - Rate limited (429). Retrying in 4s...
2026-01-13 15:07:00,356 - PolymarketIngestor - WARNING - Rate limited (429). Retrying in 2s...
2026-01-13 15:07:00,506 - PolymarketIngestor - WARNING - Rate limited (429). Retrying in 2s...
2026-01-13 15:07:02,615 - PolymarketIngestor - WARNING - Rate limited (429). Retrying in 2s...
2026-01-13 15:07:02,682 - PolymarketIngestor - WARNING - Rate limited (429). Retrying in 2s...
2026-01-13 15:07:02,743 - PolymarketIngestor - WARNING - Rate limited (429). Retrying in 2s...
2026-01-13 15:07:04,483 - PolymarketIngestor - WARNING - Rate limited (429). Retrying in 2s...
2026-01-13 15:07:04,520 - PolymarketIngestor - WARNING - Rate limited (429). Retrying in 2s...
2026-01-13 15:07:04,573 - PolymarketIngestor - WARNING - Rate limited (429). Retrying in 2s...
2026-01-13 15:07:04,580 - PolymarketIngestor - WARNING - Rate limited (429). Retrying in 2s...
2026-01-13 15:07:04,673 - PolymarketIngestor - WARNING - Rate limited (429). Retrying in 4s...
2026-01-13 15:07:04,930 - PolymarketIngestor - WARNING - Rate limited (429). Retrying in 2s...
2026-01-13 15:07:06,061 - PolymarketIngestor - INFO - Successfully ingested 5349 trades for: Bitcoin Up or Down - January 13, 9:45AM-10:00AM ET
2026-01-13 15:07:06,736 - PolymarketIngestor - WARNING - Rate limited (429). Retrying in 2s...
2026-01-13 15:07:06,835 - PolymarketIngestor - WARNING - Rate limited (429). Retrying in 2s...
2026-01-13 15:07:06,858 - PolymarketIngestor - WARNING - Rate limited (429). Retrying in 2s...
2026-01-13 15:07:06,877 - PolymarketIngestor - WARNING - Rate limited (429). Retrying in 2s...
2026-01-13 15:07:06,893 - PolymarketIngestor - WARNING - Rate limited (429). Retrying in 2s...
2026-01-13 15:07:08,952 - PolymarketIngestor - WARNING - Rate limited (429). Retrying in 4s...
2026-01-13 15:07:09,032 - PolymarketIngestor - WARNING - Rate limited (429). Retrying in 2s...
2026-01-13 15:07:09,125 - PolymarketIngestor - WARNING - Rate limited (429). Retrying in 2s...
2026-01-13 15:07:09,144 - PolymarketIngestor - WARNING - Rate limited (429). Retrying in 2s...
2026-01-13 15:07:09,157 - PolymarketIngestor - WARNING - Rate limited (429). Retrying in 2s...
2026-01-13 15:07:09,164 - PolymarketIngestor - WARNING - Rate limited (429). Retrying in 2s...
2026-01-13 15:07:09,178 - PolymarketIngestor - WARNING - Rate limited (429). Retrying in 2s...
2026-01-13 15:07:10,915 - PolymarketIngestor - INFO - Successfully ingested 10015 trades for: Bitcoin Up or Down - January 13, 1:15PM-1:30PM ET
2026-01-13 15:07:11,877 - PolymarketIngestor - WARNING - Rate limited (429). Retrying in 2s...
2026-01-13 15:07:11,890 - PolymarketIngestor - WARNING - Rate limited (429). Retrying in 2s...
2026-01-13 15:07:11,938 - PolymarketIngestor - WARNING - Rate limited (429). Retrying in 2s...
2026-01-13 15:07:11,989 - PolymarketIngestor - WARNING - Rate limited (429). Retrying in 2s...
2026-01-13 15:07:13,788 - PolymarketIngestor - WARNING - Rate limited (429). Retrying in 2s...
2026-01-13 15:07:13,865 - PolymarketIngestor - WARNING - Rate limited (429). Retrying in 2s...
2026-01-13 15:07:13,984 - PolymarketIngestor - WARNING - Rate limited (429). Retrying in 4s...
2026-01-13 15:07:13,996 - PolymarketIngestor - WARNING - Rate limited (429). Retrying in 2s...
2026-01-13 15:07:14,103 - PolymarketIngestor - WARNING - Rate limited (429). Retrying in 2s...
2026-01-13 15:07:14,139 - PolymarketIngestor - WARNING - Rate limited (429). Retrying in 2s...
2026-01-13 15:07:16,288 - PolymarketIngestor - INFO - Successfully ingested 10015 trades for: Bitcoin Up or Down - January 13, 11:15AM-11:30AM E
2026-01-13 15:07:16,535 - PolymarketIngestor - WARNING - Rate limited (429). Retrying in 2s...
2026-01-13 15:07:16,675 - PolymarketIngestor - WARNING - Rate limited (429). Retrying in 2s...
2026-01-13 15:07:16,713 - PolymarketIngestor - WARNING - Rate limited (429). Retrying in 2s...
2026-01-13 15:07:18,288 - PolymarketIngestor - WARNING - Rate limited (429). Retrying in 2s...
2026-01-13 15:07:18,497 - PolymarketIngestor - WARNING - Rate limited (429). Retrying in 2s...
2026-01-13 15:07:18,793 - PolymarketIngestor - WARNING - Rate limited (429). Retrying in 2s...
2026-01-13 15:07:18,939 - PolymarketIngestor - WARNING - Rate limited (429). Retrying in 2s...
2026-01-13 15:07:20,288 - PolymarketIngestor - INFO - Successfully ingested 10030 trades for: Ethereum Up or Down - January 13, 11:30AM-11:45AM 
2026-01-13 15:07:20,910 - PolymarketIngestor - WARNING - Rate limited (429). Retrying in 2s...
2026-01-13 15:07:21,005 - PolymarketIngestor - WARNING - Rate limited (429). Retrying in 2s...
2026-01-13 15:07:21,235 - PolymarketIngestor - WARNING - Rate limited (429). Retrying in 2s...
2026-01-13 15:07:23,059 - PolymarketIngestor - WARNING - Rate limited (429). Retrying in 2s...
2026-01-13 15:07:23,062 - PolymarketIngestor - WARNING - Rate limited (429). Retrying in 4s...
2026-01-13 15:07:23,472 - PolymarketIngestor - WARNING - Rate limited (429). Retrying in 2s...
2026-01-13 15:07:25,022 - PolymarketIngestor - INFO - Successfully ingested 10008 trades for: Ethereum Up or Down - January 13, 10:15AM-10:30AM 
2026-01-13 15:07:26,618 - PolymarketIngestor - WARNING - Rate limited (429). Retrying in 2s...
2026-01-13 15:07:26,855 - PolymarketIngestor - WARNING - Rate limited (429). Retrying in 2s...
2026-01-13 15:07:28,690 - PolymarketIngestor - WARNING - Rate limited (429). Retrying in 4s...
2026-01-13 15:07:28,691 - PolymarketIngestor - WARNING - Rate limited (429). Retrying in 2s...
2026-01-13 15:07:30,740 - PolymarketIngestor - INFO - Successfully ingested 10053 trades for: Bitcoin Up or Down - January 13, 2:15PM-2:30PM ET
2026-01-13 15:07:32,105 - PolymarketIngestor - INFO - Successfully ingested 10022 trades for: Ethereum Up or Down - January 13, 12:15PM-12:30PM 
2026-01-13 15:07:34,181 - PolymarketIngestor - INFO - Successfully ingested 10019 trades for: Ethereum Up or Down - January 13, 10:30AM-10:45AM 
2026-01-13 15:07:34,212 - PolymarketIngestor - INFO - Successfully ingested 10018 trades for: Bitcoin Up or Down - January 13, 3:45PM-4:00PM ET
2026-01-13 15:07:35,516 - PolymarketIngestor - INFO - Successfully ingested 10023 trades for: Bitcoin Up or Down - January 13, 11:00AM-11:15AM E
2026-01-13 15:07:43,243 - PolymarketIngestor - INFO - Successfully ingested 10012 trades for: Solana Up or Down - January 13, 2:30PM-2:45PM ET
2026-01-13 15:07:45,571 - PolymarketIngestor - INFO - Pipeline complete. 134085 records saved to historical_trades_20260113.csv.
2026-01-13 17:27:33,986 - PolymarketIngestor - INFO - Fetching markets...
2026-01-13 17:27:35,739 - PolymarketIngestor - INFO - Starting concurrent trade ingestion for 200 markets...
2026-01-13 17:27:36,143 - PolymarketIngestor - INFO - Successfully ingested 42 trades for: LoL: Once Upon A Team vs Myth Esports (BO1)
2026-01-13 17:27:36,199 - PolymarketIngestor - INFO - Successfully ingested 78 trades for: Incarnate Word Cardinals vs. Stephen F. Austin Lum
2026-01-13 17:27:36,205 - PolymarketIngestor - INFO - Successfully ingested 90 trades for: Jazz vs. Cavaliers: O/U 248.5
2026-01-13 17:27:36,223 - PolymarketIngestor - INFO - Successfully ingested 27 trades for: LoL: NextGeneration Esports vs Baam Esports - Game
2026-01-13 17:27:36,385 - PolymarketIngestor - INFO - Successfully ingested 153 trades for: 76ers vs. Raptors: O/U 219.5
2026-01-13 17:27:36,387 - PolymarketIngestor - INFO - Successfully ingested 42 trades for: South Carolina State Bulldogs vs. Coppin State Eag
2026-01-13 17:27:36,438 - PolymarketIngestor - INFO - Successfully ingested 161 trades for: Spread: Southeastern Louisiana Lions (-2.5)
2026-01-13 17:27:36,447 - PolymarketIngestor - INFO - Successfully ingested 72 trades for: Spread: Howard Bison (-9.5)
2026-01-13 17:27:36,475 - PolymarketIngestor - INFO - Successfully ingested 107 trades for: LoL: Frites Esports Club vs Senshi Esports Club (B
2026-01-13 17:27:36,533 - PolymarketIngestor - INFO - Successfully ingested 35 trades for: Spread: Alabama A&M Bulldogs (-6.5)
2026-01-13 17:27:36,559 - PolymarketIngestor - WARNING - Rate limited (429). Retrying in 2s...
2026-01-13 17:27:36,562 - PolymarketIngestor - WARNING - Rate limited (429). Retrying in 2s...
2026-01-13 17:27:36,570 - PolymarketIngestor - WARNING - Rate limited (429). Retrying in 2s...
2026-01-13 17:27:36,572 - PolymarketIngestor - WARNING - Rate limited (429). Retrying in 2s...
2026-01-13 17:27:36,573 - PolymarketIngestor - WARNING - Rate limited (429). Retrying in 2s...
2026-01-13 17:27:36,573 - PolymarketIngestor - INFO - Successfully ingested 156 trades for: Jackson State Tigers vs. Alabama A&M Bulldogs: O/U
2026-01-13 17:27:36,574 - PolymarketIngestor - WARNING - Rate limited (429). Retrying in 2s...
2026-01-13 17:27:36,574 - PolymarketIngestor - WARNING - Rate limited (429). Retrying in 2s...
2026-01-13 17:27:36,575 - PolymarketIngestor - WARNING - Rate limited (429). Retrying in 2s...
2026-01-13 17:27:36,577 - PolymarketIngestor - WARNING - Rate limited (429). Retrying in 2s...
2026-01-13 17:27:36,577 - PolymarketIngestor - WARNING - Rate limited (429). Retrying in 2s...
2026-01-13 17:27:36,577 - PolymarketIngestor - WARNING - Rate limited (429). Retrying in 2s...
2026-01-13 17:27:36,590 - PolymarketIngestor - WARNING - Rate limited (429). Retrying in 2s...
2026-01-13 17:27:36,591 - PolymarketIngestor - WARNING - Rate limited (429). Retrying in 2s...
2026-01-13 17:27:36,592 - PolymarketIngestor - WARNING - Rate limited (429). Retrying in 2s...
2026-01-13 17:27:36,597 - PolymarketIngestor - WARNING - Rate limited (429). Retrying in 2s...
2026-01-13 17:27:36,602 - PolymarketIngestor - WARNING - Rate limited (429). Retrying in 2s...
2026-01-13 17:27:36,603 - PolymarketIngestor - WARNING - Rate limited (429). Retrying in 2s...
2026-01-13 17:27:36,603 - PolymarketIngestor - WARNING - Rate limited (429). Retrying in 2s...
2026-01-13 17:27:36,606 - PolymarketIngestor - WARNING - Rate limited (429). Retrying in 2s...
2026-01-13 17:27:36,610 - PolymarketIngestor - WARNING - Rate limited (429). Retrying in 2s...
2026-01-13 17:27:36,610 - PolymarketIngestor - WARNING - Rate limited (429). Retrying in 2s...
2026-01-13 17:27:36,611 - PolymarketIngestor - WARNING - Rate limited (429). Retrying in 2s...
2026-01-13 17:27:36,611 - PolymarketIngestor - WARNING - Rate limited (429). Retrying in 2s...
2026-01-13 17:27:36,616 - PolymarketIngestor - WARNING - Rate limited (429). Retrying in 2s...
2026-01-13 17:27:36,618 - PolymarketIngestor - WARNING - Rate limited (429). Retrying in 2s...
2026-01-13 17:27:36,618 - PolymarketIngestor - WARNING - Rate limited (429). Retrying in 2s...
2026-01-13 17:27:36,619 - PolymarketIngestor - WARNING - Rate limited (429). Retrying in 2s...
2026-01-13 17:27:36,619 - PolymarketIngestor - WARNING - Rate limited (429). Retrying in 2s...
2026-01-13 17:27:36,619 - PolymarketIngestor - WARNING - Rate limited (429). Retrying in 2s...
2026-01-13 17:27:36,620 - PolymarketIngestor - WARNING - Rate limited (429). Retrying in 2s...
2026-01-13 17:27:36,621 - PolymarketIngestor - WARNING - Rate limited (429). Retrying in 2s...
2026-01-13 17:27:36,624 - PolymarketIngestor - INFO - Successfully ingested 114 trades for: Maryland Eastern Shore Hawks vs. Norfolk State Spa
2026-01-13 17:27:36,625 - PolymarketIngestor - WARNING - Rate limited (429). Retrying in 2s...
2026-01-13 17:27:36,626 - PolymarketIngestor - WARNING - Rate limited (429). Retrying in 2s...
2026-01-13 17:27:36,627 - PolymarketIngestor - WARNING - Rate limited (429). Retrying in 2s...
2026-01-13 17:27:36,627 - PolymarketIngestor - WARNING - Rate limited (429). Retrying in 2s...
2026-01-13 17:27:36,628 - PolymarketIngestor - WARNING - Rate limited (429). Retrying in 2s...
2026-01-13 17:27:36,628 - PolymarketIngestor - WARNING - Rate limited (429). Retrying in 2s...
2026-01-13 17:27:36,629 - PolymarketIngestor - WARNING - Rate limited (429). Retrying in 2s...
2026-01-13 17:27:36,635 - PolymarketIngestor - WARNING - Rate limited (429). Retrying in 2s...
2026-01-13 17:27:36,638 - PolymarketIngestor - WARNING - Rate limited (429). Retrying in 2s...
2026-01-13 17:27:36,638 - PolymarketIngestor - WARNING - Rate limited (429). Retrying in 2s...
2026-01-13 17:27:36,640 - PolymarketIngestor - WARNING - Rate limited (429). Retrying in 2s...
2026-01-13 17:27:36,641 - PolymarketIngestor - WARNING - Rate limited (429). Retrying in 2s...
2026-01-13 17:27:36,641 - PolymarketIngestor - WARNING - Rate limited (429). Retrying in 2s...
2026-01-13 17:27:36,641 - PolymarketIngestor - WARNING - Rate limited (429). Retrying in 2s...
2026-01-13 17:27:36,642 - PolymarketIngestor - WARNING - Rate limited (429). Retrying in 2s...
2026-01-13 17:27:36,642 - PolymarketIngestor - WARNING - Rate limited (429). Retrying in 2s...
2026-01-13 17:27:36,643 - PolymarketIngestor - WARNING - Rate limited (429). Retrying in 2s...
2026-01-13 17:27:36,643 - PolymarketIngestor - WARNING - Rate limited (429). Retrying in 2s...
2026-01-13 17:27:36,645 - PolymarketIngestor - WARNING - Rate limited (429). Retrying in 2s...
2026-01-13 17:27:36,646 - PolymarketIngestor - WARNING - Rate limited (429). Retrying in 2s...
2026-01-13 17:27:36,647 - PolymarketIngestor - WARNING - Rate limited (429). Retrying in 2s...
2026-01-13 17:27:36,649 - PolymarketIngestor - WARNING - Rate limited (429). Retrying in 2s...
2026-01-13 17:27:36,654 - PolymarketIngestor - WARNING - Rate limited (429). Retrying in 2s...
2026-01-13 17:27:36,657 - PolymarketIngestor - WARNING - Rate limited (429). Retrying in 2s...
2026-01-13 17:27:36,657 - PolymarketIngestor - WARNING - Rate limited (429). Retrying in 2s...
2026-01-13 17:27:36,657 - PolymarketIngestor - WARNING - Rate limited (429). Retrying in 2s...
2026-01-13 17:27:36,660 - PolymarketIngestor - WARNING - Rate limited (429). Retrying in 2s...
2026-01-13 17:27:36,661 - PolymarketIngestor - WARNING - Rate limited (429). Retrying in 2s...
2026-01-13 17:27:36,661 - PolymarketIngestor - WARNING - Rate limited (429). Retrying in 2s...
2026-01-13 17:27:36,661 - PolymarketIngestor - WARNING - Rate limited (429). Retrying in 2s...
2026-01-13 17:27:36,662 - PolymarketIngestor - WARNING - Rate limited (429). Retrying in 2s...
2026-01-13 17:27:36,663 - PolymarketIngestor - WARNING - Rate limited (429). Retrying in 2s...
2026-01-13 17:27:36,665 - PolymarketIngestor - WARNING - Rate limited (429). Retrying in 2s...
2026-01-13 17:27:36,667 - PolymarketIngestor - WARNING - Rate limited (429). Retrying in 2s...
2026-01-13 17:27:36,669 - PolymarketIngestor - WARNING - Rate limited (429). Retrying in 2s...
2026-01-13 17:27:36,669 - PolymarketIngestor - WARNING - Rate limited (429). Retrying in 2s...
2026-01-13 17:27:36,670 - PolymarketIngestor - WARNING - Rate limited (429). Retrying in 2s...
2026-01-13 17:27:36,670 - PolymarketIngestor - WARNING - Rate limited (429). Retrying in 2s...
2026-01-13 17:27:36,673 - PolymarketIngestor - WARNING - Rate limited (429). Retrying in 2s...
2026-01-13 17:27:36,673 - PolymarketIngestor - WARNING - Rate limited (429). Retrying in 2s...
2026-01-13 17:27:36,675 - PolymarketIngestor - WARNING - Rate limited (429). Retrying in 2s...
2026-01-13 17:27:36,675 - PolymarketIngestor - WARNING - Rate limited (429). Retrying in 2s...
2026-01-13 17:27:36,676 - PolymarketIngestor - WARNING - Rate limited (429). Retrying in 2s...
2026-01-13 17:27:36,677 - PolymarketIngestor - WARNING - Rate limited (429). Retrying in 2s...
2026-01-13 17:27:36,679 - PolymarketIngestor - WARNING - Rate limited (429). Retrying in 2s...
2026-01-13 17:27:36,681 - PolymarketIngestor - WARNING - Rate limited (429). Retrying in 2s...
2026-01-13 17:27:36,681 - PolymarketIngestor - WARNING - Rate limited (429). Retrying in 2s...
2026-01-13 17:27:36,681 - PolymarketIngestor - WARNING - Rate limited (429). Retrying in 2s...
2026-01-13 17:27:36,681 - PolymarketIngestor - WARNING - Rate limited (429). Retrying in 2s...
2026-01-13 17:27:36,682 - PolymarketIngestor - WARNING - Rate limited (429). Retrying in 2s...
2026-01-13 17:27:36,682 - PolymarketIngestor - WARNING - Rate limited (429). Retrying in 2s...
2026-01-13 17:27:36,683 - PolymarketIngestor - WARNING - Rate limited (429). Retrying in 2s...
2026-01-13 17:27:36,683 - PolymarketIngestor - WARNING - Rate limited (429). Retrying in 2s...
2026-01-13 17:27:36,683 - PolymarketIngestor - WARNING - Rate limited (429). Retrying in 2s...
2026-01-13 17:27:36,683 - PolymarketIngestor - WARNING - Rate limited (429). Retrying in 2s...
2026-01-13 17:27:36,684 - PolymarketIngestor - WARNING - Rate limited (429). Retrying in 2s...
2026-01-13 17:27:36,684 - PolymarketIngestor - WARNING - Rate limited (429). Retrying in 2s...
2026-01-13 17:27:36,685 - PolymarketIngestor - WARNING - Rate limited (429). Retrying in 2s...
2026-01-13 17:27:36,686 - PolymarketIngestor - WARNING - Rate limited (429). Retrying in 2s...
2026-01-13 17:27:36,686 - PolymarketIngestor - WARNING - Rate limited (429). Retrying in 2s...
2026-01-13 17:27:36,687 - PolymarketIngestor - WARNING - Rate limited (429). Retrying in 2s...
2026-01-13 17:27:36,687 - PolymarketIngestor - WARNING - Rate limited (429). Retrying in 2s...
2026-01-13 17:27:36,687 - PolymarketIngestor - WARNING - Rate limited (429). Retrying in 2s...
2026-01-13 17:27:36,687 - PolymarketIngestor - WARNING - Rate limited (429). Retrying in 2s...
2026-01-13 17:27:36,688 - PolymarketIngestor - WARNING - Rate limited (429). Retrying in 2s...
2026-01-13 17:27:36,688 - PolymarketIngestor - WARNING - Rate limited (429). Retrying in 2s...
2026-01-13 17:27:36,688 - PolymarketIngestor - WARNING - Rate limited (429). Retrying in 2s...
2026-01-13 17:27:36,688 - PolymarketIngestor - WARNING - Rate limited (429). Retrying in 2s...
2026-01-13 17:27:36,688 - PolymarketIngestor - WARNING - Rate limited (429). Retrying in 2s...
2026-01-13 17:27:36,693 - PolymarketIngestor - WARNING - Rate limited (429). Retrying in 2s...
2026-01-13 17:27:36,693 - PolymarketIngestor - WARNING - Rate limited (429). Retrying in 2s...
2026-01-13 17:27:36,693 - PolymarketIngestor - WARNING - Rate limited (429). Retrying in 2s...
2026-01-13 17:27:36,694 - PolymarketIngestor - WARNING - Rate limited (429). Retrying in 2s...
2026-01-13 17:27:36,694 - PolymarketIngestor - WARNING - Rate limited (429). Retrying in 2s...
2026-01-13 17:27:36,694 - PolymarketIngestor - WARNING - Rate limited (429). Retrying in 2s...
2026-01-13 17:27:36,696 - PolymarketIngestor - WARNING - Rate limited (429). Retrying in 2s...
2026-01-13 17:27:36,696 - PolymarketIngestor - WARNING - Rate limited (429). Retrying in 2s...
2026-01-13 17:27:36,696 - PolymarketIngestor - WARNING - Rate limited (429). Retrying in 2s...
2026-01-13 17:27:36,697 - PolymarketIngestor - WARNING - Rate limited (429). Retrying in 2s...
2026-01-13 17:27:36,697 - PolymarketIngestor - WARNING - Rate limited (429). Retrying in 2s...
2026-01-13 17:27:36,697 - PolymarketIngestor - WARNING - Rate limited (429). Retrying in 2s...
2026-01-13 17:27:36,702 - PolymarketIngestor - WARNING - Rate limited (429). Retrying in 2s...
2026-01-13 17:27:36,702 - PolymarketIngestor - WARNING - Rate limited (429). Retrying in 2s...
2026-01-13 17:27:36,704 - PolymarketIngestor - WARNING - Rate limited (429). Retrying in 2s...
2026-01-13 17:27:36,704 - PolymarketIngestor - WARNING - Rate limited (429). Retrying in 2s...
2026-01-13 17:27:36,704 - PolymarketIngestor - WARNING - Rate limited (429). Retrying in 2s...
2026-01-13 17:27:36,705 - PolymarketIngestor - WARNING - Rate limited (429). Retrying in 2s...
2026-01-13 17:27:36,705 - PolymarketIngestor - WARNING - Rate limited (429). Retrying in 2s...
2026-01-13 17:27:36,705 - PolymarketIngestor - WARNING - Rate limited (429). Retrying in 2s...
2026-01-13 17:27:36,706 - PolymarketIngestor - WARNING - Rate limited (429). Retrying in 2s...
2026-01-13 17:27:36,706 - PolymarketIngestor - WARNING - Rate limited (429). Retrying in 2s...
2026-01-13 17:27:36,706 - PolymarketIngestor - WARNING - Rate limited (429). Retrying in 2s...
2026-01-13 17:27:36,706 - PolymarketIngestor - WARNING - Rate limited (429). Retrying in 2s...
2026-01-13 17:27:36,706 - PolymarketIngestor - WARNING - Rate limited (429). Retrying in 2s...
2026-01-13 17:27:36,707 - PolymarketIngestor - WARNING - Rate limited (429). Retrying in 2s...
2026-01-13 17:27:36,707 - PolymarketIngestor - WARNING - Rate limited (429). Retrying in 2s...
2026-01-13 17:27:36,708 - PolymarketIngestor - WARNING - Rate limited (429). Retrying in 2s...
2026-01-13 17:27:36,708 - PolymarketIngestor - INFO - Successfully ingested 61 trades for: Delaware State Hornets vs. Howard Bison: O/U 131.5
2026-01-13 17:27:36,709 - PolymarketIngestor - WARNING - Rate limited (429). Retrying in 2s...
2026-01-13 17:27:36,709 - PolymarketIngestor - WARNING - Rate limited (429). Retrying in 2s...
2026-01-13 17:27:36,710 - PolymarketIngestor - WARNING - Rate limited (429). Retrying in 2s...
2026-01-13 17:27:36,711 - PolymarketIngestor - WARNING - Rate limited (429). Retrying in 2s...
2026-01-13 17:27:36,711 - PolymarketIngestor - WARNING - Rate limited (429). Retrying in 2s...
2026-01-13 17:27:36,712 - PolymarketIngestor - WARNING - Rate limited (429). Retrying in 2s...
2026-01-13 17:27:36,712 - PolymarketIngestor - WARNING - Rate limited (429). Retrying in 2s...
2026-01-13 17:27:36,712 - PolymarketIngestor - WARNING - Rate limited (429). Retrying in 2s...
2026-01-13 17:27:36,713 - PolymarketIngestor - WARNING - Rate limited (429). Retrying in 2s...
2026-01-13 17:27:36,713 - PolymarketIngestor - WARNING - Rate limited (429). Retrying in 2s...
2026-01-13 17:27:36,716 - PolymarketIngestor - INFO - Successfully ingested 115 trades for: Dota 2:  Pipsqueak+4 vs OQ Enjoyers (BO3)
2026-01-13 17:27:36,716 - PolymarketIngestor - WARNING - Rate limited (429). Retrying in 2s...
2026-01-13 17:27:36,716 - PolymarketIngestor - WARNING - Rate limited (429). Retrying in 2s...
2026-01-13 17:27:36,717 - PolymarketIngestor - WARNING - Rate limited (429). Retrying in 2s...
2026-01-13 17:27:36,717 - PolymarketIngestor - WARNING - Rate limited (429). Retrying in 2s...
2026-01-13 17:27:36,718 - PolymarketIngestor - WARNING - Rate limited (429). Retrying in 2s...
2026-01-13 17:27:36,719 - PolymarketIngestor - WARNING - Rate limited (429). Retrying in 2s...
2026-01-13 17:27:36,719 - PolymarketIngestor - WARNING - Rate limited (429). Retrying in 2s...
2026-01-13 17:27:36,719 - PolymarketIngestor - WARNING - Rate limited (429). Retrying in 2s...
2026-01-13 17:27:36,720 - PolymarketIngestor - WARNING - Rate limited (429). Retrying in 2s...
2026-01-13 17:27:36,721 - PolymarketIngestor - WARNING - Rate limited (429). Retrying in 2s...
2026-01-13 17:27:36,723 - PolymarketIngestor - WARNING - Rate limited (429). Retrying in 2s...
2026-01-13 17:27:36,723 - PolymarketIngestor - WARNING - Rate limited (429). Retrying in 2s...
2026-01-13 17:27:36,725 - PolymarketIngestor - WARNING - Rate limited (429). Retrying in 2s...
2026-01-13 17:27:36,725 - PolymarketIngestor - WARNING - Rate limited (429). Retrying in 2s...
2026-01-13 17:27:36,726 - PolymarketIngestor - WARNING - Rate limited (429). Retrying in 2s...
2026-01-13 17:27:36,726 - PolymarketIngestor - WARNING - Rate limited (429). Retrying in 2s...
2026-01-13 17:27:36,732 - PolymarketIngestor - WARNING - Rate limited (429). Retrying in 2s...
2026-01-13 17:27:36,734 - PolymarketIngestor - WARNING - Rate limited (429). Retrying in 2s...
2026-01-13 17:27:36,734 - PolymarketIngestor - WARNING - Rate limited (429). Retrying in 2s...
2026-01-13 17:27:36,735 - PolymarketIngestor - WARNING - Rate limited (429). Retrying in 2s...
2026-01-13 17:27:36,735 - PolymarketIngestor - WARNING - Rate limited (429). Retrying in 2s...
2026-01-13 17:27:36,736 - PolymarketIngestor - WARNING - Rate limited (429). Retrying in 2s...
2026-01-13 17:27:36,736 - PolymarketIngestor - WARNING - Rate limited (429). Retrying in 2s...
2026-01-13 17:27:36,736 - PolymarketIngestor - WARNING - Rate limited (429). Retrying in 2s...
2026-01-13 17:27:36,737 - PolymarketIngestor - WARNING - Rate limited (429). Retrying in 2s...
2026-01-13 17:27:36,749 - PolymarketIngestor - WARNING - Rate limited (429). Retrying in 2s...
2026-01-13 17:27:36,759 - PolymarketIngestor - WARNING - Rate limited (429). Retrying in 2s...
2026-01-13 17:27:36,767 - PolymarketIngestor - WARNING - Rate limited (429). Retrying in 2s...
2026-01-13 17:27:36,770 - PolymarketIngestor - WARNING - Rate limited (429). Retrying in 2s...
2026-01-13 17:27:36,781 - PolymarketIngestor - WARNING - Rate limited (429). Retrying in 2s...
2026-01-13 17:27:36,790 - PolymarketIngestor - WARNING - Rate limited (429). Retrying in 2s...
2026-01-13 17:27:36,796 - PolymarketIngestor - WARNING - Rate limited (429). Retrying in 2s...
2026-01-13 17:27:36,824 - PolymarketIngestor - WARNING - Rate limited (429). Retrying in 2s...
2026-01-13 17:27:36,830 - PolymarketIngestor - WARNING - Rate limited (429). Retrying in 2s...
2026-01-13 17:27:36,837 - PolymarketIngestor - WARNING - Rate limited (429). Retrying in 2s...
2026-01-13 17:27:36,860 - PolymarketIngestor - WARNING - Rate limited (429). Retrying in 2s...
2026-01-13 17:27:36,880 - PolymarketIngestor - WARNING - Rate limited (429). Retrying in 2s...
2026-01-13 17:27:36,884 - PolymarketIngestor - WARNING - Rate limited (429). Retrying in 2s...
2026-01-13 17:27:36,909 - PolymarketIngestor - WARNING - Rate limited (429). Retrying in 2s...
2026-01-13 17:27:37,015 - PolymarketIngestor - WARNING - Rate limited (429). Retrying in 2s...
2026-01-13 17:27:37,208 - PolymarketIngestor - WARNING - Rate limited (429). Retrying in 2s...
2026-01-13 17:27:37,273 - PolymarketIngestor - WARNING - Rate limited (429). Retrying in 2s...
2026-01-13 17:27:37,290 - PolymarketIngestor - WARNING - Rate limited (429). Retrying in 2s...
2026-01-13 17:27:38,204 - PolymarketIngestor - WARNING - Rate limited (429). Retrying in 2s...
2026-01-13 17:27:38,605 - PolymarketIngestor - WARNING - Rate limited (429). Retrying in 4s...
2026-01-13 17:27:38,615 - PolymarketIngestor - WARNING - Rate limited (429). Retrying in 4s...
2026-01-13 17:27:38,616 - PolymarketIngestor - WARNING - Rate limited (429). Retrying in 4s...
2026-01-13 17:27:38,618 - PolymarketIngestor - WARNING - Rate limited (429). Retrying in 4s...
2026-01-13 17:27:38,619 - PolymarketIngestor - WARNING - Rate limited (429). Retrying in 4s...
2026-01-13 17:27:38,619 - PolymarketIngestor - WARNING - Rate limited (429). Retrying in 4s...
2026-01-13 17:27:38,622 - PolymarketIngestor - WARNING - Rate limited (429). Retrying in 4s...
2026-01-13 17:27:38,623 - PolymarketIngestor - WARNING - Rate limited (429). Retrying in 4s...
2026-01-13 17:27:38,623 - PolymarketIngestor - WARNING - Rate limited (429). Retrying in 4s...
2026-01-13 17:27:38,636 - PolymarketIngestor - WARNING - Rate limited (429). Retrying in 4s...
2026-01-13 17:27:38,639 - PolymarketIngestor - WARNING - Rate limited (429). Retrying in 4s...
2026-01-13 17:27:38,639 - PolymarketIngestor - WARNING - Rate limited (429). Retrying in 4s...
2026-01-13 17:27:38,641 - PolymarketIngestor - WARNING - Rate limited (429). Retrying in 4s...
2026-01-13 17:27:38,644 - PolymarketIngestor - WARNING - Rate limited (429). Retrying in 4s...
2026-01-13 17:27:38,647 - PolymarketIngestor - WARNING - Rate limited (429). Retrying in 4s...
2026-01-13 17:27:38,648 - PolymarketIngestor - WARNING - Rate limited (429). Retrying in 4s...
2026-01-13 17:27:38,651 - PolymarketIngestor - WARNING - Rate limited (429). Retrying in 4s...
2026-01-13 17:27:38,652 - PolymarketIngestor - WARNING - Rate limited (429). Retrying in 4s...
2026-01-13 17:27:38,652 - PolymarketIngestor - WARNING - Rate limited (429). Retrying in 4s...
2026-01-13 17:27:38,655 - PolymarketIngestor - WARNING - Rate limited (429). Retrying in 4s...
2026-01-13 17:27:38,655 - PolymarketIngestor - WARNING - Rate limited (429). Retrying in 4s...
2026-01-13 17:27:38,656 - PolymarketIngestor - WARNING - Rate limited (429). Retrying in 4s...
2026-01-13 17:27:38,657 - PolymarketIngestor - WARNING - Rate limited (429). Retrying in 4s...
2026-01-13 17:27:38,657 - PolymarketIngestor - WARNING - Rate limited (429). Retrying in 4s...
2026-01-13 17:27:38,660 - PolymarketIngestor - WARNING - Rate limited (429). Retrying in 4s...
2026-01-13 17:27:38,661 - PolymarketIngestor - WARNING - Rate limited (429). Retrying in 4s...
2026-01-13 17:27:38,661 - PolymarketIngestor - WARNING - Rate limited (429). Retrying in 4s...
2026-01-13 17:27:38,662 - PolymarketIngestor - WARNING - Rate limited (429). Retrying in 4s...
2026-01-13 17:27:38,668 - PolymarketIngestor - WARNING - Rate limited (429). Retrying in 4s...
2026-01-13 17:27:38,668 - PolymarketIngestor - WARNING - Rate limited (429). Retrying in 4s...
2026-01-13 17:27:38,670 - PolymarketIngestor - WARNING - Rate limited (429). Retrying in 4s...
2026-01-13 17:27:38,670 - PolymarketIngestor - WARNING - Rate limited (429). Retrying in 4s...
2026-01-13 17:27:38,671 - PolymarketIngestor - WARNING - Rate limited (429). Retrying in 4s...
2026-01-13 17:27:38,671 - PolymarketIngestor - WARNING - Rate limited (429). Retrying in 4s...
2026-01-13 17:27:38,671 - PolymarketIngestor - WARNING - Rate limited (429). Retrying in 4s...
2026-01-13 17:27:38,672 - PolymarketIngestor - WARNING - Rate limited (429). Retrying in 4s...
2026-01-13 17:27:38,672 - PolymarketIngestor - WARNING - Rate limited (429). Retrying in 4s...
2026-01-13 17:27:38,672 - PolymarketIngestor - WARNING - Rate limited (429). Retrying in 4s...
2026-01-13 17:27:38,674 - PolymarketIngestor - WARNING - Rate limited (429). Retrying in 4s...
2026-01-13 17:27:38,675 - PolymarketIngestor - WARNING - Rate limited (429). Retrying in 4s...
2026-01-13 17:27:38,675 - PolymarketIngestor - WARNING - Rate limited (429). Retrying in 4s...
2026-01-13 17:27:38,676 - PolymarketIngestor - WARNING - Rate limited (429). Retrying in 4s...
2026-01-13 17:27:38,677 - PolymarketIngestor - WARNING - Rate limited (429). Retrying in 4s...
2026-01-13 17:27:38,682 - PolymarketIngestor - WARNING - Rate limited (429). Retrying in 4s...
2026-01-13 17:27:38,682 - PolymarketIngestor - WARNING - Rate limited (429). Retrying in 4s...
2026-01-13 17:27:38,683 - PolymarketIngestor - WARNING - Rate limited (429). Retrying in 4s...
2026-01-13 17:27:38,683 - PolymarketIngestor - WARNING - Rate limited (429). Retrying in 4s...
2026-01-13 17:27:38,684 - PolymarketIngestor - WARNING - Rate limited (429). Retrying in 4s...
2026-01-13 17:27:38,686 - PolymarketIngestor - WARNING - Rate limited (429). Retrying in 4s...
2026-01-13 17:27:38,686 - PolymarketIngestor - WARNING - Rate limited (429). Retrying in 4s...
2026-01-13 17:27:38,688 - PolymarketIngestor - WARNING - Rate limited (429). Retrying in 4s...
2026-01-13 17:27:38,689 - PolymarketIngestor - WARNING - Rate limited (429). Retrying in 4s...
2026-01-13 17:27:38,691 - PolymarketIngestor - WARNING - Rate limited (429). Retrying in 4s...
2026-01-13 17:27:38,692 - PolymarketIngestor - WARNING - Rate limited (429). Retrying in 4s...
2026-01-13 17:27:38,694 - PolymarketIngestor - WARNING - Rate limited (429). Retrying in 4s...
2026-01-13 17:27:38,695 - PolymarketIngestor - WARNING - Rate limited (429). Retrying in 4s...
2026-01-13 17:27:38,696 - PolymarketIngestor - WARNING - Rate limited (429). Retrying in 4s...
2026-01-13 17:27:38,697 - PolymarketIngestor - WARNING - Rate limited (429). Retrying in 4s...
2026-01-13 17:27:38,702 - PolymarketIngestor - WARNING - Rate limited (429). Retrying in 4s...
2026-01-13 17:27:38,705 - PolymarketIngestor - WARNING - Rate limited (429). Retrying in 4s...
2026-01-13 17:27:38,708 - PolymarketIngestor - WARNING - Rate limited (429). Retrying in 4s...
2026-01-13 17:27:38,708 - PolymarketIngestor - WARNING - Rate limited (429). Retrying in 4s...
2026-01-13 17:27:38,709 - PolymarketIngestor - WARNING - Rate limited (429). Retrying in 4s...
2026-01-13 17:27:38,709 - PolymarketIngestor - WARNING - Rate limited (429). Retrying in 4s...
2026-01-13 17:27:38,709 - PolymarketIngestor - WARNING - Rate limited (429). Retrying in 4s...
2026-01-13 17:27:38,711 - PolymarketIngestor - WARNING - Rate limited (429). Retrying in 4s...
2026-01-13 17:27:38,716 - PolymarketIngestor - WARNING - Rate limited (429). Retrying in 4s...
2026-01-13 17:27:38,717 - PolymarketIngestor - WARNING - Rate limited (429). Retrying in 4s...
2026-01-13 17:27:38,718 - PolymarketIngestor - WARNING - Rate limited (429). Retrying in 4s...
2026-01-13 17:27:38,720 - PolymarketIngestor - WARNING - Rate limited (429). Retrying in 4s...
2026-01-13 17:27:38,721 - PolymarketIngestor - WARNING - Rate limited (429). Retrying in 4s...
2026-01-13 17:27:38,721 - PolymarketIngestor - WARNING - Rate limited (429). Retrying in 4s...
2026-01-13 17:27:38,721 - PolymarketIngestor - WARNING - Rate limited (429). Retrying in 4s...
2026-01-13 17:27:38,721 - PolymarketIngestor - WARNING - Rate limited (429). Retrying in 4s...
2026-01-13 17:27:38,721 - PolymarketIngestor - WARNING - Rate limited (429). Retrying in 4s...
2026-01-13 17:27:38,722 - PolymarketIngestor - WARNING - Rate limited (429). Retrying in 4s...
2026-01-13 17:27:38,722 - PolymarketIngestor - WARNING - Rate limited (429). Retrying in 4s...
2026-01-13 17:27:38,722 - PolymarketIngestor - WARNING - Rate limited (429). Retrying in 4s...
2026-01-13 17:27:38,722 - PolymarketIngestor - WARNING - Rate limited (429). Retrying in 4s...
2026-01-13 17:27:38,723 - PolymarketIngestor - WARNING - Rate limited (429). Retrying in 4s...
2026-01-13 17:27:38,723 - PolymarketIngestor - WARNING - Rate limited (429). Retrying in 4s...
2026-01-13 17:27:38,723 - PolymarketIngestor - WARNING - Rate limited (429). Retrying in 4s...
2026-01-13 17:27:38,724 - PolymarketIngestor - WARNING - Rate limited (429). Retrying in 4s...
2026-01-13 17:27:38,724 - PolymarketIngestor - WARNING - Rate limited (429). Retrying in 4s...
2026-01-13 17:27:38,724 - PolymarketIngestor - WARNING - Rate limited (429). Retrying in 4s...
2026-01-13 17:27:38,724 - PolymarketIngestor - WARNING - Rate limited (429). Retrying in 4s...
2026-01-13 17:27:38,725 - PolymarketIngestor - WARNING - Rate limited (429). Retrying in 4s...
2026-01-13 17:27:38,725 - PolymarketIngestor - WARNING - Rate limited (429). Retrying in 4s...
2026-01-13 17:27:38,725 - PolymarketIngestor - WARNING - Rate limited (429). Retrying in 4s...
2026-01-13 17:27:38,727 - PolymarketIngestor - WARNING - Rate limited (429). Retrying in 4s...
2026-01-13 17:27:38,727 - PolymarketIngestor - WARNING - Rate limited (429). Retrying in 4s...
2026-01-13 17:27:38,728 - PolymarketIngestor - WARNING - Rate limited (429). Retrying in 4s...
2026-01-13 17:27:38,729 - PolymarketIngestor - WARNING - Rate limited (429). Retrying in 4s...
2026-01-13 17:27:38,729 - PolymarketIngestor - WARNING - Rate limited (429). Retrying in 4s...
2026-01-13 17:27:38,729 - PolymarketIngestor - WARNING - Rate limited (429). Retrying in 4s...
2026-01-13 17:27:38,730 - PolymarketIngestor - WARNING - Rate limited (429). Retrying in 4s...
2026-01-13 17:27:38,731 - PolymarketIngestor - WARNING - Rate limited (429). Retrying in 4s...
2026-01-13 17:27:38,731 - PolymarketIngestor - WARNING - Rate limited (429). Retrying in 4s...
2026-01-13 17:27:38,731 - PolymarketIngestor - WARNING - Rate limited (429). Retrying in 4s...
2026-01-13 17:27:38,735 - PolymarketIngestor - WARNING - Rate limited (429). Retrying in 4s...
2026-01-13 17:27:38,737 - PolymarketIngestor - WARNING - Rate limited (429). Retrying in 4s...
2026-01-13 17:27:38,738 - PolymarketIngestor - WARNING - Rate limited (429). Retrying in 4s...
2026-01-13 17:27:38,739 - PolymarketIngestor - WARNING - Rate limited (429). Retrying in 4s...
2026-01-13 17:27:38,739 - PolymarketIngestor - WARNING - Rate limited (429). Retrying in 4s...
2026-01-13 17:27:38,739 - PolymarketIngestor - WARNING - Rate limited (429). Retrying in 4s...
2026-01-13 17:27:38,740 - PolymarketIngestor - WARNING - Rate limited (429). Retrying in 4s...
2026-01-13 17:27:38,740 - PolymarketIngestor - WARNING - Rate limited (429). Retrying in 4s...
2026-01-13 17:27:38,740 - PolymarketIngestor - WARNING - Rate limited (429). Retrying in 4s...
2026-01-13 17:27:38,741 - PolymarketIngestor - WARNING - Rate limited (429). Retrying in 4s...
2026-01-13 17:27:38,742 - PolymarketIngestor - WARNING - Rate limited (429). Retrying in 4s...
2026-01-13 17:27:38,742 - PolymarketIngestor - WARNING - Rate limited (429). Retrying in 4s...
2026-01-13 17:27:38,743 - PolymarketIngestor - WARNING - Rate limited (429). Retrying in 4s...
2026-01-13 17:27:38,744 - PolymarketIngestor - WARNING - Rate limited (429). Retrying in 4s...
2026-01-13 17:27:38,744 - PolymarketIngestor - WARNING - Rate limited (429). Retrying in 4s...
2026-01-13 17:27:38,744 - PolymarketIngestor - WARNING - Rate limited (429). Retrying in 4s...
2026-01-13 17:27:38,745 - PolymarketIngestor - WARNING - Rate limited (429). Retrying in 4s...
2026-01-13 17:27:38,746 - PolymarketIngestor - WARNING - Rate limited (429). Retrying in 4s...
2026-01-13 17:27:38,750 - PolymarketIngestor - WARNING - Rate limited (429). Retrying in 4s...
2026-01-13 17:27:38,750 - PolymarketIngestor - WARNING - Rate limited (429). Retrying in 4s...
2026-01-13 17:27:38,751 - PolymarketIngestor - WARNING - Rate limited (429). Retrying in 4s...
2026-01-13 17:27:38,751 - PolymarketIngestor - WARNING - Rate limited (429). Retrying in 4s...
2026-01-13 17:27:38,752 - PolymarketIngestor - WARNING - Rate limited (429). Retrying in 4s...
2026-01-13 17:27:38,752 - PolymarketIngestor - WARNING - Rate limited (429). Retrying in 4s...
2026-01-13 17:27:38,752 - PolymarketIngestor - WARNING - Rate limited (429). Retrying in 4s...
2026-01-13 17:27:38,753 - PolymarketIngestor - WARNING - Rate limited (429). Retrying in 4s...
2026-01-13 17:27:38,753 - PolymarketIngestor - WARNING - Rate limited (429). Retrying in 4s...
2026-01-13 17:27:38,754 - PolymarketIngestor - WARNING - Rate limited (429). Retrying in 4s...
2026-01-13 17:27:38,754 - PolymarketIngestor - WARNING - Rate limited (429). Retrying in 4s...
2026-01-13 17:27:38,754 - PolymarketIngestor - WARNING - Rate limited (429). Retrying in 4s...
2026-01-13 17:27:38,754 - PolymarketIngestor - WARNING - Rate limited (429). Retrying in 4s...
2026-01-13 17:27:38,754 - PolymarketIngestor - WARNING - Rate limited (429). Retrying in 4s...
2026-01-13 17:27:38,755 - PolymarketIngestor - WARNING - Rate limited (429). Retrying in 4s...
2026-01-13 17:27:38,755 - PolymarketIngestor - WARNING - Rate limited (429). Retrying in 4s...
2026-01-13 17:27:38,755 - PolymarketIngestor - WARNING - Rate limited (429). Retrying in 4s...
2026-01-13 17:27:38,756 - PolymarketIngestor - WARNING - Rate limited (429). Retrying in 4s...
2026-01-13 17:27:38,756 - PolymarketIngestor - WARNING - Rate limited (429). Retrying in 4s...
2026-01-13 17:27:38,757 - PolymarketIngestor - WARNING - Rate limited (429). Retrying in 4s...
2026-01-13 17:27:38,757 - PolymarketIngestor - WARNING - Rate limited (429). Retrying in 4s...
2026-01-13 17:27:38,758 - PolymarketIngestor - WARNING - Rate limited (429). Retrying in 4s...
2026-01-13 17:27:38,759 - PolymarketIngestor - WARNING - Rate limited (429). Retrying in 4s...
2026-01-13 17:27:38,759 - PolymarketIngestor - WARNING - Rate limited (429). Retrying in 4s...
2026-01-13 17:27:38,760 - PolymarketIngestor - WARNING - Rate limited (429). Retrying in 4s...
2026-01-13 17:27:38,761 - PolymarketIngestor - WARNING - Rate limited (429). Retrying in 4s...
2026-01-13 17:27:38,761 - PolymarketIngestor - WARNING - Rate limited (429). Retrying in 4s...
2026-01-13 17:27:38,762 - PolymarketIngestor - WARNING - Rate limited (429). Retrying in 4s...
2026-01-13 17:27:38,762 - PolymarketIngestor - WARNING - Rate limited (429). Retrying in 4s...
2026-01-13 17:27:38,764 - PolymarketIngestor - WARNING - Rate limited (429). Retrying in 4s...
2026-01-13 17:27:38,767 - PolymarketIngestor - WARNING - Rate limited (429). Retrying in 4s...
2026-01-13 17:27:38,767 - PolymarketIngestor - WARNING - Rate limited (429). Retrying in 4s...
2026-01-13 17:27:38,771 - PolymarketIngestor - WARNING - Rate limited (429). Retrying in 4s...
2026-01-13 17:27:38,771 - PolymarketIngestor - WARNING - Rate limited (429). Retrying in 4s...
2026-01-13 17:27:38,772 - PolymarketIngestor - WARNING - Rate limited (429). Retrying in 4s...
2026-01-13 17:27:38,772 - PolymarketIngestor - WARNING - Rate limited (429). Retrying in 4s...
2026-01-13 17:27:38,773 - PolymarketIngestor - WARNING - Rate limited (429). Retrying in 4s...
2026-01-13 17:27:38,775 - PolymarketIngestor - WARNING - Rate limited (429). Retrying in 4s...
2026-01-13 17:27:38,777 - PolymarketIngestor - WARNING - Rate limited (429). Retrying in 4s...
2026-01-13 17:27:38,778 - PolymarketIngestor - WARNING - Rate limited (429). Retrying in 4s...
2026-01-13 17:27:38,783 - PolymarketIngestor - WARNING - Rate limited (429). Retrying in 4s...
2026-01-13 17:27:38,784 - PolymarketIngestor - WARNING - Rate limited (429). Retrying in 4s...
2026-01-13 17:27:38,784 - PolymarketIngestor - WARNING - Rate limited (429). Retrying in 4s...
2026-01-13 17:27:38,786 - PolymarketIngestor - WARNING - Rate limited (429). Retrying in 4s...
2026-01-13 17:27:38,794 - PolymarketIngestor - WARNING - Rate limited (429). Retrying in 4s...
2026-01-13 17:27:38,795 - PolymarketIngestor - WARNING - Rate limited (429). Retrying in 4s...
2026-01-13 17:27:38,799 - PolymarketIngestor - WARNING - Rate limited (429). Retrying in 4s...
2026-01-13 17:27:38,810 - PolymarketIngestor - WARNING - Rate limited (429). Retrying in 4s...
2026-01-13 17:27:38,810 - PolymarketIngestor - WARNING - Rate limited (429). Retrying in 4s...
2026-01-13 17:27:38,834 - PolymarketIngestor - WARNING - Rate limited (429). Retrying in 4s...
2026-01-13 17:27:38,835 - PolymarketIngestor - WARNING - Rate limited (429). Retrying in 4s...
2026-01-13 17:27:38,835 - PolymarketIngestor - WARNING - Rate limited (429). Retrying in 4s...
2026-01-13 17:27:38,860 - PolymarketIngestor - WARNING - Rate limited (429). Retrying in 4s...
2026-01-13 17:27:38,871 - PolymarketIngestor - WARNING - Rate limited (429). Retrying in 4s...
2026-01-13 17:27:38,871 - PolymarketIngestor - WARNING - Rate limited (429). Retrying in 4s...
2026-01-13 17:27:38,879 - PolymarketIngestor - WARNING - Rate limited (429). Retrying in 4s...
2026-01-13 17:27:38,907 - PolymarketIngestor - WARNING - Rate limited (429). Retrying in 4s...
2026-01-13 17:27:38,935 - PolymarketIngestor - WARNING - Rate limited (429). Retrying in 4s...
2026-01-13 17:27:38,939 - PolymarketIngestor - WARNING - Rate limited (429). Retrying in 4s...
2026-01-13 17:27:38,975 - PolymarketIngestor - WARNING - Rate limited (429). Retrying in 4s...
2026-01-13 17:27:39,063 - PolymarketIngestor - WARNING - Rate limited (429). Retrying in 4s...
2026-01-13 17:27:39,250 - PolymarketIngestor - WARNING - Rate limited (429). Retrying in 4s...
2026-01-13 17:27:39,318 - PolymarketIngestor - WARNING - Rate limited (429). Retrying in 4s...
2026-01-13 17:27:39,324 - PolymarketIngestor - WARNING - Rate limited (429). Retrying in 4s...
2026-01-13 17:27:41,045 - PolymarketIngestor - INFO - Successfully ingested 330 trades for: Counter-Strike: Acend vs Bushido Wildcats (BO3)
2026-01-13 17:27:42,717 - PolymarketIngestor - WARNING - Rate limited (429). Retrying in 6s...
2026-01-13 17:27:42,718 - PolymarketIngestor - WARNING - Rate limited (429). Retrying in 6s...
2026-01-13 17:27:42,724 - PolymarketIngestor - WARNING - Rate limited (429). Retrying in 6s...
2026-01-13 17:27:42,724 - PolymarketIngestor - WARNING - Rate limited (429). Retrying in 6s...
2026-01-13 17:27:42,726 - PolymarketIngestor - WARNING - Rate limited (429). Retrying in 6s...
2026-01-13 17:27:42,726 - PolymarketIngestor - WARNING - Rate limited (429). Retrying in 6s...
2026-01-13 17:27:42,727 - PolymarketIngestor - WARNING - Rate limited (429). Retrying in 6s...
2026-01-13 17:27:42,727 - PolymarketIngestor - WARNING - Rate limited (429). Retrying in 2s...
2026-01-13 17:27:42,727 - PolymarketIngestor - WARNING - Rate limited (429). Retrying in 6s...
2026-01-13 17:27:42,728 - PolymarketIngestor - WARNING - Rate limited (429). Retrying in 6s...
2026-01-13 17:27:42,734 - PolymarketIngestor - WARNING - Rate limited (429). Retrying in 6s...
2026-01-13 17:27:42,735 - PolymarketIngestor - WARNING - Rate limited (429). Retrying in 6s...
2026-01-13 17:27:42,735 - PolymarketIngestor - WARNING - Rate limited (429). Retrying in 6s...
2026-01-13 17:27:42,735 - PolymarketIngestor - WARNING - Rate limited (429). Retrying in 6s...
2026-01-13 17:27:42,735 - PolymarketIngestor - WARNING - Rate limited (429). Retrying in 6s...
2026-01-13 17:27:42,738 - PolymarketIngestor - WARNING - Rate limited (429). Retrying in 6s...
2026-01-13 17:27:42,738 - PolymarketIngestor - WARNING - Rate limited (429). Retrying in 6s...
2026-01-13 17:27:42,740 - PolymarketIngestor - WARNING - Rate limited (429). Retrying in 6s...
2026-01-13 17:27:42,740 - PolymarketIngestor - WARNING - Rate limited (429). Retrying in 6s...
2026-01-13 17:27:42,740 - PolymarketIngestor - WARNING - Rate limited (429). Retrying in 6s...
2026-01-13 17:27:42,741 - PolymarketIngestor - WARNING - Rate limited (429). Retrying in 6s...
2026-01-13 17:27:42,741 - PolymarketIngestor - WARNING - Rate limited (429). Retrying in 2s...
2026-01-13 17:27:42,743 - PolymarketIngestor - WARNING - Rate limited (429). Retrying in 6s...
2026-01-13 17:27:42,744 - PolymarketIngestor - WARNING - Rate limited (429). Retrying in 6s...
2026-01-13 17:27:42,751 - PolymarketIngestor - WARNING - Rate limited (429). Retrying in 6s...
2026-01-13 17:27:42,752 - PolymarketIngestor - WARNING - Rate limited (429). Retrying in 6s...
2026-01-13 17:27:42,753 - PolymarketIngestor - WARNING - Rate limited (429). Retrying in 6s...
2026-01-13 17:27:42,754 - PolymarketIngestor - WARNING - Rate limited (429). Retrying in 6s...
2026-01-13 17:27:42,754 - PolymarketIngestor - WARNING - Rate limited (429). Retrying in 6s...
2026-01-13 17:27:42,755 - PolymarketIngestor - WARNING - Rate limited (429). Retrying in 6s...
2026-01-13 17:27:42,759 - PolymarketIngestor - WARNING - Rate limited (429). Retrying in 6s...
2026-01-13 17:27:42,762 - PolymarketIngestor - WARNING - Rate limited (429). Retrying in 6s...
2026-01-13 17:27:42,762 - PolymarketIngestor - WARNING - Rate limited (429). Retrying in 6s...
2026-01-13 17:27:42,764 - PolymarketIngestor - WARNING - Rate limited (429). Retrying in 6s...
2026-01-13 17:27:42,764 - PolymarketIngestor - WARNING - Rate limited (429). Retrying in 6s...
2026-01-13 17:27:42,765 - PolymarketIngestor - WARNING - Rate limited (429). Retrying in 6s...
2026-01-13 17:27:42,765 - PolymarketIngestor - WARNING - Rate limited (429). Retrying in 6s...
2026-01-13 17:27:42,767 - PolymarketIngestor - WARNING - Rate limited (429). Retrying in 6s...
2026-01-13 17:27:42,768 - PolymarketIngestor - WARNING - Rate limited (429). Retrying in 6s...
2026-01-13 17:27:42,768 - PolymarketIngestor - WARNING - Rate limited (429). Retrying in 6s...
2026-01-13 17:27:42,771 - PolymarketIngestor - WARNING - Rate limited (429). Retrying in 6s...
2026-01-13 17:27:42,771 - PolymarketIngestor - WARNING - Rate limited (429). Retrying in 6s...
2026-01-13 17:27:42,772 - PolymarketIngestor - WARNING - Rate limited (429). Retrying in 6s...
2026-01-13 17:27:42,772 - PolymarketIngestor - WARNING - Rate limited (429). Retrying in 6s...
2026-01-13 17:27:42,773 - PolymarketIngestor - WARNING - Rate limited (429). Retrying in 6s...
2026-01-13 17:27:42,774 - PolymarketIngestor - WARNING - Rate limited (429). Retrying in 6s...
2026-01-13 17:27:42,774 - PolymarketIngestor - WARNING - Rate limited (429). Retrying in 6s...
2026-01-13 17:27:42,774 - PolymarketIngestor - WARNING - Rate limited (429). Retrying in 6s...
2026-01-13 17:27:42,779 - PolymarketIngestor - WARNING - Rate limited (429). Retrying in 6s...
2026-01-13 17:27:42,782 - PolymarketIngestor - WARNING - Rate limited (429). Retrying in 6s...
2026-01-13 17:27:42,782 - PolymarketIngestor - WARNING - Rate limited (429). Retrying in 6s...
2026-01-13 17:27:42,783 - PolymarketIngestor - WARNING - Rate limited (429). Retrying in 6s...
2026-01-13 17:27:42,783 - PolymarketIngestor - WARNING - Rate limited (429). Retrying in 6s...
2026-01-13 17:27:42,784 - PolymarketIngestor - WARNING - Rate limited (429). Retrying in 6s...
2026-01-13 17:27:42,784 - PolymarketIngestor - WARNING - Rate limited (429). Retrying in 6s...
2026-01-13 17:27:42,785 - PolymarketIngestor - WARNING - Rate limited (429). Retrying in 6s...
2026-01-13 17:27:42,786 - PolymarketIngestor - WARNING - Rate limited (429). Retrying in 6s...
2026-01-13 17:27:42,786 - PolymarketIngestor - WARNING - Rate limited (429). Retrying in 6s...
2026-01-13 17:27:42,787 - PolymarketIngestor - WARNING - Rate limited (429). Retrying in 6s...
2026-01-13 17:27:42,787 - PolymarketIngestor - WARNING - Rate limited (429). Retrying in 6s...
2026-01-13 17:27:42,787 - PolymarketIngestor - WARNING - Rate limited (429). Retrying in 6s...
2026-01-13 17:27:42,787 - PolymarketIngestor - WARNING - Rate limited (429). Retrying in 6s...
2026-01-13 17:27:42,787 - PolymarketIngestor - WARNING - Rate limited (429). Retrying in 6s...
2026-01-13 17:27:42,787 - PolymarketIngestor - WARNING - Rate limited (429). Retrying in 6s...
2026-01-13 17:27:42,788 - PolymarketIngestor - WARNING - Rate limited (429). Retrying in 6s...
2026-01-13 17:27:42,789 - PolymarketIngestor - WARNING - Rate limited (429). Retrying in 6s...
2026-01-13 17:27:42,789 - PolymarketIngestor - WARNING - Rate limited (429). Retrying in 6s...
2026-01-13 17:27:42,789 - PolymarketIngestor - WARNING - Rate limited (429). Retrying in 6s...
2026-01-13 17:27:42,789 - PolymarketIngestor - WARNING - Rate limited (429). Retrying in 6s...
2026-01-13 17:27:42,789 - PolymarketIngestor - WARNING - Rate limited (429). Retrying in 6s...
2026-01-13 17:27:42,789 - PolymarketIngestor - WARNING - Rate limited (429). Retrying in 6s...
2026-01-13 17:27:42,789 - PolymarketIngestor - WARNING - Rate limited (429). Retrying in 6s...
2026-01-13 17:27:42,789 - PolymarketIngestor - WARNING - Rate limited (429). Retrying in 6s...
2026-01-13 17:27:42,789 - PolymarketIngestor - WARNING - Rate limited (429). Retrying in 6s...
2026-01-13 17:27:42,790 - PolymarketIngestor - WARNING - Rate limited (429). Retrying in 6s...
2026-01-13 17:27:42,790 - PolymarketIngestor - WARNING - Rate limited (429). Retrying in 2s...
2026-01-13 17:27:42,791 - PolymarketIngestor - WARNING - Rate limited (429). Retrying in 6s...
2026-01-13 17:27:42,791 - PolymarketIngestor - WARNING - Rate limited (429). Retrying in 6s...
2026-01-13 17:27:42,792 - PolymarketIngestor - WARNING - Rate limited (429). Retrying in 6s...
2026-01-13 17:27:42,792 - PolymarketIngestor - WARNING - Rate limited (429). Retrying in 6s...
2026-01-13 17:27:42,793 - PolymarketIngestor - WARNING - Rate limited (429). Retrying in 6s...
2026-01-13 17:27:42,793 - PolymarketIngestor - WARNING - Rate limited (429). Retrying in 6s...
2026-01-13 17:27:42,793 - PolymarketIngestor - WARNING - Rate limited (429). Retrying in 6s...
2026-01-13 17:27:42,798 - PolymarketIngestor - WARNING - Rate limited (429). Retrying in 6s...
2026-01-13 17:27:42,798 - PolymarketIngestor - INFO - Successfully ingested 143 trades for: Lakers vs. Kings: O/U 229.5
2026-01-13 17:27:42,799 - PolymarketIngestor - WARNING - Rate limited (429). Retrying in 6s...
2026-01-13 17:27:42,799 - PolymarketIngestor - WARNING - Rate limited (429). Retrying in 6s...
2026-01-13 17:27:42,800 - PolymarketIngestor - WARNING - Rate limited (429). Retrying in 6s...
2026-01-13 17:27:42,800 - PolymarketIngestor - WARNING - Rate limited (429). Retrying in 6s...
2026-01-13 17:27:42,801 - PolymarketIngestor - WARNING - Rate limited (429). Retrying in 6s...
2026-01-13 17:27:42,801 - PolymarketIngestor - WARNING - Rate limited (429). Retrying in 6s...
2026-01-13 17:27:42,801 - PolymarketIngestor - WARNING - Rate limited (429). Retrying in 6s...
2026-01-13 17:27:42,802 - PolymarketIngestor - WARNING - Rate limited (429). Retrying in 6s...
2026-01-13 17:27:42,804 - PolymarketIngestor - WARNING - Rate limited (429). Retrying in 6s...
2026-01-13 17:27:42,804 - PolymarketIngestor - WARNING - Rate limited (429). Retrying in 6s...
2026-01-13 17:27:42,806 - PolymarketIngestor - WARNING - Rate limited (429). Retrying in 6s...
2026-01-13 17:27:42,808 - PolymarketIngestor - WARNING - Rate limited (429). Retrying in 6s...
2026-01-13 17:27:42,808 - PolymarketIngestor - WARNING - Rate limited (429). Retrying in 6s...
2026-01-13 17:27:42,808 - PolymarketIngestor - WARNING - Rate limited (429). Retrying in 6s...
2026-01-13 17:27:42,808 - PolymarketIngestor - WARNING - Rate limited (429). Retrying in 6s...
2026-01-13 17:27:42,809 - PolymarketIngestor - WARNING - Rate limited (429). Retrying in 6s...
2026-01-13 17:27:42,810 - PolymarketIngestor - WARNING - Rate limited (429). Retrying in 6s...
2026-01-13 17:27:42,810 - PolymarketIngestor - WARNING - Rate limited (429). Retrying in 6s...
2026-01-13 17:27:42,810 - PolymarketIngestor - WARNING - Rate limited (429). Retrying in 6s...
2026-01-13 17:27:42,814 - PolymarketIngestor - INFO - Successfully ingested 311 trades for: LoL: DRX Challengers vs Hanwha Life Esports Challe
2026-01-13 17:27:42,816 - PolymarketIngestor - WARNING - Rate limited (429). Retrying in 6s...
2026-01-13 17:27:42,817 - PolymarketIngestor - WARNING - Rate limited (429). Retrying in 6s...
2026-01-13 17:27:42,817 - PolymarketIngestor - WARNING - Rate limited (429). Retrying in 6s...
2026-01-13 17:27:42,817 - PolymarketIngestor - WARNING - Rate limited (429). Retrying in 6s...
2026-01-13 17:27:42,817 - PolymarketIngestor - WARNING - Rate limited (429). Retrying in 6s...
2026-01-13 17:27:42,819 - PolymarketIngestor - WARNING - Rate limited (429). Retrying in 6s...
2026-01-13 17:27:42,819 - PolymarketIngestor - WARNING - Rate limited (429). Retrying in 6s...
2026-01-13 17:27:42,821 - PolymarketIngestor - WARNING - Rate limited (429). Retrying in 6s...
2026-01-13 17:27:42,821 - PolymarketIngestor - WARNING - Rate limited (429). Retrying in 6s...
2026-01-13 17:27:42,825 - PolymarketIngestor - WARNING - Rate limited (429). Retrying in 6s...
2026-01-13 17:27:42,825 - PolymarketIngestor - WARNING - Rate limited (429). Retrying in 6s...
2026-01-13 17:27:42,825 - PolymarketIngestor - WARNING - Rate limited (429). Retrying in 6s...
2026-01-13 17:27:42,826 - PolymarketIngestor - WARNING - Rate limited (429). Retrying in 6s...
2026-01-13 17:27:42,826 - PolymarketIngestor - WARNING - Rate limited (429). Retrying in 6s...
2026-01-13 17:27:42,826 - PolymarketIngestor - WARNING - Rate limited (429). Retrying in 6s...
2026-01-13 17:27:42,826 - PolymarketIngestor - WARNING - Rate limited (429). Retrying in 6s...
2026-01-13 17:27:42,828 - PolymarketIngestor - INFO - Successfully ingested 44 trades for: Lightning vs. Flyers: O/U 5.5
2026-01-13 17:27:42,828 - PolymarketIngestor - WARNING - Rate limited (429). Retrying in 6s...
2026-01-13 17:27:42,828 - PolymarketIngestor - WARNING - Rate limited (429). Retrying in 6s...
2026-01-13 17:27:42,829 - PolymarketIngestor - WARNING - Rate limited (429). Retrying in 6s...
2026-01-13 17:27:42,829 - PolymarketIngestor - WARNING - Rate limited (429). Retrying in 6s...
2026-01-13 17:27:42,831 - PolymarketIngestor - WARNING - Rate limited (429). Retrying in 6s...
2026-01-13 17:27:42,831 - PolymarketIngestor - WARNING - Rate limited (429). Retrying in 6s...
2026-01-13 17:27:42,831 - PolymarketIngestor - WARNING - Rate limited (429). Retrying in 2s...
2026-01-13 17:27:42,832 - PolymarketIngestor - WARNING - Rate limited (429). Retrying in 6s...
2026-01-13 17:27:42,836 - PolymarketIngestor - WARNING - Rate limited (429). Retrying in 6s...
2026-01-13 17:27:42,837 - PolymarketIngestor - WARNING - Rate limited (429). Retrying in 6s...
2026-01-13 17:27:42,838 - PolymarketIngestor - WARNING - Rate limited (429). Retrying in 6s...
2026-01-13 17:27:42,839 - PolymarketIngestor - WARNING - Rate limited (429). Retrying in 6s...
2026-01-13 17:27:42,840 - PolymarketIngestor - WARNING - Rate limited (429). Retrying in 6s...
2026-01-13 17:27:42,846 - PolymarketIngestor - WARNING - Rate limited (429). Retrying in 6s...
2026-01-13 17:27:42,852 - PolymarketIngestor - WARNING - Rate limited (429). Retrying in 6s...
2026-01-13 17:27:42,857 - PolymarketIngestor - WARNING - Rate limited (429). Retrying in 6s...
2026-01-13 17:27:42,863 - PolymarketIngestor - WARNING - Rate limited (429). Retrying in 6s...
2026-01-13 17:27:42,863 - PolymarketIngestor - WARNING - Rate limited (429). Retrying in 2s...
2026-01-13 17:27:42,866 - PolymarketIngestor - WARNING - Rate limited (429). Retrying in 2s...
2026-01-13 17:27:42,868 - PolymarketIngestor - WARNING - Rate limited (429). Retrying in 6s...
2026-01-13 17:27:42,871 - PolymarketIngestor - WARNING - Rate limited (429). Retrying in 6s...
2026-01-13 17:27:42,874 - PolymarketIngestor - WARNING - Rate limited (429). Retrying in 6s...
2026-01-13 17:27:42,877 - PolymarketIngestor - WARNING - Rate limited (429). Retrying in 6s...
2026-01-13 17:27:42,888 - PolymarketIngestor - WARNING - Rate limited (429). Retrying in 2s...
2026-01-13 17:27:42,900 - PolymarketIngestor - WARNING - Rate limited (429). Retrying in 2s...
2026-01-13 17:27:42,900 - PolymarketIngestor - WARNING - Rate limited (429). Retrying in 2s...
2026-01-13 17:27:42,902 - PolymarketIngestor - WARNING - Rate limited (429). Retrying in 6s...
2026-01-13 17:27:42,903 - PolymarketIngestor - WARNING - Rate limited (429). Retrying in 6s...
2026-01-13 17:27:42,912 - PolymarketIngestor - WARNING - Rate limited (429). Retrying in 2s...
2026-01-13 17:27:42,916 - PolymarketIngestor - WARNING - Rate limited (429). Retrying in 2s...
2026-01-13 17:27:42,922 - PolymarketIngestor - WARNING - Rate limited (429). Retrying in 6s...
2026-01-13 17:27:42,922 - PolymarketIngestor - WARNING - Rate limited (429). Retrying in 2s...
2026-01-13 17:27:42,925 - PolymarketIngestor - WARNING - Rate limited (429). Retrying in 6s...
2026-01-13 17:27:42,927 - PolymarketIngestor - WARNING - Rate limited (429). Retrying in 2s...
2026-01-13 17:27:42,934 - PolymarketIngestor - INFO - Successfully ingested 97 trades for: Will Trump say "Oil" or "Gas" or "Gasoline" 5+ tim
2026-01-13 17:27:42,937 - PolymarketIngestor - WARNING - Rate limited (429). Retrying in 2s...
2026-01-13 17:27:42,944 - PolymarketIngestor - WARNING - Rate limited (429). Retrying in 2s...
2026-01-13 17:27:42,952 - PolymarketIngestor - WARNING - Rate limited (429). Retrying in 2s...
2026-01-13 17:27:42,953 - PolymarketIngestor - WARNING - Rate limited (429). Retrying in 6s...
2026-01-13 17:27:42,953 - PolymarketIngestor - WARNING - Rate limited (429). Retrying in 2s...
2026-01-13 17:27:42,954 - PolymarketIngestor - WARNING - Rate limited (429). Retrying in 2s...
2026-01-13 17:27:42,954 - PolymarketIngestor - WARNING - Rate limited (429). Retrying in 2s...
2026-01-13 17:27:42,954 - PolymarketIngestor - WARNING - Rate limited (429). Retrying in 2s...
2026-01-13 17:27:42,956 - PolymarketIngestor - WARNING - Rate limited (429). Retrying in 2s...
2026-01-13 17:27:42,959 - PolymarketIngestor - WARNING - Rate limited (429). Retrying in 2s...
2026-01-13 17:27:42,960 - PolymarketIngestor - WARNING - Rate limited (429). Retrying in 2s...
2026-01-13 17:27:42,961 - PolymarketIngestor - WARNING - Rate limited (429). Retrying in 2s...
2026-01-13 17:27:42,965 - PolymarketIngestor - WARNING - Rate limited (429). Retrying in 2s...
2026-01-13 17:27:42,969 - PolymarketIngestor - WARNING - Rate limited (429). Retrying in 2s...
2026-01-13 17:27:42,973 - PolymarketIngestor - WARNING - Rate limited (429). Retrying in 2s...
2026-01-13 17:27:42,979 - PolymarketIngestor - WARNING - Rate limited (429). Retrying in 6s...
2026-01-13 17:27:42,984 - PolymarketIngestor - WARNING - Rate limited (429). Retrying in 2s...
2026-01-13 17:27:42,988 - PolymarketIngestor - WARNING - Rate limited (429). Retrying in 6s...
2026-01-13 17:27:42,993 - PolymarketIngestor - WARNING - Rate limited (429). Retrying in 2s...
2026-01-13 17:27:43,021 - PolymarketIngestor - WARNING - Rate limited (429). Retrying in 2s...
2026-01-13 17:27:43,060 - PolymarketIngestor - WARNING - Rate limited (429). Retrying in 2s...
2026-01-13 17:27:43,069 - PolymarketIngestor - WARNING - Rate limited (429). Retrying in 6s...
2026-01-13 17:27:43,106 - PolymarketIngestor - WARNING - Rate limited (429). Retrying in 6s...
2026-01-13 17:27:43,122 - PolymarketIngestor - WARNING - Rate limited (429). Retrying in 2s...
2026-01-13 17:27:43,173 - PolymarketIngestor - WARNING - Rate limited (429). Retrying in 2s...
2026-01-13 17:27:43,299 - PolymarketIngestor - WARNING - Rate limited (429). Retrying in 6s...
2026-01-13 17:27:43,361 - PolymarketIngestor - WARNING - Rate limited (429). Retrying in 6s...
2026-01-13 17:27:43,363 - PolymarketIngestor - WARNING - Rate limited (429). Retrying in 6s...
2026-01-13 17:27:45,069 - PolymarketIngestor - INFO - Successfully ingested 319 trades for: Spread: South Carolina State Bulldogs (-1.5)
2026-01-13 17:27:45,156 - PolymarketIngestor - WARNING - Rate limited (429). Retrying in 4s...
2026-01-13 17:27:45,160 - PolymarketIngestor - WARNING - Rate limited (429). Retrying in 2s...
2026-01-13 17:27:45,163 - PolymarketIngestor - WARNING - Rate limited (429). Retrying in 2s...
2026-01-13 17:27:45,168 - PolymarketIngestor - WARNING - Rate limited (429). Retrying in 2s...
2026-01-13 17:27:45,171 - PolymarketIngestor - WARNING - Rate limited (429). Retrying in 2s...
2026-01-13 17:27:45,189 - PolymarketIngestor - WARNING - Rate limited (429). Retrying in 2s...
2026-01-13 17:27:45,215 - PolymarketIngestor - WARNING - Rate limited (429). Retrying in 4s...
2026-01-13 17:27:45,221 - PolymarketIngestor - WARNING - Rate limited (429). Retrying in 2s...
2026-01-13 17:27:45,224 - PolymarketIngestor - WARNING - Rate limited (429). Retrying in 2s...
2026-01-13 17:27:45,229 - PolymarketIngestor - WARNING - Rate limited (429). Retrying in 2s...
2026-01-13 17:27:45,243 - PolymarketIngestor - WARNING - Rate limited (429). Retrying in 2s...
2026-01-13 17:27:45,244 - PolymarketIngestor - WARNING - Rate limited (429). Retrying in 2s...
2026-01-13 17:27:45,245 - PolymarketIngestor - INFO - Successfully ingested 493 trades for: Solana Up or Down - January 13, 4:00PM-4:15PM ET
2026-01-13 17:27:45,254 - PolymarketIngestor - WARNING - Rate limited (429). Retrying in 2s...
2026-01-13 17:27:45,255 - PolymarketIngestor - WARNING - Rate limited (429). Retrying in 2s...
2026-01-13 17:27:45,257 - PolymarketIngestor - WARNING - Rate limited (429). Retrying in 2s...
2026-01-13 17:27:45,257 - PolymarketIngestor - WARNING - Rate limited (429). Retrying in 2s...
2026-01-13 17:27:45,259 - PolymarketIngestor - WARNING - Rate limited (429). Retrying in 2s...
2026-01-13 17:27:45,265 - PolymarketIngestor - WARNING - Rate limited (429). Retrying in 2s...
2026-01-13 17:27:45,268 - PolymarketIngestor - WARNING - Rate limited (429). Retrying in 2s...
2026-01-13 17:27:45,269 - PolymarketIngestor - WARNING - Rate limited (429). Retrying in 2s...
2026-01-13 17:27:45,272 - PolymarketIngestor - WARNING - Rate limited (429). Retrying in 2s...
2026-01-13 17:27:45,282 - PolymarketIngestor - WARNING - Rate limited (429). Retrying in 2s...
2026-01-13 17:27:45,291 - PolymarketIngestor - WARNING - Rate limited (429). Retrying in 2s...
2026-01-13 17:27:45,319 - PolymarketIngestor - WARNING - Rate limited (429). Retrying in 2s...
2026-01-13 17:27:45,424 - PolymarketIngestor - WARNING - Rate limited (429). Retrying in 2s...
2026-01-13 17:27:45,429 - PolymarketIngestor - WARNING - Rate limited (429). Retrying in 2s...
2026-01-13 17:27:45,439 - PolymarketIngestor - WARNING - Rate limited (429). Retrying in 2s...
2026-01-13 17:27:46,504 - PolymarketIngestor - INFO - Successfully ingested 773 trades for: XRP Up or Down - January 13, 11:45AM-12:00PM ET
2026-01-13 17:27:47,316 - PolymarketIngestor - WARNING - Rate limited (429). Retrying in 4s...
2026-01-13 17:27:47,318 - PolymarketIngestor - INFO - Successfully ingested 401 trades for: Jackson State Tigers vs. Alabama A&M Bulldogs: O/U
2026-01-13 17:27:47,319 - PolymarketIngestor - WARNING - Rate limited (429). Retrying in 4s...
2026-01-13 17:27:47,320 - PolymarketIngestor - WARNING - Rate limited (429). Retrying in 4s...
2026-01-13 17:27:47,327 - PolymarketIngestor - WARNING - Rate limited (429). Retrying in 4s...
2026-01-13 17:27:47,335 - PolymarketIngestor - WARNING - Rate limited (429). Retrying in 4s...
2026-01-13 17:27:47,340 - PolymarketIngestor - WARNING - Rate limited (429). Retrying in 4s...
2026-01-13 17:27:47,357 - PolymarketIngestor - WARNING - Rate limited (429). Retrying in 4s...
2026-01-13 17:27:47,375 - PolymarketIngestor - WARNING - Rate limited (429). Retrying in 2s...
2026-01-13 17:27:47,457 - PolymarketIngestor - WARNING - Rate limited (429). Retrying in 4s...
2026-01-13 17:27:47,458 - PolymarketIngestor - WARNING - Rate limited (429). Retrying in 2s...
2026-01-13 17:27:47,469 - PolymarketIngestor - WARNING - Rate limited (429). Retrying in 2s...
2026-01-13 17:27:47,472 - PolymarketIngestor - WARNING - Rate limited (429). Retrying in 2s...
2026-01-13 17:27:47,474 - PolymarketIngestor - WARNING - Rate limited (429). Retrying in 4s...
2026-01-13 17:27:47,484 - PolymarketIngestor - WARNING - Rate limited (429). Retrying in 2s...
2026-01-13 17:27:47,485 - PolymarketIngestor - WARNING - Rate limited (429). Retrying in 4s...
2026-01-13 17:27:47,488 - PolymarketIngestor - WARNING - Rate limited (429). Retrying in 2s...
2026-01-13 17:27:47,496 - PolymarketIngestor - WARNING - Rate limited (429). Retrying in 2s...
2026-01-13 17:27:47,504 - PolymarketIngestor - WARNING - Rate limited (429). Retrying in 2s...
2026-01-13 17:27:47,533 - PolymarketIngestor - WARNING - Rate limited (429). Retrying in 2s...
2026-01-13 17:27:47,536 - PolymarketIngestor - WARNING - Rate limited (429). Retrying in 2s...
2026-01-13 17:27:47,537 - PolymarketIngestor - WARNING - Rate limited (429). Retrying in 2s...
2026-01-13 17:27:47,546 - PolymarketIngestor - WARNING - Rate limited (429). Retrying in 2s...
2026-01-13 17:27:47,550 - PolymarketIngestor - WARNING - Rate limited (429). Retrying in 2s...
2026-01-13 17:27:47,553 - PolymarketIngestor - WARNING - Rate limited (429). Retrying in 2s...
2026-01-13 17:27:47,555 - PolymarketIngestor - WARNING - Rate limited (429). Retrying in 2s...
2026-01-13 17:27:47,686 - PolymarketIngestor - INFO - Successfully ingested 302 trades for: Will Trump say "Somalia" or "Somalian" during the 
2026-01-13 17:27:48,728 - PolymarketIngestor - INFO - Successfully ingested 0 trades for: Solana Up or Down - January 13, 11:00AM-11:15AM ET
2026-01-13 17:27:48,729 - PolymarketIngestor - INFO - Successfully ingested 0 trades for: Will Trump say "Hottest" during the Detroit speech
2026-01-13 17:27:48,730 - PolymarketIngestor - INFO - Successfully ingested 0 trades for: Ethereum Up or Down - January 13, 11:00AM-11:15AM 
2026-01-13 17:27:48,730 - PolymarketIngestor - INFO - Successfully ingested 0 trades for: Will Trump say "Biden" or "Obama" 9+ times during 
2026-01-13 17:27:48,731 - PolymarketIngestor - INFO - Successfully ingested 0 trades for: Solana Up or Down - January 13, 10:30AM-10:45AM ET
2026-01-13 17:27:48,731 - PolymarketIngestor - INFO - Successfully ingested 116 trades for: XRP Up or Down - January 13, 12:00PM-12:15PM ET
2026-01-13 17:27:48,732 - PolymarketIngestor - INFO - Successfully ingested 323 trades for: XRP Up or Down - January 13, 5:15PM-5:30PM ET
2026-01-13 17:27:48,733 - PolymarketIngestor - INFO - Successfully ingested 0 trades for: Ethereum Up or Down - January 13, 10:30AM-10:45AM 
2026-01-13 17:27:48,733 - PolymarketIngestor - INFO - Successfully ingested 0 trades for: Solana Up or Down - January 13, 10:45AM-11:00AM ET
2026-01-13 17:27:48,744 - PolymarketIngestor - INFO - Successfully ingested 100 trades for: Adelaide International: Damir Dzumhur vs Alexander
2026-01-13 17:27:48,745 - PolymarketIngestor - INFO - Successfully ingested 0 trades for: XRP Up or Down - January 13, 10:45AM-11:00AM ET
2026-01-13 17:27:48,745 - PolymarketIngestor - INFO - Successfully ingested 0 trades for: Ethereum Up or Down - January 13, 11:15AM-11:30AM 
2026-01-13 17:27:48,746 - PolymarketIngestor - INFO - Successfully ingested 0 trades for: Solana Up or Down - January 13, 11:15AM-11:30AM ET
2026-01-13 17:27:48,746 - PolymarketIngestor - INFO - Successfully ingested 0 trades for: Will Trump say "Million" or "Billion" or "Trillion
2026-01-13 17:27:48,746 - PolymarketIngestor - INFO - Successfully ingested 200 trades for: Spread: Norfolk State Spartans (-5.5)
2026-01-13 17:27:48,747 - PolymarketIngestor - INFO - Successfully ingested 0 trades for: Bitcoin Up or Down - January 13, 10:30AM-10:45AM E
2026-01-13 17:27:48,747 - PolymarketIngestor - INFO - Successfully ingested 205 trades for: Ethereum Up or Down - January 13, 12:15PM-12:30PM 
2026-01-13 17:27:48,748 - PolymarketIngestor - INFO - Successfully ingested 329 trades for: Ethereum Up or Down - January 13, 4:15PM-4:30PM ET
2026-01-13 17:27:48,748 - PolymarketIngestor - INFO - Successfully ingested 0 trades for: Hornets vs. Clippers: O/U 222.5
2026-01-13 17:27:48,749 - PolymarketIngestor - INFO - Successfully ingested 0 trades for: XRP Up or Down - January 13, 10:30AM-10:45AM ET
2026-01-13 17:27:48,749 - PolymarketIngestor - INFO - Successfully ingested 0 trades for: Bitcoin Up or Down - January 13, 9:45AM-10:00AM ET
2026-01-13 17:27:48,750 - PolymarketIngestor - INFO - Successfully ingested 100 trades for: Bitcoin Up or Down - January 13, 12:00PM-12:15PM E
2026-01-13 17:27:48,759 - PolymarketIngestor - INFO - Successfully ingested 0 trades for: Bitcoin Up or Down - January 13, 10:00AM-10:15AM E
2026-01-13 17:27:48,759 - PolymarketIngestor - INFO - Successfully ingested 0 trades for: Bitcoin Up or Down - January 13, 10:15AM-10:30AM E
2026-01-13 17:27:48,760 - PolymarketIngestor - INFO - Successfully ingested 209 trades for: Solana Up or Down - January 13, 2:15PM-2:30PM ET
2026-01-13 17:27:48,760 - PolymarketIngestor - INFO - Successfully ingested 0 trades for: Nets vs. Mavericks: O/U 219.5
2026-01-13 17:27:48,761 - PolymarketIngestor - INFO - Successfully ingested 0 trades for: Bitcoin Up or Down - January 13, 9:30AM-9:45AM ET
2026-01-13 17:27:48,761 - PolymarketIngestor - INFO - Successfully ingested 0 trades for: Ethereum Up or Down - January 13, 10:00AM-10:15AM 
2026-01-13 17:27:48,761 - PolymarketIngestor - INFO - Successfully ingested 0 trades for: Bitcoin Up or Down - January 13, 10:45AM-11:00AM E
2026-01-13 17:27:48,775 - PolymarketIngestor - INFO - Successfully ingested 127 trades for: Ethereum Up or Down - January 13, 2:30PM-2:45PM ET
2026-01-13 17:27:48,777 - PolymarketIngestor - INFO - Successfully ingested 0 trades for: Solana Up or Down - January 13, 10:00AM-10:15AM ET
2026-01-13 17:27:48,777 - PolymarketIngestor - INFO - Successfully ingested 317 trades for: XRP Up or Down - January 13, 5:45PM-6:00PM ET
2026-01-13 17:27:48,778 - PolymarketIngestor - INFO - Successfully ingested 100 trades for: Adelaide International: Katerina Siniakova vs Daya
2026-01-13 17:27:48,778 - PolymarketIngestor - INFO - Successfully ingested 0 trades for: Solana Up or Down - January 13, 9:45AM-10:00AM ET
2026-01-13 17:27:48,778 - PolymarketIngestor - INFO - Successfully ingested 0 trades for: Ethereum Up or Down - January 13, 10:15AM-10:30AM 
2026-01-13 17:27:48,779 - PolymarketIngestor - INFO - Successfully ingested 0 trades for: XRP Up or Down - January 13, 9:15AM-9:30AM ET
2026-01-13 17:27:48,779 - PolymarketIngestor - INFO - Successfully ingested 0 trades for: Solana Up or Down - January 13, 8:30AM-8:45AM ET
2026-01-13 17:27:48,779 - PolymarketIngestor - INFO - Successfully ingested 0 trades for: XRP Up or Down - January 13, 9:30AM-9:45AM ET
2026-01-13 17:27:48,780 - PolymarketIngestor - INFO - Successfully ingested 0 trades for: Solana Up or Down - January 13, 8:45AM-9:00AM ET
2026-01-13 17:27:48,780 - PolymarketIngestor - INFO - Successfully ingested 0 trades for: Solana Up or Down - January 13, 8:00AM-8:15AM ET
2026-01-13 17:27:48,780 - PolymarketIngestor - INFO - Successfully ingested 0 trades for: Ethereum Up or Down - January 13, 9:15AM-9:30AM ET
2026-01-13 17:27:48,780 - PolymarketIngestor - INFO - Successfully ingested 106 trades for: Ethereum Up or Down - January 13, 2:45PM-3:00PM ET
2026-01-13 17:27:48,781 - PolymarketIngestor - INFO - Successfully ingested 0 trades for: Ethereum Up or Down - January 13, 9:45AM-10:00AM E
2026-01-13 17:27:48,781 - PolymarketIngestor - INFO - Successfully ingested 0 trades for: XRP Up or Down - January 13, 8:30AM-8:45AM ET
2026-01-13 17:27:48,781 - PolymarketIngestor - INFO - Successfully ingested 0 trades for: Ethereum Up or Down - January 13, 8:30AM-8:45AM ET
2026-01-13 17:27:48,782 - PolymarketIngestor - INFO - Successfully ingested 204 trades for: Solana Up or Down - January 13, 1:30PM-1:45PM ET
2026-01-13 17:27:48,782 - PolymarketIngestor - INFO - Successfully ingested 100 trades for: Counter-Strike: Bushido Wildcats vs ALGO Esports (
2026-01-13 17:27:48,783 - PolymarketIngestor - INFO - Successfully ingested 247 trades for: XRP Up or Down - January 13, 2:45PM-3:00PM ET
2026-01-13 17:27:48,783 - PolymarketIngestor - INFO - Successfully ingested 0 trades for: Bitcoin Up or Down - January 13, 8:15AM-8:30AM ET
2026-01-13 17:27:48,783 - PolymarketIngestor - INFO - Successfully ingested 0 trades for: Bitcoin Up or Down - January 13, 7:30AM-7:45AM ET
2026-01-13 17:27:48,784 - PolymarketIngestor - INFO - Successfully ingested 0 trades for: XRP Up or Down - January 13, 9:45AM-10:00AM ET
2026-01-13 17:27:48,784 - PolymarketIngestor - INFO - Successfully ingested 325 trades for: Ethereum Up or Down - January 13, 3:30PM-3:45PM ET
2026-01-13 17:27:48,784 - PolymarketIngestor - INFO - Successfully ingested 0 trades for: Solana Up or Down - January 13, 9:30AM-9:45AM ET
2026-01-13 17:27:48,791 - PolymarketIngestor - INFO - Successfully ingested 0 trades for: Ethereum Up or Down - January 13, 8:15AM-8:30AM ET
2026-01-13 17:27:48,791 - PolymarketIngestor - INFO - Successfully ingested 305 trades for: Ethereum Up or Down - January 13, 12:30PM-12:45PM 
2026-01-13 17:27:48,791 - PolymarketIngestor - INFO - Successfully ingested 0 trades for: Bitcoin Up or Down - January 13, 8:45AM-9:00AM ET
2026-01-13 17:27:48,792 - PolymarketIngestor - INFO - Successfully ingested 0 trades for: Ethereum Up or Down - January 13, 9:30AM-9:45AM ET
2026-01-13 17:27:48,792 - PolymarketIngestor - INFO - Successfully ingested 349 trades for: Bitcoin Up or Down - January 13, 3:15PM-3:30PM ET
2026-01-13 17:27:48,792 - PolymarketIngestor - INFO - Successfully ingested 115 trades for: Solana Up or Down - January 13, 1:00PM-1:15PM ET
2026-01-13 17:27:48,792 - PolymarketIngestor - INFO - Successfully ingested 0 trades for: Solana Up or Down - January 13, 7:45AM-8:00AM ET
2026-01-13 17:27:48,793 - PolymarketIngestor - INFO - Successfully ingested 0 trades for: Ethereum Up or Down - January 13, 8:45AM-9:00AM ET
2026-01-13 17:27:48,793 - PolymarketIngestor - INFO - Successfully ingested 200 trades for: Dota 2: Nemiga Gaming vs Inner Circle (BO1)
2026-01-13 17:27:48,793 - PolymarketIngestor - INFO - Successfully ingested 217 trades for: Solana Up or Down - January 13, 3:15PM-3:30PM ET
2026-01-13 17:27:48,793 - PolymarketIngestor - INFO - Successfully ingested 200 trades for: Counter-Strike: paiN Academy vs MAGICOS (BO3)
2026-01-13 17:27:48,793 - PolymarketIngestor - INFO - Successfully ingested 0 trades for: Bitcoin Up or Down - January 13, 8:00AM-12:00PM ET
2026-01-13 17:27:48,794 - PolymarketIngestor - INFO - Successfully ingested 0 trades for: Ethereum Up or Down - January 13, 7:45AM-8:00AM ET
2026-01-13 17:27:48,794 - PolymarketIngestor - INFO - Successfully ingested 0 trades for: Ethereum Up or Down - January 13, 8:00AM-8:15AM ET
2026-01-13 17:27:48,794 - PolymarketIngestor - INFO - Successfully ingested 0 trades for: Ethereum Up or Down - January 13, 10:45AM-11:00AM 
2026-01-13 17:27:48,794 - PolymarketIngestor - INFO - Successfully ingested 0 trades for: Bitcoin Up or Down - January 13, 9:15AM-9:30AM ET
2026-01-13 17:27:48,794 - PolymarketIngestor - INFO - Successfully ingested 305 trades for: Solana Up or Down - January 13, 12:15PM-12:30PM ET
2026-01-13 17:27:48,794 - PolymarketIngestor - INFO - Successfully ingested 200 trades for: LoL: DRX Challengers vs Hanwha Life Esports Challe
2026-01-13 17:27:48,795 - PolymarketIngestor - INFO - Successfully ingested 0 trades for: Spread: North Carolina Central Eagles (-2.5)
2026-01-13 17:27:48,795 - PolymarketIngestor - INFO - Successfully ingested 0 trades for: Bitcoin Up or Down - January 13, 7:45AM-8:00AM ET
2026-01-13 17:27:48,795 - PolymarketIngestor - INFO - Successfully ingested 109 trades for: Solana Up or Down - January 13, 5:00PM-5:15PM ET
2026-01-13 17:27:48,795 - PolymarketIngestor - INFO - Successfully ingested 350 trades for: Bitcoin Up or Down - January 13, 4:15PM-4:30PM ET
2026-01-13 17:27:48,795 - PolymarketIngestor - INFO - Successfully ingested 200 trades for: Dota 2: PlayTime vs Jackky and friends (BO3)
2026-01-13 17:27:48,796 - PolymarketIngestor - INFO - Successfully ingested 0 trades for: Bitcoin Up or Down - January 13, 9:00AM-9:15AM ET
2026-01-13 17:27:48,796 - PolymarketIngestor - INFO - Successfully ingested 225 trades for: Bitcoin Up or Down - January 13, 2:45PM-3:00PM ET
2026-01-13 17:27:48,796 - PolymarketIngestor - INFO - Successfully ingested 0 trades for: Bitcoin Up or Down - January 13, 8:00AM-8:15AM ET
2026-01-13 17:27:48,796 - PolymarketIngestor - INFO - Successfully ingested 219 trades for: XRP Up or Down - January 13, 3:45PM-4:00PM ET
2026-01-13 17:27:48,806 - PolymarketIngestor - INFO - Successfully ingested 0 trades for: Solana Up or Down - January 13, 9:15AM-9:30AM ET
2026-01-13 17:27:48,807 - PolymarketIngestor - INFO - Successfully ingested 113 trades for: XRP Up or Down - January 13, 12:30PM-12:45PM ET
2026-01-13 17:27:48,807 - PolymarketIngestor - INFO - Successfully ingested 0 trades for: Solana Up or Down - January 13, 7:00AM-7:15AM ET
2026-01-13 17:27:48,807 - PolymarketIngestor - INFO - Successfully ingested 202 trades for: Solana Up or Down - January 13, 12:45PM-1:00PM ET
2026-01-13 17:27:48,807 - PolymarketIngestor - INFO - Successfully ingested 0 trades for: XRP Up or Down - January 13, 7:45AM-8:00AM ET
2026-01-13 17:27:48,807 - PolymarketIngestor - INFO - Successfully ingested 205 trades for: Bitcoin Up or Down - January 13, 1:15PM-1:30PM ET
2026-01-13 17:27:48,808 - PolymarketIngestor - INFO - Successfully ingested 0 trades for: XRP Up or Down - January 13, 8:00AM-8:15AM ET
2026-01-13 17:27:48,808 - PolymarketIngestor - INFO - Successfully ingested 213 trades for: Solana Up or Down - January 13, 3:00PM-3:15PM ET
2026-01-13 17:27:48,808 - PolymarketIngestor - INFO - Successfully ingested 213 trades for: Ethereum Up or Down - January 13, 5:00PM-5:15PM ET
2026-01-13 17:27:48,808 - PolymarketIngestor - INFO - Successfully ingested 117 trades for: Bitcoin Up or Down - January 13, 1:30PM-1:45PM ET
2026-01-13 17:27:48,808 - PolymarketIngestor - INFO - Successfully ingested 100 trades for: LoL: NextGeneration Esports vs Baam Esports (BO3)
2026-01-13 17:27:48,808 - PolymarketIngestor - INFO - Successfully ingested 0 trades for: Ethereum Up or Down - January 13, 7:00AM-7:15AM ET
2026-01-13 17:27:48,808 - PolymarketIngestor - INFO - Successfully ingested 118 trades for: Solana Up or Down - January 13, 5:15PM-5:30PM ET
2026-01-13 17:27:48,809 - PolymarketIngestor - INFO - Successfully ingested 100 trades for: Counter-Strike: illwill vs MASONIC (BO3)
2026-01-13 17:27:48,809 - PolymarketIngestor - INFO - Successfully ingested 0 trades for: Ethereum Up or Down - January 13, 9:00AM-9:15AM ET
2026-01-13 17:27:48,809 - PolymarketIngestor - INFO - Successfully ingested 200 trades for: LoL: DRX Challengers vs Hanwha Life Esports Challe
2026-01-13 17:27:48,822 - PolymarketIngestor - INFO - Successfully ingested 0 trades for: Solana Up or Down - January 13, 7:30AM-7:45AM ET
2026-01-13 17:27:48,822 - PolymarketIngestor - INFO - Successfully ingested 122 trades for: Ethereum Up or Down - January 13, 3:00PM-3:15PM ET
2026-01-13 17:27:48,823 - PolymarketIngestor - INFO - Successfully ingested 0 trades for: Ethereum Up or Down - January 13, 7:30AM-7:45AM ET
2026-01-13 17:27:48,823 - PolymarketIngestor - INFO - Successfully ingested 202 trades for: XRP Up or Down - January 13, 12:45PM-1:00PM ET
2026-01-13 17:27:48,823 - PolymarketIngestor - INFO - Successfully ingested 207 trades for: Solana Up or Down - January 13, 1:15PM-1:30PM ET
2026-01-13 17:27:48,824 - PolymarketIngestor - INFO - Successfully ingested 0 trades for: Ethereum Up or Down - January 13, 7:15AM-7:30AM ET
2026-01-13 17:27:48,824 - PolymarketIngestor - INFO - Successfully ingested 0 trades for: Solana Up or Down - January 13, 8:15AM-8:30AM ET
2026-01-13 17:27:48,824 - PolymarketIngestor - INFO - Successfully ingested 211 trades for: Solana Up or Down - January 13, 2:45PM-3:00PM ET
2026-01-13 17:27:48,824 - PolymarketIngestor - INFO - Successfully ingested 300 trades for: Bitcoin Up or Down - January 13, 12:15PM-12:30PM E
2026-01-13 17:27:48,824 - PolymarketIngestor - INFO - Successfully ingested 0 trades for: Bitcoin Up or Down - January 13, 8:30AM-8:45AM ET
2026-01-13 17:27:48,825 - PolymarketIngestor - INFO - Successfully ingested 100 trades for: Counter-Strike: ARCRED vs BASEMENT BOYS (BO3)
2026-01-13 17:27:48,825 - PolymarketIngestor - INFO - Successfully ingested 304 trades for: Solana Up or Down - January 13, 5:45PM-6:00PM ET
2026-01-13 17:27:48,825 - PolymarketIngestor - INFO - Successfully ingested 308 trades for: XRP Up or Down - January 13, 3:00PM-3:15PM ET
2026-01-13 17:27:48,825 - PolymarketIngestor - INFO - Successfully ingested 131 trades for: XRP Up or Down - January 13, 2:15PM-2:30PM ET
2026-01-13 17:27:48,825 - PolymarketIngestor - INFO - Successfully ingested 124 trades for: Bitcoin Up or Down - January 13, 5:45PM-6:00PM ET
2026-01-13 17:27:48,826 - PolymarketIngestor - INFO - Successfully ingested 114 trades for: Ethereum Up or Down - January 13, 1:00PM-1:15PM ET
2026-01-13 17:27:48,826 - PolymarketIngestor - INFO - Successfully ingested 119 trades for: Ethereum Up or Down - January 13, 1:15PM-1:30PM ET
2026-01-13 17:27:48,837 - PolymarketIngestor - INFO - Successfully ingested 108 trades for: XRP Up or Down - January 13, 3:15PM-3:30PM ET
2026-01-13 17:27:48,838 - PolymarketIngestor - INFO - Successfully ingested 109 trades for: Bitcoin Up or Down - January 13, 4:45PM-5:00PM ET
2026-01-13 17:27:48,838 - PolymarketIngestor - INFO - Successfully ingested 211 trades for: Solana Up or Down - January 13, 6:00PM-6:15PM ET
2026-01-13 17:27:48,838 - PolymarketIngestor - INFO - Successfully ingested 304 trades for: Bitcoin Up or Down - January 13, 12:30PM-12:45PM E
2026-01-13 17:27:48,839 - PolymarketIngestor - INFO - Successfully ingested 342 trades for: Bitcoin Up or Down - January 13, 5:00PM-5:15PM ET
2026-01-13 17:27:48,839 - PolymarketIngestor - INFO - Successfully ingested 0 trades for: Celtics vs. Pacers: O/U 225.5
2026-01-13 17:27:48,839 - PolymarketIngestor - INFO - Successfully ingested 0 trades for: XRP Up or Down - January 13, 7:00AM-7:15AM ET
2026-01-13 17:27:48,839 - PolymarketIngestor - INFO - Successfully ingested 200 trades for: Counter-Strike: Eternal Fire vs MASONIC (BO3)
2026-01-13 17:27:48,840 - PolymarketIngestor - INFO - Successfully ingested 0 trades for: Solana Up or Down - January 13, 7:15AM-7:30AM ET
2026-01-13 17:27:48,840 - PolymarketIngestor - INFO - Successfully ingested 115 trades for: Bitcoin Up or Down - January 13, 1:45PM-2:00PM ET
2026-01-13 17:27:48,840 - PolymarketIngestor - INFO - Successfully ingested 0 trades for: Bitcoin Up or Down - January 13, 7:15AM-7:30AM ET
2026-01-13 17:27:48,840 - PolymarketIngestor - INFO - Successfully ingested 322 trades for: Ethereum Up or Down - January 13, 5:15PM-5:30PM ET
2026-01-13 17:27:48,840 - PolymarketIngestor - INFO - Successfully ingested 105 trades for: Solana Up or Down - January 13, 2:30PM-2:45PM ET
2026-01-13 17:27:48,841 - PolymarketIngestor - INFO - Successfully ingested 210 trades for: XRP Up or Down - January 13, 1:15PM-1:30PM ET
2026-01-13 17:27:48,841 - PolymarketIngestor - INFO - Successfully ingested 0 trades for: Bitcoin Up or Down - January 13, 7:00AM-7:15AM ET
2026-01-13 17:27:48,853 - PolymarketIngestor - INFO - Successfully ingested 215 trades for: Ethereum Up or Down - January 13, 6:00PM-6:15PM ET
2026-01-13 17:27:48,854 - PolymarketIngestor - INFO - Successfully ingested 212 trades for: Bitcoin Up or Down - January 13, 12:45PM-1:00PM ET
2026-01-13 17:27:48,869 - PolymarketIngestor - INFO - Successfully ingested 304 trades for: Bitcoin Up or Down - January 13, 4:00PM-4:15PM ET
2026-01-13 17:27:48,870 - PolymarketIngestor - INFO - Successfully ingested 208 trades for: Solana Up or Down - January 13, 5:30PM-5:45PM ET
2026-01-13 17:27:48,870 - PolymarketIngestor - INFO - Successfully ingested 308 trades for: XRP Up or Down - January 13, 12:15PM-12:30PM ET
2026-01-13 17:27:48,884 - PolymarketIngestor - INFO - Successfully ingested 100 trades for: Ethereum Up or Down - January 13, 12:45PM-1:00PM E
2026-01-13 17:27:48,884 - PolymarketIngestor - INFO - Successfully ingested 200 trades for: Bitcoin Up or Down - January 13, 12:00PM-4:00PM ET
2026-01-13 17:27:48,884 - PolymarketIngestor - INFO - Successfully ingested 217 trades for: XRP Up or Down - January 13, 6:00PM-6:15PM ET
2026-01-13 17:27:48,915 - PolymarketIngestor - INFO - Successfully ingested 130 trades for: Ethereum Up or Down - January 13, 2:00PM-2:15PM ET
2026-01-13 17:27:48,916 - PolymarketIngestor - INFO - Successfully ingested 0 trades for: Solana Up or Down - January 13, 9:00AM-9:15AM ET
2026-01-13 17:27:48,931 - PolymarketIngestor - INFO - Successfully ingested 266 trades for: Bitcoin Up or Down - January 13, 3:30PM-3:45PM ET
2026-01-13 17:27:48,932 - PolymarketIngestor - INFO - Successfully ingested 206 trades for: Ethereum Up or Down - January 13, 2:15PM-2:30PM ET
2026-01-13 17:27:48,961 - PolymarketIngestor - INFO - Successfully ingested 110 trades for: Ethereum Up or Down - January 13, 3:15PM-3:30PM ET
2026-01-13 17:27:48,992 - PolymarketIngestor - INFO - Successfully ingested 100 trades for: Ethereum Up or Down - January 13, 12:00PM-12:15PM 
2026-01-13 17:27:48,993 - PolymarketIngestor - INFO - Successfully ingested 221 trades for: Bitcoin Up or Down - January 13, 4:30PM-4:45PM ET
2026-01-13 17:27:49,070 - PolymarketIngestor - INFO - Successfully ingested 117 trades for: XRP Up or Down - January 13, 4:45PM-5:00PM ET
2026-01-13 17:27:49,117 - PolymarketIngestor - INFO - Successfully ingested 209 trades for: XRP Up or Down - January 13, 5:00PM-5:15PM ET
2026-01-13 17:27:49,303 - PolymarketIngestor - INFO - Successfully ingested 334 trades for: Ethereum Up or Down - January 13, 3:45PM-4:00PM ET
2026-01-13 17:27:49,366 - PolymarketIngestor - INFO - Successfully ingested 106 trades for: Solana Up or Down - January 13, 11:45AM-12:00PM ET
2026-01-13 17:27:49,366 - PolymarketIngestor - INFO - Successfully ingested 100 trades for: Bitcoin Up or Down - January 13, 2:15PM-2:30PM ET
2026-01-13 17:27:49,615 - PolymarketIngestor - INFO - Successfully ingested 325 trades for: XRP Up or Down - January 13, 11:30AM-11:45AM ET
2026-01-13 17:27:49,904 - PolymarketIngestor - WARNING - Rate limited (429). Retrying in 2s...
2026-01-13 17:27:49,964 - PolymarketIngestor - WARNING - Rate limited (429). Retrying in 2s...
2026-01-13 17:27:49,977 - PolymarketIngestor - WARNING - Rate limited (429). Retrying in 2s...
2026-01-13 17:27:49,979 - PolymarketIngestor - WARNING - Rate limited (429). Retrying in 2s...
2026-01-13 17:27:49,997 - PolymarketIngestor - WARNING - Rate limited (429). Retrying in 2s...
2026-01-13 17:27:50,007 - PolymarketIngestor - WARNING - Rate limited (429). Retrying in 2s...
2026-01-13 17:27:50,029 - PolymarketIngestor - WARNING - Rate limited (429). Retrying in 2s...
2026-01-13 17:27:50,052 - PolymarketIngestor - WARNING - Rate limited (429). Retrying in 2s...
2026-01-13 17:27:50,059 - PolymarketIngestor - WARNING - Rate limited (429). Retrying in 2s...
2026-01-13 17:27:50,070 - PolymarketIngestor - WARNING - Rate limited (429). Retrying in 2s...
2026-01-13 17:27:50,079 - PolymarketIngestor - WARNING - Rate limited (429). Retrying in 2s...
2026-01-13 17:27:50,106 - PolymarketIngestor - WARNING - Rate limited (429). Retrying in 2s...
2026-01-13 17:27:50,131 - PolymarketIngestor - WARNING - Rate limited (429). Retrying in 2s...
2026-01-13 17:27:51,393 - PolymarketIngestor - WARNING - Rate limited (429). Retrying in 6s...
2026-01-13 17:27:51,394 - PolymarketIngestor - WARNING - Rate limited (429). Retrying in 2s...
2026-01-13 17:27:51,400 - PolymarketIngestor - WARNING - Rate limited (429). Retrying in 2s...
2026-01-13 17:27:51,404 - PolymarketIngestor - WARNING - Rate limited (429). Retrying in 6s...
2026-01-13 17:27:51,416 - PolymarketIngestor - WARNING - Rate limited (429). Retrying in 2s...
2026-01-13 17:27:51,485 - PolymarketIngestor - INFO - Successfully ingested 224 trades for: Will Trump say "Hell" 7+ times during the Detroit 
2026-01-13 17:27:51,504 - PolymarketIngestor - WARNING - Rate limited (429). Retrying in 6s...
2026-01-13 17:27:51,516 - PolymarketIngestor - WARNING - Rate limited (429). Retrying in 6s...
2026-01-13 17:27:51,608 - PolymarketIngestor - WARNING - Rate limited (429). Retrying in 2s...
2026-01-13 17:27:51,612 - PolymarketIngestor - WARNING - Rate limited (429). Retrying in 2s...
2026-01-13 17:27:51,619 - PolymarketIngestor - WARNING - Rate limited (429). Retrying in 2s...
2026-01-13 17:27:51,623 - PolymarketIngestor - WARNING - Rate limited (429). Retrying in 2s...
2026-01-13 17:27:52,058 - PolymarketIngestor - WARNING - Rate limited (429). Retrying in 2s...
2026-01-13 17:27:52,102 - PolymarketIngestor - WARNING - Rate limited (429). Retrying in 4s...
2026-01-13 17:27:52,106 - PolymarketIngestor - WARNING - Rate limited (429). Retrying in 4s...
2026-01-13 17:27:52,114 - PolymarketIngestor - WARNING - Rate limited (429). Retrying in 4s...
2026-01-13 17:27:52,118 - PolymarketIngestor - WARNING - Rate limited (429). Retrying in 4s...
2026-01-13 17:27:52,143 - PolymarketIngestor - WARNING - Rate limited (429). Retrying in 4s...
2026-01-13 17:27:52,213 - PolymarketIngestor - WARNING - Rate limited (429). Retrying in 2s...
2026-01-13 17:27:52,267 - PolymarketIngestor - WARNING - Rate limited (429). Retrying in 2s...
2026-01-13 17:27:52,272 - PolymarketIngestor - WARNING - Rate limited (429). Retrying in 2s...
2026-01-13 17:27:52,274 - PolymarketIngestor - WARNING - Rate limited (429). Retrying in 2s...
2026-01-13 17:27:52,278 - PolymarketIngestor - WARNING - Rate limited (429). Retrying in 2s...
2026-01-13 17:27:53,662 - PolymarketIngestor - WARNING - Rate limited (429). Retrying in 4s...
2026-01-13 17:27:53,668 - PolymarketIngestor - WARNING - Rate limited (429). Retrying in 4s...
2026-01-13 17:27:53,679 - PolymarketIngestor - WARNING - Rate limited (429). Retrying in 2s...
2026-01-13 17:27:53,805 - PolymarketIngestor - WARNING - Rate limited (429). Retrying in 2s...
2026-01-13 17:27:53,809 - PolymarketIngestor - WARNING - Rate limited (429). Retrying in 2s...
2026-01-13 17:27:54,013 - PolymarketIngestor - WARNING - Rate limited (429). Retrying in 2s...
2026-01-13 17:27:54,099 - PolymarketIngestor - WARNING - Rate limited (429). Retrying in 2s...
2026-01-13 17:27:54,108 - PolymarketIngestor - WARNING - Rate limited (429). Retrying in 4s...
2026-01-13 17:27:54,142 - PolymarketIngestor - WARNING - Rate limited (429). Retrying in 2s...
2026-01-13 17:27:54,322 - PolymarketIngestor - WARNING - Rate limited (429). Retrying in 4s...
2026-01-13 17:27:54,323 - PolymarketIngestor - WARNING - Rate limited (429). Retrying in 4s...
2026-01-13 17:27:54,335 - PolymarketIngestor - WARNING - Rate limited (429). Retrying in 4s...
2026-01-13 17:27:54,605 - PolymarketIngestor - WARNING - Rate limited (429). Retrying in 2s...
2026-01-13 17:27:55,745 - PolymarketIngestor - WARNING - Rate limited (429). Retrying in 2s...
2026-01-13 17:27:55,949 - PolymarketIngestor - WARNING - Rate limited (429). Retrying in 2s...
2026-01-13 17:27:56,006 - PolymarketIngestor - WARNING - Rate limited (429). Retrying in 2s...
2026-01-13 17:27:56,073 - PolymarketIngestor - WARNING - Rate limited (429). Retrying in 4s...
2026-01-13 17:27:56,163 - PolymarketIngestor - WARNING - Rate limited (429). Retrying in 6s...
2026-01-13 17:27:56,164 - PolymarketIngestor - WARNING - Rate limited (429). Retrying in 2s...
2026-01-13 17:27:56,164 - PolymarketIngestor - WARNING - Rate limited (429). Retrying in 6s...
2026-01-13 17:27:56,189 - PolymarketIngestor - WARNING - Rate limited (429). Retrying in 2s...
2026-01-13 17:27:56,195 - PolymarketIngestor - WARNING - Rate limited (429). Retrying in 6s...
2026-01-13 17:27:56,214 - PolymarketIngestor - WARNING - Rate limited (429). Retrying in 2s...
2026-01-13 17:27:56,218 - PolymarketIngestor - WARNING - Rate limited (429). Retrying in 6s...
2026-01-13 17:27:56,832 - PolymarketIngestor - WARNING - Rate limited (429). Retrying in 2s...
2026-01-13 17:27:56,939 - PolymarketIngestor - WARNING - Rate limited (429). Retrying in 2s...
2026-01-13 17:27:57,398 - PolymarketIngestor - INFO - Successfully ingested 321 trades for: Solana Up or Down - January 13, 12:00PM-12:15PM ET
2026-01-13 17:27:57,417 - PolymarketIngestor - INFO - Successfully ingested 422 trades for: XRP Up or Down - January 13, 1:00PM-1:15PM ET
2026-01-13 17:27:57,512 - PolymarketIngestor - INFO - Successfully ingested 349 trades for: Ethereum Up or Down - January 13, 11:30AM-11:45AM 
2026-01-13 17:27:57,528 - PolymarketIngestor - INFO - Successfully ingested 324 trades for: Bitcoin Up or Down - January 13, 2:30PM-2:45PM ET
2026-01-13 17:27:57,974 - PolymarketIngestor - WARNING - Rate limited (429). Retrying in 2s...
2026-01-13 17:27:58,022 - PolymarketIngestor - WARNING - Rate limited (429). Retrying in 2s...
2026-01-13 17:27:58,057 - PolymarketIngestor - WARNING - Rate limited (429). Retrying in 2s...
2026-01-13 17:27:58,148 - PolymarketIngestor - WARNING - Rate limited (429). Retrying in 6s...
2026-01-13 17:27:58,212 - PolymarketIngestor - WARNING - Rate limited (429). Retrying in 4s...
2026-01-13 17:27:58,229 - PolymarketIngestor - WARNING - Rate limited (429). Retrying in 2s...
2026-01-13 17:27:58,238 - PolymarketIngestor - WARNING - Rate limited (429). Retrying in 4s...
2026-01-13 17:27:58,274 - PolymarketIngestor - WARNING - Rate limited (429). Retrying in 4s...
2026-01-13 17:27:58,337 - PolymarketIngestor - WARNING - Rate limited (429). Retrying in 2s...
2026-01-13 17:27:58,385 - PolymarketIngestor - WARNING - Rate limited (429). Retrying in 6s...
2026-01-13 17:27:58,404 - PolymarketIngestor - WARNING - Rate limited (429). Retrying in 2s...
2026-01-13 17:27:58,404 - PolymarketIngestor - WARNING - Rate limited (429). Retrying in 2s...
2026-01-13 17:27:59,261 - PolymarketIngestor - WARNING - Rate limited (429). Retrying in 2s...
2026-01-13 17:28:00,131 - PolymarketIngestor - WARNING - Rate limited (429). Retrying in 6s...
2026-01-13 17:28:00,205 - PolymarketIngestor - WARNING - Rate limited (429). Retrying in 2s...
2026-01-13 17:28:00,337 - PolymarketIngestor - WARNING - Rate limited (429). Retrying in 2s...
2026-01-13 17:28:00,342 - PolymarketIngestor - WARNING - Rate limited (429). Retrying in 2s...
2026-01-13 17:28:00,389 - PolymarketIngestor - WARNING - Rate limited (429). Retrying in 4s...
2026-01-13 17:28:00,426 - PolymarketIngestor - WARNING - Rate limited (429). Retrying in 2s...
2026-01-13 17:28:00,441 - PolymarketIngestor - WARNING - Rate limited (429). Retrying in 4s...
2026-01-13 17:28:00,444 - PolymarketIngestor - WARNING - Rate limited (429). Retrying in 4s...
2026-01-13 17:28:02,166 - PolymarketIngestor - INFO - Successfully ingested 506 trades for: XRP Up or Down - January 13, 11:00AM-11:15AM ET
2026-01-13 17:28:02,167 - PolymarketIngestor - INFO - Successfully ingested 1344 trades for: Ethereum Up or Down - January 13, 11:45AM-12:00PM 
2026-01-13 17:28:02,199 - PolymarketIngestor - INFO - Successfully ingested 1595 trades for: Bitcoin Up or Down - January 13, 3:45PM-4:00PM ET
2026-01-13 17:28:02,230 - PolymarketIngestor - INFO - Successfully ingested 841 trades for: Ethereum Up or Down - January 13, 4:00PM-4:15PM ET
2026-01-13 17:28:02,289 - PolymarketIngestor - WARNING - Rate limited (429). Retrying in 2s...
2026-01-13 17:28:02,290 - PolymarketIngestor - WARNING - Rate limited (429). Retrying in 6s...
2026-01-13 17:28:02,290 - PolymarketIngestor - WARNING - Rate limited (429). Retrying in 2s...
2026-01-13 17:28:02,328 - PolymarketIngestor - WARNING - Rate limited (429). Retrying in 6s...
2026-01-13 17:28:02,419 - PolymarketIngestor - WARNING - Rate limited (429). Retrying in 2s...
2026-01-13 17:28:02,420 - PolymarketIngestor - WARNING - Rate limited (429). Retrying in 2s...
2026-01-13 17:28:02,581 - PolymarketIngestor - WARNING - Rate limited (429). Retrying in 2s...
2026-01-13 17:28:02,598 - PolymarketIngestor - INFO - Successfully ingested 642 trades for: Solana Up or Down - January 13, 11:30AM-11:45AM ET
2026-01-13 17:28:02,750 - PolymarketIngestor - WARNING - Rate limited (429). Retrying in 2s...
2026-01-13 17:28:04,160 - PolymarketIngestor - INFO - Successfully ingested 518 trades for: XRP Up or Down - January 13, 11:15AM-11:30AM ET
2026-01-13 17:28:04,396 - PolymarketIngestor - INFO - Successfully ingested 2239 trades for: Bitcoin Up or Down - January 13, 2:00PM-2:15PM ET
2026-01-13 17:28:04,663 - PolymarketIngestor - WARNING - Rate limited (429). Retrying in 2s...
2026-01-13 17:28:04,680 - PolymarketIngestor - WARNING - Rate limited (429). Retrying in 2s...
2026-01-13 17:28:04,773 - PolymarketIngestor - WARNING - Rate limited (429). Retrying in 2s...
2026-01-13 17:28:04,787 - PolymarketIngestor - WARNING - Rate limited (429). Retrying in 2s...
2026-01-13 17:28:04,809 - PolymarketIngestor - WARNING - Rate limited (429). Retrying in 4s...
2026-01-13 17:28:04,863 - PolymarketIngestor - WARNING - Rate limited (429). Retrying in 2s...
2026-01-13 17:28:04,887 - PolymarketIngestor - WARNING - Rate limited (429). Retrying in 2s...
2026-01-13 17:28:04,963 - PolymarketIngestor - WARNING - Rate limited (429). Retrying in 2s...
2026-01-13 17:28:06,135 - PolymarketIngestor - INFO - Successfully ingested 713 trades for: Solana Up or Down - January 13, 12:30PM-12:45PM ET
2026-01-13 17:28:06,962 - PolymarketIngestor - WARNING - Rate limited (429). Retrying in 2s...
2026-01-13 17:28:07,004 - PolymarketIngestor - WARNING - Rate limited (429). Retrying in 4s...
2026-01-13 17:28:07,057 - PolymarketIngestor - WARNING - Rate limited (429). Retrying in 2s...
2026-01-13 17:28:07,067 - PolymarketIngestor - WARNING - Rate limited (429). Retrying in 2s...
2026-01-13 17:28:07,193 - PolymarketIngestor - WARNING - Rate limited (429). Retrying in 2s...
2026-01-13 17:28:07,195 - PolymarketIngestor - WARNING - Rate limited (429). Retrying in 2s...
2026-01-13 17:28:07,369 - PolymarketIngestor - WARNING - Rate limited (429). Retrying in 2s...
2026-01-13 17:28:08,293 - PolymarketIngestor - INFO - Successfully ingested 3589 trades for: Ethereum Up or Down - January 13, 5:30PM-5:45PM ET
2026-01-13 17:28:08,337 - PolymarketIngestor - INFO - Successfully ingested 2397 trades for: Bitcoin Up or Down - January 13, 11:45AM-12:00PM E
2026-01-13 17:28:09,162 - PolymarketIngestor - WARNING - Rate limited (429). Retrying in 2s...
2026-01-13 17:28:09,243 - PolymarketIngestor - WARNING - Rate limited (429). Retrying in 4s...
2026-01-13 17:28:09,260 - PolymarketIngestor - WARNING - Rate limited (429). Retrying in 4s...
2026-01-13 17:28:09,325 - PolymarketIngestor - WARNING - Rate limited (429). Retrying in 2s...
2026-01-13 17:28:09,344 - PolymarketIngestor - WARNING - Rate limited (429). Retrying in 2s...
2026-01-13 17:28:09,415 - PolymarketIngestor - WARNING - Rate limited (429). Retrying in 4s...
2026-01-13 17:28:09,433 - PolymarketIngestor - WARNING - Rate limited (429). Retrying in 2s...
2026-01-13 17:28:11,369 - PolymarketIngestor - WARNING - Rate limited (429). Retrying in 4s...
2026-01-13 17:28:11,432 - PolymarketIngestor - WARNING - Rate limited (429). Retrying in 2s...
2026-01-13 17:28:11,567 - PolymarketIngestor - WARNING - Rate limited (429). Retrying in 2s...
2026-01-13 17:28:11,608 - PolymarketIngestor - WARNING - Rate limited (429). Retrying in 2s...
2026-01-13 17:28:11,630 - PolymarketIngestor - WARNING - Rate limited (429). Retrying in 2s...
2026-01-13 17:28:11,823 - PolymarketIngestor - WARNING - Rate limited (429). Retrying in 2s...
2026-01-13 17:28:13,767 - PolymarketIngestor - WARNING - Rate limited (429). Retrying in 2s...
2026-01-13 17:28:13,818 - PolymarketIngestor - WARNING - Rate limited (429). Retrying in 2s...
2026-01-13 17:28:13,895 - PolymarketIngestor - WARNING - Rate limited (429). Retrying in 2s...
2026-01-13 17:28:13,896 - PolymarketIngestor - WARNING - Rate limited (429). Retrying in 2s...
2026-01-13 17:28:13,898 - PolymarketIngestor - WARNING - Rate limited (429). Retrying in 2s...
2026-01-13 17:28:13,900 - PolymarketIngestor - WARNING - Rate limited (429). Retrying in 2s...
2026-01-13 17:28:13,950 - PolymarketIngestor - WARNING - Rate limited (429). Retrying in 2s...
2026-01-13 17:28:14,102 - PolymarketIngestor - WARNING - Rate limited (429). Retrying in 2s...
2026-01-13 17:28:16,051 - PolymarketIngestor - WARNING - Rate limited (429). Retrying in 2s...
2026-01-13 17:28:16,156 - PolymarketIngestor - WARNING - Rate limited (429). Retrying in 2s...
2026-01-13 17:28:16,167 - PolymarketIngestor - WARNING - Rate limited (429). Retrying in 2s...
2026-01-13 17:28:16,168 - PolymarketIngestor - WARNING - Rate limited (429). Retrying in 2s...
2026-01-13 17:28:16,169 - PolymarketIngestor - WARNING - Rate limited (429). Retrying in 2s...
2026-01-13 17:28:16,192 - PolymarketIngestor - WARNING - Rate limited (429). Retrying in 2s...
2026-01-13 17:28:16,251 - PolymarketIngestor - WARNING - Rate limited (429). Retrying in 2s...
2026-01-13 17:28:16,254 - PolymarketIngestor - WARNING - Rate limited (429). Retrying in 2s...
2026-01-13 17:28:16,301 - PolymarketIngestor - WARNING - Rate limited (429). Retrying in 2s...
2026-01-13 17:28:23,849 - PolymarketIngestor - INFO - Fetching markets...
2026-01-13 17:28:24,125 - PolymarketIngestor - INFO - Starting concurrent trade ingestion for 200 markets...
2026-01-13 17:28:24,687 - PolymarketIngestor - WARNING - Rate limited (429). Retrying in 2s...
2026-01-13 17:28:24,696 - PolymarketIngestor - WARNING - Rate limited (429). Retrying in 2s...
2026-01-13 17:28:24,698 - PolymarketIngestor - WARNING - Rate limited (429). Retrying in 2s...
2026-01-13 17:28:24,705 - PolymarketIngestor - WARNING - Rate limited (429). Retrying in 2s...
2026-01-13 17:28:24,707 - PolymarketIngestor - WARNING - Rate limited (429). Retrying in 2s...
2026-01-13 17:28:24,712 - PolymarketIngestor - WARNING - Rate limited (429). Retrying in 2s...
2026-01-13 17:28:24,727 - PolymarketIngestor - WARNING - Rate limited (429). Retrying in 2s...
2026-01-13 17:28:24,734 - PolymarketIngestor - INFO - Successfully ingested 42 trades for: South Carolina State Bulldogs vs. Coppin State Eag
2026-01-13 17:28:24,734 - PolymarketIngestor - WARNING - Rate limited (429). Retrying in 2s...
2026-01-13 17:28:24,735 - PolymarketIngestor - WARNING - Rate limited (429). Retrying in 2s...
2026-01-13 17:28:24,738 - PolymarketIngestor - WARNING - Rate limited (429). Retrying in 2s...
2026-01-13 17:28:24,740 - PolymarketIngestor - WARNING - Rate limited (429). Retrying in 2s...
2026-01-13 17:28:24,740 - PolymarketIngestor - WARNING - Rate limited (429). Retrying in 2s...
2026-01-13 17:28:24,741 - PolymarketIngestor - WARNING - Rate limited (429). Retrying in 2s...
2026-01-13 17:28:24,742 - PolymarketIngestor - WARNING - Rate limited (429). Retrying in 2s...
2026-01-13 17:28:24,745 - PolymarketIngestor - WARNING - Rate limited (429). Retrying in 2s...
2026-01-13 17:28:24,752 - PolymarketIngestor - WARNING - Rate limited (429). Retrying in 2s...
2026-01-13 17:28:24,752 - PolymarketIngestor - WARNING - Rate limited (429). Retrying in 2s...
2026-01-13 17:28:24,755 - PolymarketIngestor - WARNING - Rate limited (429). Retrying in 2s...
2026-01-13 17:28:24,763 - PolymarketIngestor - WARNING - Rate limited (429). Retrying in 2s...
2026-01-13 17:28:24,770 - PolymarketIngestor - WARNING - Rate limited (429). Retrying in 2s...
2026-01-13 17:28:24,772 - PolymarketIngestor - WARNING - Rate limited (429). Retrying in 2s...
2026-01-13 17:28:24,775 - PolymarketIngestor - INFO - Successfully ingested 35 trades for: Spread: Alabama A&M Bulldogs (-6.5)
2026-01-13 17:28:24,777 - PolymarketIngestor - WARNING - Rate limited (429). Retrying in 2s...
2026-01-13 17:28:24,778 - PolymarketIngestor - WARNING - Rate limited (429). Retrying in 2s...
2026-01-13 17:28:24,779 - PolymarketIngestor - WARNING - Rate limited (429). Retrying in 2s...
2026-01-13 17:28:24,780 - PolymarketIngestor - WARNING - Rate limited (429). Retrying in 2s...
2026-01-13 17:28:24,781 - PolymarketIngestor - WARNING - Rate limited (429). Retrying in 2s...
2026-01-13 17:28:24,782 - PolymarketIngestor - WARNING - Rate limited (429). Retrying in 2s...
2026-01-13 17:28:24,784 - PolymarketIngestor - INFO - Successfully ingested 42 trades for: LoL: Once Upon A Team vs Myth Esports (BO1)
2026-01-13 17:28:24,785 - PolymarketIngestor - WARNING - Rate limited (429). Retrying in 2s...
2026-01-13 17:28:24,787 - PolymarketIngestor - WARNING - Rate limited (429). Retrying in 2s...
2026-01-13 17:28:24,788 - PolymarketIngestor - WARNING - Rate limited (429). Retrying in 2s...
2026-01-13 17:28:24,788 - PolymarketIngestor - WARNING - Rate limited (429). Retrying in 2s...
2026-01-13 17:28:24,793 - PolymarketIngestor - WARNING - Rate limited (429). Retrying in 2s...
2026-01-13 17:28:24,793 - PolymarketIngestor - WARNING - Rate limited (429). Retrying in 2s...
2026-01-13 17:28:24,794 - PolymarketIngestor - WARNING - Rate limited (429). Retrying in 2s...
2026-01-13 17:28:24,795 - PolymarketIngestor - WARNING - Rate limited (429). Retrying in 2s...
2026-01-13 17:28:24,799 - PolymarketIngestor - WARNING - Rate limited (429). Retrying in 2s...
2026-01-13 17:28:24,800 - PolymarketIngestor - WARNING - Rate limited (429). Retrying in 2s...
2026-01-13 17:28:24,802 - PolymarketIngestor - WARNING - Rate limited (429). Retrying in 2s...
2026-01-13 17:28:24,802 - PolymarketIngestor - WARNING - Rate limited (429). Retrying in 2s...
2026-01-13 17:28:24,803 - PolymarketIngestor - WARNING - Rate limited (429). Retrying in 2s...
2026-01-13 17:28:24,803 - PolymarketIngestor - WARNING - Rate limited (429). Retrying in 2s...
2026-01-13 17:28:24,804 - PolymarketIngestor - WARNING - Rate limited (429). Retrying in 2s...
2026-01-13 17:28:24,805 - PolymarketIngestor - WARNING - Rate limited (429). Retrying in 2s...
2026-01-13 17:28:24,805 - PolymarketIngestor - WARNING - Rate limited (429). Retrying in 2s...
2026-01-13 17:28:24,808 - PolymarketIngestor - INFO - Successfully ingested 27 trades for: LoL: NextGeneration Esports vs Baam Esports - Game
2026-01-13 17:28:24,808 - PolymarketIngestor - WARNING - Rate limited (429). Retrying in 2s...
2026-01-13 17:28:24,808 - PolymarketIngestor - WARNING - Rate limited (429). Retrying in 2s...
2026-01-13 17:28:24,808 - PolymarketIngestor - WARNING - Rate limited (429). Retrying in 2s...
2026-01-13 17:28:24,808 - PolymarketIngestor - WARNING - Rate limited (429). Retrying in 2s...
2026-01-13 17:28:24,811 - PolymarketIngestor - WARNING - Rate limited (429). Retrying in 2s...
2026-01-13 17:28:24,812 - PolymarketIngestor - WARNING - Rate limited (429). Retrying in 2s...
2026-01-13 17:28:24,813 - PolymarketIngestor - WARNING - Rate limited (429). Retrying in 2s...
2026-01-13 17:28:24,816 - PolymarketIngestor - WARNING - Rate limited (429). Retrying in 2s...
2026-01-13 17:28:24,816 - PolymarketIngestor - WARNING - Rate limited (429). Retrying in 2s...
2026-01-13 17:28:24,817 - PolymarketIngestor - WARNING - Rate limited (429). Retrying in 2s...
2026-01-13 17:28:24,817 - PolymarketIngestor - WARNING - Rate limited (429). Retrying in 2s...
2026-01-13 17:28:24,818 - PolymarketIngestor - WARNING - Rate limited (429). Retrying in 2s...
2026-01-13 17:28:24,818 - PolymarketIngestor - WARNING - Rate limited (429). Retrying in 2s...
2026-01-13 17:28:24,819 - PolymarketIngestor - WARNING - Rate limited (429). Retrying in 2s...
2026-01-13 17:28:24,820 - PolymarketIngestor - WARNING - Rate limited (429). Retrying in 2s...
2026-01-13 17:28:24,821 - PolymarketIngestor - WARNING - Rate limited (429). Retrying in 2s...
2026-01-13 17:28:24,822 - PolymarketIngestor - WARNING - Rate limited (429). Retrying in 2s...
2026-01-13 17:28:24,823 - PolymarketIngestor - WARNING - Rate limited (429). Retrying in 2s...
2026-01-13 17:28:24,823 - PolymarketIngestor - WARNING - Rate limited (429). Retrying in 2s...
2026-01-13 17:28:24,824 - PolymarketIngestor - WARNING - Rate limited (429). Retrying in 2s...
2026-01-13 17:28:24,825 - PolymarketIngestor - WARNING - Rate limited (429). Retrying in 2s...
2026-01-13 17:28:24,826 - PolymarketIngestor - WARNING - Rate limited (429). Retrying in 2s...
2026-01-13 17:28:24,826 - PolymarketIngestor - WARNING - Rate limited (429). Retrying in 2s...
2026-01-13 17:28:24,829 - PolymarketIngestor - WARNING - Rate limited (429). Retrying in 2s...
2026-01-13 17:28:24,830 - PolymarketIngestor - WARNING - Rate limited (429). Retrying in 2s...
2026-01-13 17:28:24,830 - PolymarketIngestor - WARNING - Rate limited (429). Retrying in 2s...
2026-01-13 17:28:24,830 - PolymarketIngestor - WARNING - Rate limited (429). Retrying in 2s...
2026-01-13 17:28:24,831 - PolymarketIngestor - WARNING - Rate limited (429). Retrying in 2s...
2026-01-13 17:28:24,831 - PolymarketIngestor - WARNING - Rate limited (429). Retrying in 2s...
2026-01-13 17:28:24,831 - PolymarketIngestor - WARNING - Rate limited (429). Retrying in 2s...
2026-01-13 17:28:24,831 - PolymarketIngestor - WARNING - Rate limited (429). Retrying in 2s...
2026-01-13 17:28:24,833 - PolymarketIngestor - WARNING - Rate limited (429). Retrying in 2s...
2026-01-13 17:28:24,834 - PolymarketIngestor - WARNING - Rate limited (429). Retrying in 2s...
2026-01-13 17:28:24,835 - PolymarketIngestor - WARNING - Rate limited (429). Retrying in 2s...
2026-01-13 17:28:24,836 - PolymarketIngestor - WARNING - Rate limited (429). Retrying in 2s...
2026-01-13 17:28:24,837 - PolymarketIngestor - WARNING - Rate limited (429). Retrying in 2s...
2026-01-13 17:28:24,837 - PolymarketIngestor - WARNING - Rate limited (429). Retrying in 2s...
2026-01-13 17:28:24,838 - PolymarketIngestor - WARNING - Rate limited (429). Retrying in 2s...
2026-01-13 17:28:24,839 - PolymarketIngestor - WARNING - Rate limited (429). Retrying in 2s...
2026-01-13 17:28:24,840 - PolymarketIngestor - WARNING - Rate limited (429). Retrying in 2s...
2026-01-13 17:28:24,841 - PolymarketIngestor - WARNING - Rate limited (429). Retrying in 2s...
2026-01-13 17:28:24,841 - PolymarketIngestor - WARNING - Rate limited (429). Retrying in 2s...
2026-01-13 17:28:24,842 - PolymarketIngestor - WARNING - Rate limited (429). Retrying in 2s...
2026-01-13 17:28:24,842 - PolymarketIngestor - WARNING - Rate limited (429). Retrying in 2s...
2026-01-13 17:28:24,844 - PolymarketIngestor - WARNING - Rate limited (429). Retrying in 2s...
2026-01-13 17:28:24,844 - PolymarketIngestor - WARNING - Rate limited (429). Retrying in 2s...
2026-01-13 17:28:24,845 - PolymarketIngestor - WARNING - Rate limited (429). Retrying in 2s...
2026-01-13 17:28:24,845 - PolymarketIngestor - WARNING - Rate limited (429). Retrying in 2s...
2026-01-13 17:28:24,845 - PolymarketIngestor - WARNING - Rate limited (429). Retrying in 2s...
2026-01-13 17:28:24,847 - PolymarketIngestor - WARNING - Rate limited (429). Retrying in 2s...
2026-01-13 17:28:24,847 - PolymarketIngestor - WARNING - Rate limited (429). Retrying in 2s...
2026-01-13 17:28:24,848 - PolymarketIngestor - WARNING - Rate limited (429). Retrying in 2s...
2026-01-13 17:28:24,848 - PolymarketIngestor - WARNING - Rate limited (429). Retrying in 2s...
2026-01-13 17:28:24,848 - PolymarketIngestor - WARNING - Rate limited (429). Retrying in 2s...
2026-01-13 17:28:24,850 - PolymarketIngestor - WARNING - Rate limited (429). Retrying in 2s...
2026-01-13 17:28:24,850 - PolymarketIngestor - WARNING - Rate limited (429). Retrying in 2s...
2026-01-13 17:28:24,850 - PolymarketIngestor - WARNING - Rate limited (429). Retrying in 2s...
2026-01-13 17:28:24,851 - PolymarketIngestor - WARNING - Rate limited (429). Retrying in 2s...
2026-01-13 17:28:24,855 - PolymarketIngestor - WARNING - Rate limited (429). Retrying in 2s...
2026-01-13 17:28:24,856 - PolymarketIngestor - WARNING - Rate limited (429). Retrying in 2s...
2026-01-13 17:28:24,856 - PolymarketIngestor - WARNING - Rate limited (429). Retrying in 2s...
2026-01-13 17:28:24,857 - PolymarketIngestor - WARNING - Rate limited (429). Retrying in 2s...
2026-01-13 17:28:24,857 - PolymarketIngestor - WARNING - Rate limited (429). Retrying in 2s...
2026-01-13 17:28:24,857 - PolymarketIngestor - WARNING - Rate limited (429). Retrying in 2s...
2026-01-13 17:28:24,858 - PolymarketIngestor - WARNING - Rate limited (429). Retrying in 2s...
2026-01-13 17:28:24,858 - PolymarketIngestor - WARNING - Rate limited (429). Retrying in 2s...
2026-01-13 17:28:24,860 - PolymarketIngestor - WARNING - Rate limited (429). Retrying in 2s...
2026-01-13 17:28:24,862 - PolymarketIngestor - WARNING - Rate limited (429). Retrying in 2s...
2026-01-13 17:28:24,862 - PolymarketIngestor - WARNING - Rate limited (429). Retrying in 2s...
2026-01-13 17:28:24,862 - PolymarketIngestor - WARNING - Rate limited (429). Retrying in 2s...
2026-01-13 17:28:24,863 - PolymarketIngestor - WARNING - Rate limited (429). Retrying in 2s...
2026-01-13 17:28:24,865 - PolymarketIngestor - WARNING - Rate limited (429). Retrying in 2s...
2026-01-13 17:28:24,865 - PolymarketIngestor - WARNING - Rate limited (429). Retrying in 2s...
2026-01-13 17:28:24,867 - PolymarketIngestor - WARNING - Rate limited (429). Retrying in 2s...
2026-01-13 17:28:24,867 - PolymarketIngestor - WARNING - Rate limited (429). Retrying in 2s...
2026-01-13 17:28:24,867 - PolymarketIngestor - WARNING - Rate limited (429). Retrying in 2s...
2026-01-13 17:28:24,868 - PolymarketIngestor - WARNING - Rate limited (429). Retrying in 2s...
2026-01-13 17:28:24,868 - PolymarketIngestor - WARNING - Rate limited (429). Retrying in 2s...
2026-01-13 17:28:24,868 - PolymarketIngestor - WARNING - Rate limited (429). Retrying in 2s...
2026-01-13 17:28:24,868 - PolymarketIngestor - WARNING - Rate limited (429). Retrying in 2s...
2026-01-13 17:28:24,870 - PolymarketIngestor - WARNING - Rate limited (429). Retrying in 2s...
2026-01-13 17:28:24,871 - PolymarketIngestor - WARNING - Rate limited (429). Retrying in 2s...
2026-01-13 17:28:24,871 - PolymarketIngestor - WARNING - Rate limited (429). Retrying in 2s...
2026-01-13 17:28:24,871 - PolymarketIngestor - WARNING - Rate limited (429). Retrying in 2s...
2026-01-13 17:28:24,872 - PolymarketIngestor - WARNING - Rate limited (429). Retrying in 2s...
2026-01-13 17:28:24,873 - PolymarketIngestor - WARNING - Rate limited (429). Retrying in 2s...
2026-01-13 17:28:24,873 - PolymarketIngestor - WARNING - Rate limited (429). Retrying in 2s...
2026-01-13 17:28:24,873 - PolymarketIngestor - WARNING - Rate limited (429). Retrying in 2s...
2026-01-13 17:28:24,873 - PolymarketIngestor - WARNING - Rate limited (429). Retrying in 2s...
2026-01-13 17:28:24,875 - PolymarketIngestor - WARNING - Rate limited (429). Retrying in 2s...
2026-01-13 17:28:24,876 - PolymarketIngestor - WARNING - Rate limited (429). Retrying in 2s...
2026-01-13 17:28:24,876 - PolymarketIngestor - WARNING - Rate limited (429). Retrying in 2s...
2026-01-13 17:28:24,876 - PolymarketIngestor - WARNING - Rate limited (429). Retrying in 2s...
2026-01-13 17:28:24,876 - PolymarketIngestor - WARNING - Rate limited (429). Retrying in 2s...
2026-01-13 17:28:24,877 - PolymarketIngestor - WARNING - Rate limited (429). Retrying in 2s...
2026-01-13 17:28:24,883 - PolymarketIngestor - WARNING - Rate limited (429). Retrying in 2s...
2026-01-13 17:28:24,884 - PolymarketIngestor - WARNING - Rate limited (429). Retrying in 2s...
2026-01-13 17:28:24,884 - PolymarketIngestor - WARNING - Rate limited (429). Retrying in 2s...
2026-01-13 17:28:24,885 - PolymarketIngestor - WARNING - Rate limited (429). Retrying in 2s...
2026-01-13 17:28:24,885 - PolymarketIngestor - WARNING - Rate limited (429). Retrying in 2s...
2026-01-13 17:28:24,887 - PolymarketIngestor - WARNING - Rate limited (429). Retrying in 2s...
2026-01-13 17:28:24,887 - PolymarketIngestor - WARNING - Rate limited (429). Retrying in 2s...
2026-01-13 17:28:24,887 - PolymarketIngestor - WARNING - Rate limited (429). Retrying in 2s...
2026-01-13 17:28:24,888 - PolymarketIngestor - WARNING - Rate limited (429). Retrying in 2s...
2026-01-13 17:28:24,888 - PolymarketIngestor - WARNING - Rate limited (429). Retrying in 2s...
2026-01-13 17:28:24,888 - PolymarketIngestor - WARNING - Rate limited (429). Retrying in 2s...
2026-01-13 17:28:24,889 - PolymarketIngestor - WARNING - Rate limited (429). Retrying in 2s...
2026-01-13 17:28:24,889 - PolymarketIngestor - WARNING - Rate limited (429). Retrying in 2s...
2026-01-13 17:28:24,889 - PolymarketIngestor - WARNING - Rate limited (429). Retrying in 2s...
2026-01-13 17:28:24,889 - PolymarketIngestor - WARNING - Rate limited (429). Retrying in 2s...
2026-01-13 17:28:24,890 - PolymarketIngestor - WARNING - Rate limited (429). Retrying in 2s...
2026-01-13 17:28:24,890 - PolymarketIngestor - WARNING - Rate limited (429). Retrying in 2s...
2026-01-13 17:28:24,890 - PolymarketIngestor - WARNING - Rate limited (429). Retrying in 2s...
2026-01-13 17:28:24,890 - PolymarketIngestor - WARNING - Rate limited (429). Retrying in 2s...
2026-01-13 17:28:24,893 - PolymarketIngestor - WARNING - Rate limited (429). Retrying in 2s...
2026-01-13 17:28:24,893 - PolymarketIngestor - WARNING - Rate limited (429). Retrying in 2s...
2026-01-13 17:28:24,893 - PolymarketIngestor - WARNING - Rate limited (429). Retrying in 2s...
2026-01-13 17:28:24,896 - PolymarketIngestor - WARNING - Rate limited (429). Retrying in 2s...
2026-01-13 17:28:24,897 - PolymarketIngestor - WARNING - Rate limited (429). Retrying in 2s...
2026-01-13 17:28:24,898 - PolymarketIngestor - WARNING - Rate limited (429). Retrying in 2s...
2026-01-13 17:28:24,903 - PolymarketIngestor - WARNING - Rate limited (429). Retrying in 2s...
2026-01-13 17:28:24,904 - PolymarketIngestor - WARNING - Rate limited (429). Retrying in 2s...
2026-01-13 17:28:24,905 - PolymarketIngestor - WARNING - Rate limited (429). Retrying in 2s...
2026-01-13 17:28:24,908 - PolymarketIngestor - WARNING - Rate limited (429). Retrying in 2s...
2026-01-13 17:28:24,912 - PolymarketIngestor - WARNING - Rate limited (429). Retrying in 2s...
2026-01-13 17:28:24,913 - PolymarketIngestor - WARNING - Rate limited (429). Retrying in 2s...
2026-01-13 17:28:24,915 - PolymarketIngestor - WARNING - Rate limited (429). Retrying in 2s...
2026-01-13 17:28:24,916 - PolymarketIngestor - WARNING - Rate limited (429). Retrying in 2s...
2026-01-13 17:28:24,918 - PolymarketIngestor - WARNING - Rate limited (429). Retrying in 2s...
2026-01-13 17:28:24,920 - PolymarketIngestor - WARNING - Rate limited (429). Retrying in 2s...
2026-01-13 17:28:24,922 - PolymarketIngestor - WARNING - Rate limited (429). Retrying in 2s...
2026-01-13 17:28:24,923 - PolymarketIngestor - WARNING - Rate limited (429). Retrying in 2s...
2026-01-13 17:28:24,923 - PolymarketIngestor - WARNING - Rate limited (429). Retrying in 2s...
2026-01-13 17:28:24,931 - PolymarketIngestor - WARNING - Rate limited (429). Retrying in 2s...
2026-01-13 17:28:24,937 - PolymarketIngestor - WARNING - Rate limited (429). Retrying in 2s...
2026-01-13 17:28:24,937 - PolymarketIngestor - WARNING - Rate limited (429). Retrying in 2s...
2026-01-13 17:28:24,939 - PolymarketIngestor - WARNING - Rate limited (429). Retrying in 2s...
2026-01-13 17:28:24,949 - PolymarketIngestor - WARNING - Rate limited (429). Retrying in 2s...
2026-01-13 17:28:24,961 - PolymarketIngestor - WARNING - Rate limited (429). Retrying in 2s...
2026-01-13 17:28:24,963 - PolymarketIngestor - WARNING - Rate limited (429). Retrying in 2s...
2026-01-13 17:28:24,975 - PolymarketIngestor - WARNING - Rate limited (429). Retrying in 2s...
2026-01-13 17:28:24,976 - PolymarketIngestor - WARNING - Rate limited (429). Retrying in 2s...
2026-01-13 17:28:24,979 - PolymarketIngestor - WARNING - Rate limited (429). Retrying in 2s...
2026-01-13 17:28:25,008 - PolymarketIngestor - WARNING - Rate limited (429). Retrying in 2s...
2026-01-13 17:28:25,143 - PolymarketIngestor - WARNING - Rate limited (429). Retrying in 2s...
2026-01-13 17:28:25,144 - PolymarketIngestor - WARNING - Rate limited (429). Retrying in 2s...
2026-01-13 17:28:25,144 - PolymarketIngestor - WARNING - Rate limited (429). Retrying in 2s...
2026-01-13 17:28:25,177 - PolymarketIngestor - WARNING - Rate limited (429). Retrying in 2s...
2026-01-13 17:28:25,193 - PolymarketIngestor - WARNING - Rate limited (429). Retrying in 2s...
2026-01-13 17:28:25,387 - PolymarketIngestor - WARNING - Rate limited (429). Retrying in 2s...
2026-01-13 17:28:25,421 - PolymarketIngestor - WARNING - Rate limited (429). Retrying in 2s...
2026-01-13 17:28:26,821 - PolymarketIngestor - WARNING - Rate limited (429). Retrying in 4s...
2026-01-13 17:28:26,822 - PolymarketIngestor - WARNING - Rate limited (429). Retrying in 4s...
2026-01-13 17:28:26,825 - PolymarketIngestor - WARNING - Rate limited (429). Retrying in 4s...
2026-01-13 17:28:26,826 - PolymarketIngestor - WARNING - Rate limited (429). Retrying in 4s...
2026-01-13 17:28:26,826 - PolymarketIngestor - WARNING - Rate limited (429). Retrying in 4s...
2026-01-13 17:28:26,827 - PolymarketIngestor - WARNING - Rate limited (429). Retrying in 4s...
2026-01-13 17:28:26,829 - PolymarketIngestor - WARNING - Rate limited (429). Retrying in 4s...
2026-01-13 17:28:26,830 - PolymarketIngestor - WARNING - Rate limited (429). Retrying in 4s...
2026-01-13 17:28:26,833 - PolymarketIngestor - WARNING - Rate limited (429). Retrying in 4s...
2026-01-13 17:28:26,833 - PolymarketIngestor - WARNING - Rate limited (429). Retrying in 4s...
2026-01-13 17:28:26,836 - PolymarketIngestor - WARNING - Rate limited (429). Retrying in 4s...
2026-01-13 17:28:26,837 - PolymarketIngestor - WARNING - Rate limited (429). Retrying in 4s...
2026-01-13 17:28:26,841 - PolymarketIngestor - WARNING - Rate limited (429). Retrying in 4s...
2026-01-13 17:28:26,846 - PolymarketIngestor - WARNING - Rate limited (429). Retrying in 4s...
2026-01-13 17:28:26,849 - PolymarketIngestor - WARNING - Rate limited (429). Retrying in 4s...
2026-01-13 17:28:26,856 - PolymarketIngestor - WARNING - Rate limited (429). Retrying in 4s...
2026-01-13 17:28:26,857 - PolymarketIngestor - WARNING - Rate limited (429). Retrying in 4s...
2026-01-13 17:28:26,857 - PolymarketIngestor - WARNING - Rate limited (429). Retrying in 4s...
2026-01-13 17:28:26,857 - PolymarketIngestor - WARNING - Rate limited (429). Retrying in 4s...
2026-01-13 17:28:26,858 - PolymarketIngestor - WARNING - Rate limited (429). Retrying in 4s...
2026-01-13 17:28:26,859 - PolymarketIngestor - WARNING - Rate limited (429). Retrying in 4s...
2026-01-13 17:28:26,859 - PolymarketIngestor - WARNING - Rate limited (429). Retrying in 4s...
2026-01-13 17:28:26,859 - PolymarketIngestor - WARNING - Rate limited (429). Retrying in 4s...
2026-01-13 17:28:26,861 - PolymarketIngestor - WARNING - Rate limited (429). Retrying in 4s...
2026-01-13 17:28:26,861 - PolymarketIngestor - WARNING - Rate limited (429). Retrying in 4s...
2026-01-13 17:28:26,861 - PolymarketIngestor - WARNING - Rate limited (429). Retrying in 4s...
2026-01-13 17:28:26,861 - PolymarketIngestor - WARNING - Rate limited (429). Retrying in 4s...
2026-01-13 17:28:26,862 - PolymarketIngestor - WARNING - Rate limited (429). Retrying in 4s...
2026-01-13 17:28:26,862 - PolymarketIngestor - WARNING - Rate limited (429). Retrying in 4s...
2026-01-13 17:28:26,862 - PolymarketIngestor - WARNING - Rate limited (429). Retrying in 4s...
2026-01-13 17:28:26,863 - PolymarketIngestor - WARNING - Rate limited (429). Retrying in 4s...
2026-01-13 17:28:26,863 - PolymarketIngestor - WARNING - Rate limited (429). Retrying in 4s...
2026-01-13 17:28:26,863 - PolymarketIngestor - WARNING - Rate limited (429). Retrying in 4s...
2026-01-13 17:28:26,864 - PolymarketIngestor - WARNING - Rate limited (429). Retrying in 4s...
2026-01-13 17:28:26,864 - PolymarketIngestor - WARNING - Rate limited (429). Retrying in 4s...
2026-01-13 17:28:26,865 - PolymarketIngestor - WARNING - Rate limited (429). Retrying in 4s...
2026-01-13 17:28:26,865 - PolymarketIngestor - WARNING - Rate limited (429). Retrying in 4s...
2026-01-13 17:28:26,868 - PolymarketIngestor - WARNING - Rate limited (429). Retrying in 4s...
2026-01-13 17:28:26,868 - PolymarketIngestor - WARNING - Rate limited (429). Retrying in 4s...
2026-01-13 17:28:26,869 - PolymarketIngestor - WARNING - Rate limited (429). Retrying in 4s...
2026-01-13 17:28:26,869 - PolymarketIngestor - WARNING - Rate limited (429). Retrying in 4s...
2026-01-13 17:28:26,870 - PolymarketIngestor - WARNING - Rate limited (429). Retrying in 4s...
2026-01-13 17:28:26,870 - PolymarketIngestor - WARNING - Rate limited (429). Retrying in 4s...
2026-01-13 17:28:26,871 - PolymarketIngestor - WARNING - Rate limited (429). Retrying in 4s...
2026-01-13 17:28:26,871 - PolymarketIngestor - WARNING - Rate limited (429). Retrying in 4s...
2026-01-13 17:28:26,872 - PolymarketIngestor - WARNING - Rate limited (429). Retrying in 4s...
2026-01-13 17:28:26,872 - PolymarketIngestor - WARNING - Rate limited (429). Retrying in 4s...
2026-01-13 17:28:26,872 - PolymarketIngestor - WARNING - Rate limited (429). Retrying in 4s...
2026-01-13 17:28:26,873 - PolymarketIngestor - WARNING - Rate limited (429). Retrying in 4s...
2026-01-13 17:28:26,878 - PolymarketIngestor - WARNING - Rate limited (429). Retrying in 4s...
2026-01-13 17:28:26,879 - PolymarketIngestor - WARNING - Rate limited (429). Retrying in 4s...
2026-01-13 17:28:26,879 - PolymarketIngestor - WARNING - Rate limited (429). Retrying in 4s...
2026-01-13 17:28:26,879 - PolymarketIngestor - WARNING - Rate limited (429). Retrying in 4s...
2026-01-13 17:28:26,879 - PolymarketIngestor - WARNING - Rate limited (429). Retrying in 4s...
2026-01-13 17:28:26,880 - PolymarketIngestor - WARNING - Rate limited (429). Retrying in 4s...
2026-01-13 17:28:26,880 - PolymarketIngestor - WARNING - Rate limited (429). Retrying in 4s...
2026-01-13 17:28:26,881 - PolymarketIngestor - WARNING - Rate limited (429). Retrying in 4s...
2026-01-13 17:28:26,881 - PolymarketIngestor - WARNING - Rate limited (429). Retrying in 4s...
2026-01-13 17:28:26,881 - PolymarketIngestor - WARNING - Rate limited (429). Retrying in 4s...
2026-01-13 17:28:26,881 - PolymarketIngestor - WARNING - Rate limited (429). Retrying in 4s...
2026-01-13 17:28:26,881 - PolymarketIngestor - WARNING - Rate limited (429). Retrying in 4s...
2026-01-13 17:28:26,882 - PolymarketIngestor - WARNING - Rate limited (429). Retrying in 4s...
2026-01-13 17:28:26,884 - PolymarketIngestor - WARNING - Rate limited (429). Retrying in 4s...
2026-01-13 17:28:26,885 - PolymarketIngestor - WARNING - Rate limited (429). Retrying in 4s...
2026-01-13 17:28:26,888 - PolymarketIngestor - WARNING - Rate limited (429). Retrying in 4s...
2026-01-13 17:28:26,888 - PolymarketIngestor - WARNING - Rate limited (429). Retrying in 4s...
2026-01-13 17:28:26,889 - PolymarketIngestor - WARNING - Rate limited (429). Retrying in 4s...
2026-01-13 17:28:26,892 - PolymarketIngestor - WARNING - Rate limited (429). Retrying in 4s...
2026-01-13 17:28:26,893 - PolymarketIngestor - WARNING - Rate limited (429). Retrying in 4s...
2026-01-13 17:28:26,895 - PolymarketIngestor - WARNING - Rate limited (429). Retrying in 4s...
2026-01-13 17:28:26,895 - PolymarketIngestor - WARNING - Rate limited (429). Retrying in 4s...
2026-01-13 17:28:26,896 - PolymarketIngestor - WARNING - Rate limited (429). Retrying in 4s...
2026-01-13 17:28:26,898 - PolymarketIngestor - WARNING - Rate limited (429). Retrying in 4s...
2026-01-13 17:28:26,898 - PolymarketIngestor - WARNING - Rate limited (429). Retrying in 4s...
2026-01-13 17:28:26,899 - PolymarketIngestor - WARNING - Rate limited (429). Retrying in 4s...
2026-01-13 17:28:26,899 - PolymarketIngestor - WARNING - Rate limited (429). Retrying in 4s...
2026-01-13 17:28:26,899 - PolymarketIngestor - WARNING - Rate limited (429). Retrying in 4s...
2026-01-13 17:28:26,900 - PolymarketIngestor - WARNING - Rate limited (429). Retrying in 4s...
2026-01-13 17:28:26,901 - PolymarketIngestor - WARNING - Rate limited (429). Retrying in 4s...
2026-01-13 17:28:26,901 - PolymarketIngestor - WARNING - Rate limited (429). Retrying in 4s...
2026-01-13 17:28:26,901 - PolymarketIngestor - WARNING - Rate limited (429). Retrying in 4s...
2026-01-13 17:28:26,901 - PolymarketIngestor - WARNING - Rate limited (429). Retrying in 4s...
2026-01-13 17:28:26,901 - PolymarketIngestor - WARNING - Rate limited (429). Retrying in 4s...
2026-01-13 17:28:26,902 - PolymarketIngestor - WARNING - Rate limited (429). Retrying in 4s...
2026-01-13 17:28:26,903 - PolymarketIngestor - WARNING - Rate limited (429). Retrying in 4s...
2026-01-13 17:28:26,905 - PolymarketIngestor - WARNING - Rate limited (429). Retrying in 4s...
2026-01-13 17:28:26,906 - PolymarketIngestor - WARNING - Rate limited (429). Retrying in 4s...
2026-01-13 17:28:26,910 - PolymarketIngestor - WARNING - Rate limited (429). Retrying in 4s...
2026-01-13 17:28:26,910 - PolymarketIngestor - WARNING - Rate limited (429). Retrying in 4s...
2026-01-13 17:28:26,910 - PolymarketIngestor - WARNING - Rate limited (429). Retrying in 4s...
2026-01-13 17:28:26,911 - PolymarketIngestor - WARNING - Rate limited (429). Retrying in 4s...
2026-01-13 17:28:26,911 - PolymarketIngestor - WARNING - Rate limited (429). Retrying in 4s...
2026-01-13 17:28:26,911 - PolymarketIngestor - WARNING - Rate limited (429). Retrying in 4s...
2026-01-13 17:28:26,912 - PolymarketIngestor - WARNING - Rate limited (429). Retrying in 4s...
2026-01-13 17:28:26,912 - PolymarketIngestor - WARNING - Rate limited (429). Retrying in 4s...
2026-01-13 17:28:26,912 - PolymarketIngestor - WARNING - Rate limited (429). Retrying in 4s...
2026-01-13 17:28:26,913 - PolymarketIngestor - WARNING - Rate limited (429). Retrying in 4s...
2026-01-13 17:28:26,913 - PolymarketIngestor - WARNING - Rate limited (429). Retrying in 4s...
2026-01-13 17:28:26,913 - PolymarketIngestor - WARNING - Rate limited (429). Retrying in 4s...
2026-01-13 17:28:26,913 - PolymarketIngestor - WARNING - Rate limited (429). Retrying in 4s...
2026-01-13 17:28:26,913 - PolymarketIngestor - WARNING - Rate limited (429). Retrying in 4s...
2026-01-13 17:28:26,915 - PolymarketIngestor - WARNING - Rate limited (429). Retrying in 4s...
2026-01-13 17:28:26,915 - PolymarketIngestor - WARNING - Rate limited (429). Retrying in 4s...
2026-01-13 17:28:26,915 - PolymarketIngestor - WARNING - Rate limited (429). Retrying in 4s...
2026-01-13 17:28:26,916 - PolymarketIngestor - WARNING - Rate limited (429). Retrying in 4s...
2026-01-13 17:28:26,917 - PolymarketIngestor - WARNING - Rate limited (429). Retrying in 4s...
2026-01-13 17:28:26,918 - PolymarketIngestor - WARNING - Rate limited (429). Retrying in 4s...
2026-01-13 17:28:26,918 - PolymarketIngestor - WARNING - Rate limited (429). Retrying in 4s...
2026-01-13 17:28:26,918 - PolymarketIngestor - WARNING - Rate limited (429). Retrying in 4s...
2026-01-13 17:28:26,919 - PolymarketIngestor - WARNING - Rate limited (429). Retrying in 4s...
2026-01-13 17:28:26,919 - PolymarketIngestor - WARNING - Rate limited (429). Retrying in 4s...
2026-01-13 17:28:26,921 - PolymarketIngestor - WARNING - Rate limited (429). Retrying in 4s...
2026-01-13 17:28:26,921 - PolymarketIngestor - WARNING - Rate limited (429). Retrying in 4s...
2026-01-13 17:28:26,921 - PolymarketIngestor - WARNING - Rate limited (429). Retrying in 2s...
2026-01-13 17:28:26,922 - PolymarketIngestor - WARNING - Rate limited (429). Retrying in 4s...
2026-01-13 17:28:26,923 - PolymarketIngestor - WARNING - Rate limited (429). Retrying in 4s...
2026-01-13 17:28:26,923 - PolymarketIngestor - WARNING - Rate limited (429). Retrying in 4s...
2026-01-13 17:28:26,924 - PolymarketIngestor - WARNING - Rate limited (429). Retrying in 4s...
2026-01-13 17:28:26,925 - PolymarketIngestor - WARNING - Rate limited (429). Retrying in 4s...
2026-01-13 17:28:26,925 - PolymarketIngestor - WARNING - Rate limited (429). Retrying in 4s...
2026-01-13 17:28:26,925 - PolymarketIngestor - WARNING - Rate limited (429). Retrying in 4s...
2026-01-13 17:28:26,926 - PolymarketIngestor - WARNING - Rate limited (429). Retrying in 4s...
2026-01-13 17:28:26,926 - PolymarketIngestor - WARNING - Rate limited (429). Retrying in 4s...
2026-01-13 17:28:26,927 - PolymarketIngestor - WARNING - Rate limited (429). Retrying in 4s...
2026-01-13 17:28:26,928 - PolymarketIngestor - WARNING - Rate limited (429). Retrying in 4s...
2026-01-13 17:28:26,930 - PolymarketIngestor - WARNING - Rate limited (429). Retrying in 4s...
2026-01-13 17:28:26,931 - PolymarketIngestor - WARNING - Rate limited (429). Retrying in 4s...
2026-01-13 17:28:26,931 - PolymarketIngestor - WARNING - Rate limited (429). Retrying in 4s...
2026-01-13 17:28:26,931 - PolymarketIngestor - WARNING - Rate limited (429). Retrying in 4s...
2026-01-13 17:28:26,931 - PolymarketIngestor - WARNING - Rate limited (429). Retrying in 4s...
2026-01-13 17:28:26,932 - PolymarketIngestor - WARNING - Rate limited (429). Retrying in 4s...
2026-01-13 17:28:26,932 - PolymarketIngestor - WARNING - Rate limited (429). Retrying in 4s...
2026-01-13 17:28:26,932 - PolymarketIngestor - WARNING - Rate limited (429). Retrying in 4s...
2026-01-13 17:28:26,933 - PolymarketIngestor - WARNING - Rate limited (429). Retrying in 4s...
2026-01-13 17:28:26,938 - PolymarketIngestor - WARNING - Rate limited (429). Retrying in 4s...
2026-01-13 17:28:26,938 - PolymarketIngestor - WARNING - Rate limited (429). Retrying in 2s...
2026-01-13 17:28:26,938 - PolymarketIngestor - WARNING - Rate limited (429). Retrying in 4s...
2026-01-13 17:28:26,938 - PolymarketIngestor - WARNING - Rate limited (429). Retrying in 4s...
2026-01-13 17:28:26,939 - PolymarketIngestor - WARNING - Rate limited (429). Retrying in 4s...
2026-01-13 17:28:26,939 - PolymarketIngestor - WARNING - Rate limited (429). Retrying in 4s...
2026-01-13 17:28:26,939 - PolymarketIngestor - WARNING - Rate limited (429). Retrying in 2s...
2026-01-13 17:28:26,939 - PolymarketIngestor - WARNING - Rate limited (429). Retrying in 4s...
2026-01-13 17:28:26,940 - PolymarketIngestor - WARNING - Rate limited (429). Retrying in 4s...
2026-01-13 17:28:26,942 - PolymarketIngestor - WARNING - Rate limited (429). Retrying in 4s...
2026-01-13 17:28:26,944 - PolymarketIngestor - WARNING - Rate limited (429). Retrying in 4s...
2026-01-13 17:28:26,946 - PolymarketIngestor - WARNING - Rate limited (429). Retrying in 4s...
2026-01-13 17:28:26,947 - PolymarketIngestor - WARNING - Rate limited (429). Retrying in 4s...
2026-01-13 17:28:26,950 - PolymarketIngestor - WARNING - Rate limited (429). Retrying in 4s...
2026-01-13 17:28:26,951 - PolymarketIngestor - WARNING - Rate limited (429). Retrying in 2s...
2026-01-13 17:28:26,952 - PolymarketIngestor - WARNING - Rate limited (429). Retrying in 2s...
2026-01-13 17:28:26,952 - PolymarketIngestor - WARNING - Rate limited (429). Retrying in 4s...
2026-01-13 17:28:26,952 - PolymarketIngestor - WARNING - Rate limited (429). Retrying in 4s...
2026-01-13 17:28:26,954 - PolymarketIngestor - WARNING - Rate limited (429). Retrying in 4s...
2026-01-13 17:28:26,956 - PolymarketIngestor - WARNING - Rate limited (429). Retrying in 4s...
2026-01-13 17:28:26,957 - PolymarketIngestor - WARNING - Rate limited (429). Retrying in 4s...
2026-01-13 17:28:26,957 - PolymarketIngestor - WARNING - Rate limited (429). Retrying in 2s...
2026-01-13 17:28:26,958 - PolymarketIngestor - WARNING - Rate limited (429). Retrying in 2s...
2026-01-13 17:28:26,959 - PolymarketIngestor - WARNING - Rate limited (429). Retrying in 4s...
2026-01-13 17:28:26,959 - PolymarketIngestor - WARNING - Rate limited (429). Retrying in 4s...
2026-01-13 17:28:26,962 - PolymarketIngestor - WARNING - Rate limited (429). Retrying in 4s...
2026-01-13 17:28:26,971 - PolymarketIngestor - WARNING - Rate limited (429). Retrying in 4s...
2026-01-13 17:28:26,974 - PolymarketIngestor - WARNING - Rate limited (429). Retrying in 4s...
2026-01-13 17:28:26,975 - PolymarketIngestor - WARNING - Rate limited (429). Retrying in 4s...
2026-01-13 17:28:26,981 - PolymarketIngestor - WARNING - Rate limited (429). Retrying in 4s...
2026-01-13 17:28:26,983 - PolymarketIngestor - WARNING - Rate limited (429). Retrying in 4s...
2026-01-13 17:28:26,991 - PolymarketIngestor - WARNING - Rate limited (429). Retrying in 2s...
2026-01-13 17:28:26,992 - PolymarketIngestor - WARNING - Rate limited (429). Retrying in 2s...
2026-01-13 17:28:26,992 - PolymarketIngestor - WARNING - Rate limited (429). Retrying in 2s...
2026-01-13 17:28:26,993 - PolymarketIngestor - WARNING - Rate limited (429). Retrying in 4s...
2026-01-13 17:28:26,995 - PolymarketIngestor - WARNING - Rate limited (429). Retrying in 4s...
2026-01-13 17:28:27,022 - PolymarketIngestor - WARNING - Rate limited (429). Retrying in 2s...
2026-01-13 17:28:27,023 - PolymarketIngestor - WARNING - Rate limited (429). Retrying in 2s...
2026-01-13 17:28:27,025 - PolymarketIngestor - WARNING - Rate limited (429). Retrying in 2s...
2026-01-13 17:28:27,040 - PolymarketIngestor - WARNING - Rate limited (429). Retrying in 2s...
2026-01-13 17:28:27,041 - PolymarketIngestor - WARNING - Rate limited (429). Retrying in 2s...
2026-01-13 17:28:27,056 - PolymarketIngestor - WARNING - Rate limited (429). Retrying in 4s...
2026-01-13 17:28:27,064 - PolymarketIngestor - WARNING - Rate limited (429). Retrying in 2s...
2026-01-13 17:28:27,068 - PolymarketIngestor - WARNING - Rate limited (429). Retrying in 2s...
2026-01-13 17:28:27,069 - PolymarketIngestor - WARNING - Rate limited (429). Retrying in 2s...
2026-01-13 17:28:27,071 - PolymarketIngestor - WARNING - Rate limited (429). Retrying in 4s...
2026-01-13 17:28:27,126 - PolymarketIngestor - WARNING - Rate limited (429). Retrying in 2s...
2026-01-13 17:28:27,169 - PolymarketIngestor - WARNING - Rate limited (429). Retrying in 2s...
2026-01-13 17:28:27,182 - PolymarketIngestor - WARNING - Rate limited (429). Retrying in 2s...
2026-01-13 17:28:27,188 - PolymarketIngestor - WARNING - Rate limited (429). Retrying in 4s...
2026-01-13 17:28:27,190 - PolymarketIngestor - WARNING - Rate limited (429). Retrying in 4s...
2026-01-13 17:28:27,194 - PolymarketIngestor - WARNING - Rate limited (429). Retrying in 4s...
2026-01-13 17:28:27,200 - PolymarketIngestor - WARNING - Rate limited (429). Retrying in 2s...
2026-01-13 17:28:27,220 - PolymarketIngestor - WARNING - Rate limited (429). Retrying in 4s...
2026-01-13 17:28:27,237 - PolymarketIngestor - WARNING - Rate limited (429). Retrying in 4s...
2026-01-13 17:28:27,251 - PolymarketIngestor - WARNING - Rate limited (429). Retrying in 2s...
2026-01-13 17:28:27,260 - PolymarketIngestor - WARNING - Rate limited (429). Retrying in 2s...
2026-01-13 17:28:27,265 - PolymarketIngestor - WARNING - Rate limited (429). Retrying in 2s...
2026-01-13 17:28:27,279 - PolymarketIngestor - WARNING - Rate limited (429). Retrying in 2s...
2026-01-13 17:28:27,305 - PolymarketIngestor - WARNING - Rate limited (429). Retrying in 2s...
2026-01-13 17:28:29,070 - PolymarketIngestor - WARNING - Rate limited (429). Retrying in 4s...
2026-01-13 17:28:29,075 - PolymarketIngestor - WARNING - Rate limited (429). Retrying in 4s...
2026-01-13 17:28:29,085 - PolymarketIngestor - INFO - Successfully ingested 153 trades for: 76ers vs. Raptors: O/U 219.5
2026-01-13 17:28:29,098 - PolymarketIngestor - WARNING - Rate limited (429). Retrying in 4s...
2026-01-13 17:28:29,108 - PolymarketIngestor - WARNING - Rate limited (429). Retrying in 4s...
2026-01-13 17:28:29,109 - PolymarketIngestor - WARNING - Rate limited (429). Retrying in 4s...
2026-01-13 17:28:29,114 - PolymarketIngestor - WARNING - Rate limited (429). Retrying in 4s...
2026-01-13 17:28:29,142 - PolymarketIngestor - WARNING - Rate limited (429). Retrying in 2s...
2026-01-13 17:28:29,176 - PolymarketIngestor - WARNING - Rate limited (429). Retrying in 4s...
2026-01-13 17:28:29,209 - PolymarketIngestor - WARNING - Rate limited (429). Retrying in 4s...
2026-01-13 17:28:29,233 - PolymarketIngestor - WARNING - Rate limited (429). Retrying in 2s...
2026-01-13 17:28:29,237 - PolymarketIngestor - WARNING - Rate limited (429). Retrying in 4s...
2026-01-13 17:28:29,242 - PolymarketIngestor - WARNING - Rate limited (429). Retrying in 2s...
2026-01-13 17:28:29,255 - PolymarketIngestor - WARNING - Rate limited (429). Retrying in 2s...
2026-01-13 17:28:29,270 - PolymarketIngestor - WARNING - Rate limited (429). Retrying in 2s...
2026-01-13 17:28:29,273 - PolymarketIngestor - WARNING - Rate limited (429). Retrying in 2s...
2026-01-13 17:28:29,275 - PolymarketIngestor - WARNING - Rate limited (429). Retrying in 4s...
2026-01-13 17:28:29,288 - PolymarketIngestor - WARNING - Rate limited (429). Retrying in 2s...
2026-01-13 17:28:29,299 - PolymarketIngestor - WARNING - Rate limited (429). Retrying in 2s...
2026-01-13 17:28:29,307 - PolymarketIngestor - WARNING - Rate limited (429). Retrying in 4s...
2026-01-13 17:28:29,311 - PolymarketIngestor - WARNING - Rate limited (429). Retrying in 4s...
2026-01-13 17:28:29,328 - PolymarketIngestor - WARNING - Rate limited (429). Retrying in 4s...
2026-01-13 17:28:29,356 - PolymarketIngestor - WARNING - Rate limited (429). Retrying in 2s...
2026-01-13 17:28:29,362 - PolymarketIngestor - WARNING - Rate limited (429). Retrying in 4s...
2026-01-13 17:28:29,371 - PolymarketIngestor - WARNING - Rate limited (429). Retrying in 2s...
2026-01-13 17:28:29,505 - PolymarketIngestor - WARNING - Rate limited (429). Retrying in 2s...
2026-01-13 17:28:29,549 - PolymarketIngestor - WARNING - Rate limited (429). Retrying in 2s...
2026-01-13 17:28:29,607 - PolymarketIngestor - WARNING - Rate limited (429). Retrying in 2s...
2026-01-13 17:28:30,158 - PolymarketIngestor - INFO - Successfully ingested 372 trades for: LoL: DRX Challengers vs Hanwha Life Esports Challe
2026-01-13 17:28:30,920 - PolymarketIngestor - WARNING - Rate limited (429). Retrying in 6s...
2026-01-13 17:28:30,921 - PolymarketIngestor - WARNING - Rate limited (429). Retrying in 6s...
2026-01-13 17:28:30,921 - PolymarketIngestor - WARNING - Rate limited (429). Retrying in 6s...
2026-01-13 17:28:30,923 - PolymarketIngestor - WARNING - Rate limited (429). Retrying in 6s...
2026-01-13 17:28:30,925 - PolymarketIngestor - WARNING - Rate limited (429). Retrying in 6s...
2026-01-13 17:28:30,925 - PolymarketIngestor - WARNING - Rate limited (429). Retrying in 6s...
2026-01-13 17:28:30,926 - PolymarketIngestor - WARNING - Rate limited (429). Retrying in 6s...
2026-01-13 17:28:30,927 - PolymarketIngestor - WARNING - Rate limited (429). Retrying in 6s...
2026-01-13 17:28:30,928 - PolymarketIngestor - WARNING - Rate limited (429). Retrying in 6s...
2026-01-13 17:28:30,929 - PolymarketIngestor - WARNING - Rate limited (429). Retrying in 6s...
2026-01-13 17:28:30,934 - PolymarketIngestor - WARNING - Rate limited (429). Retrying in 6s...
2026-01-13 17:28:30,938 - PolymarketIngestor - WARNING - Rate limited (429). Retrying in 6s...
2026-01-13 17:28:30,939 - PolymarketIngestor - WARNING - Rate limited (429). Retrying in 6s...
2026-01-13 17:28:30,939 - PolymarketIngestor - WARNING - Rate limited (429). Retrying in 6s...
2026-01-13 17:28:30,939 - PolymarketIngestor - WARNING - Rate limited (429). Retrying in 6s...
2026-01-13 17:28:30,940 - PolymarketIngestor - WARNING - Rate limited (429). Retrying in 6s...
2026-01-13 17:28:30,940 - PolymarketIngestor - WARNING - Rate limited (429). Retrying in 6s...
2026-01-13 17:28:30,941 - PolymarketIngestor - WARNING - Rate limited (429). Retrying in 6s...
2026-01-13 17:28:30,942 - PolymarketIngestor - WARNING - Rate limited (429). Retrying in 6s...
2026-01-13 17:28:30,942 - PolymarketIngestor - WARNING - Rate limited (429). Retrying in 6s...
2026-01-13 17:28:30,942 - PolymarketIngestor - WARNING - Rate limited (429). Retrying in 6s...
2026-01-13 17:28:30,943 - PolymarketIngestor - WARNING - Rate limited (429). Retrying in 6s...
2026-01-13 17:28:30,944 - PolymarketIngestor - WARNING - Rate limited (429). Retrying in 6s...
2026-01-13 17:28:30,944 - PolymarketIngestor - WARNING - Rate limited (429). Retrying in 6s...
2026-01-13 17:28:30,944 - PolymarketIngestor - WARNING - Rate limited (429). Retrying in 6s...
2026-01-13 17:28:30,944 - PolymarketIngestor - WARNING - Rate limited (429). Retrying in 6s...
2026-01-13 17:28:30,945 - PolymarketIngestor - WARNING - Rate limited (429). Retrying in 6s...
2026-01-13 17:28:30,945 - PolymarketIngestor - WARNING - Rate limited (429). Retrying in 6s...
2026-01-13 17:28:30,945 - PolymarketIngestor - WARNING - Rate limited (429). Retrying in 6s...
2026-01-13 17:28:30,946 - PolymarketIngestor - WARNING - Rate limited (429). Retrying in 6s...
2026-01-13 17:28:30,946 - PolymarketIngestor - WARNING - Rate limited (429). Retrying in 6s...
2026-01-13 17:28:30,946 - PolymarketIngestor - WARNING - Rate limited (429). Retrying in 6s...
2026-01-13 17:28:30,947 - PolymarketIngestor - WARNING - Rate limited (429). Retrying in 6s...
2026-01-13 17:28:30,948 - PolymarketIngestor - WARNING - Rate limited (429). Retrying in 6s...
2026-01-13 17:28:30,948 - PolymarketIngestor - WARNING - Rate limited (429). Retrying in 6s...
2026-01-13 17:28:30,948 - PolymarketIngestor - WARNING - Rate limited (429). Retrying in 6s...
2026-01-13 17:28:30,949 - PolymarketIngestor - WARNING - Rate limited (429). Retrying in 6s...
2026-01-13 17:28:30,949 - PolymarketIngestor - WARNING - Rate limited (429). Retrying in 6s...
2026-01-13 17:28:30,949 - PolymarketIngestor - WARNING - Rate limited (429). Retrying in 6s...
2026-01-13 17:28:30,950 - PolymarketIngestor - WARNING - Rate limited (429). Retrying in 6s...
2026-01-13 17:28:30,951 - PolymarketIngestor - WARNING - Rate limited (429). Retrying in 6s...
2026-01-13 17:28:30,951 - PolymarketIngestor - WARNING - Rate limited (429). Retrying in 6s...
2026-01-13 17:28:30,952 - PolymarketIngestor - WARNING - Rate limited (429). Retrying in 6s...
2026-01-13 17:28:30,953 - PolymarketIngestor - WARNING - Rate limited (429). Retrying in 6s...
2026-01-13 17:28:30,953 - PolymarketIngestor - WARNING - Rate limited (429). Retrying in 6s...
2026-01-13 17:28:30,954 - PolymarketIngestor - WARNING - Rate limited (429). Retrying in 6s...
2026-01-13 17:28:30,955 - PolymarketIngestor - WARNING - Rate limited (429). Retrying in 6s...
2026-01-13 17:28:30,955 - PolymarketIngestor - WARNING - Rate limited (429). Retrying in 6s...
2026-01-13 17:28:30,956 - PolymarketIngestor - WARNING - Rate limited (429). Retrying in 6s...
2026-01-13 17:28:30,957 - PolymarketIngestor - WARNING - Rate limited (429). Retrying in 6s...
2026-01-13 17:28:30,957 - PolymarketIngestor - WARNING - Rate limited (429). Retrying in 6s...
2026-01-13 17:28:30,958 - PolymarketIngestor - WARNING - Rate limited (429). Retrying in 6s...
2026-01-13 17:28:30,959 - PolymarketIngestor - WARNING - Rate limited (429). Retrying in 6s...
2026-01-13 17:28:30,960 - PolymarketIngestor - WARNING - Rate limited (429). Retrying in 6s...
2026-01-13 17:28:30,960 - PolymarketIngestor - WARNING - Rate limited (429). Retrying in 6s...
2026-01-13 17:28:30,964 - PolymarketIngestor - WARNING - Rate limited (429). Retrying in 6s...
2026-01-13 17:28:30,964 - PolymarketIngestor - WARNING - Rate limited (429). Retrying in 6s...
2026-01-13 17:28:30,968 - PolymarketIngestor - WARNING - Rate limited (429). Retrying in 6s...
2026-01-13 17:28:30,973 - PolymarketIngestor - WARNING - Rate limited (429). Retrying in 6s...
2026-01-13 17:28:30,973 - PolymarketIngestor - WARNING - Rate limited (429). Retrying in 6s...
2026-01-13 17:28:30,974 - PolymarketIngestor - WARNING - Rate limited (429). Retrying in 6s...
2026-01-13 17:28:30,974 - PolymarketIngestor - WARNING - Rate limited (429). Retrying in 6s...
2026-01-13 17:28:30,975 - PolymarketIngestor - WARNING - Rate limited (429). Retrying in 6s...
2026-01-13 17:28:30,975 - PolymarketIngestor - WARNING - Rate limited (429). Retrying in 6s...
2026-01-13 17:28:30,976 - PolymarketIngestor - WARNING - Rate limited (429). Retrying in 6s...
2026-01-13 17:28:30,976 - PolymarketIngestor - WARNING - Rate limited (429). Retrying in 6s...
2026-01-13 17:28:30,976 - PolymarketIngestor - WARNING - Rate limited (429). Retrying in 6s...
2026-01-13 17:28:30,978 - PolymarketIngestor - WARNING - Rate limited (429). Retrying in 6s...
2026-01-13 17:28:30,978 - PolymarketIngestor - WARNING - Rate limited (429). Retrying in 6s...
2026-01-13 17:28:30,979 - PolymarketIngestor - WARNING - Rate limited (429). Retrying in 6s...
2026-01-13 17:28:30,979 - PolymarketIngestor - WARNING - Rate limited (429). Retrying in 6s...
2026-01-13 17:28:30,980 - PolymarketIngestor - WARNING - Rate limited (429). Retrying in 6s...
2026-01-13 17:28:30,980 - PolymarketIngestor - WARNING - Rate limited (429). Retrying in 6s...
2026-01-13 17:28:30,981 - PolymarketIngestor - WARNING - Rate limited (429). Retrying in 6s...
2026-01-13 17:28:30,981 - PolymarketIngestor - WARNING - Rate limited (429). Retrying in 6s...
2026-01-13 17:28:30,981 - PolymarketIngestor - WARNING - Rate limited (429). Retrying in 6s...
2026-01-13 17:28:30,984 - PolymarketIngestor - WARNING - Rate limited (429). Retrying in 6s...
2026-01-13 17:28:30,984 - PolymarketIngestor - WARNING - Rate limited (429). Retrying in 6s...
2026-01-13 17:28:30,985 - PolymarketIngestor - WARNING - Rate limited (429). Retrying in 6s...
2026-01-13 17:28:30,985 - PolymarketIngestor - WARNING - Rate limited (429). Retrying in 6s...
2026-01-13 17:28:30,985 - PolymarketIngestor - WARNING - Rate limited (429). Retrying in 6s...
2026-01-13 17:28:30,985 - PolymarketIngestor - WARNING - Rate limited (429). Retrying in 6s...
2026-01-13 17:28:30,986 - PolymarketIngestor - WARNING - Rate limited (429). Retrying in 6s...
2026-01-13 17:28:30,986 - PolymarketIngestor - WARNING - Rate limited (429). Retrying in 6s...
2026-01-13 17:28:30,988 - PolymarketIngestor - WARNING - Rate limited (429). Retrying in 6s...
2026-01-13 17:28:30,988 - PolymarketIngestor - WARNING - Rate limited (429). Retrying in 6s...
2026-01-13 17:28:30,988 - PolymarketIngestor - WARNING - Rate limited (429). Retrying in 6s...
2026-01-13 17:28:30,989 - PolymarketIngestor - WARNING - Rate limited (429). Retrying in 6s...
2026-01-13 17:28:30,989 - PolymarketIngestor - WARNING - Rate limited (429). Retrying in 6s...
2026-01-13 17:28:30,990 - PolymarketIngestor - WARNING - Rate limited (429). Retrying in 6s...
2026-01-13 17:28:30,990 - PolymarketIngestor - WARNING - Rate limited (429). Retrying in 6s...
2026-01-13 17:28:30,990 - PolymarketIngestor - WARNING - Rate limited (429). Retrying in 6s...
2026-01-13 17:28:30,990 - PolymarketIngestor - WARNING - Rate limited (429). Retrying in 6s...
2026-01-13 17:28:30,991 - PolymarketIngestor - WARNING - Rate limited (429). Retrying in 6s...
2026-01-13 17:28:30,992 - PolymarketIngestor - WARNING - Rate limited (429). Retrying in 6s...
2026-01-13 17:28:30,997 - PolymarketIngestor - WARNING - Rate limited (429). Retrying in 6s...
2026-01-13 17:28:30,997 - PolymarketIngestor - WARNING - Rate limited (429). Retrying in 6s...
2026-01-13 17:28:30,998 - PolymarketIngestor - WARNING - Rate limited (429). Retrying in 6s...
2026-01-13 17:28:30,998 - PolymarketIngestor - WARNING - Rate limited (429). Retrying in 6s...
2026-01-13 17:28:30,999 - PolymarketIngestor - WARNING - Rate limited (429). Retrying in 6s...
2026-01-13 17:28:30,999 - PolymarketIngestor - WARNING - Rate limited (429). Retrying in 6s...
2026-01-13 17:28:30,999 - PolymarketIngestor - WARNING - Rate limited (429). Retrying in 6s...
2026-01-13 17:28:31,000 - PolymarketIngestor - WARNING - Rate limited (429). Retrying in 6s...
2026-01-13 17:28:31,004 - PolymarketIngestor - WARNING - Rate limited (429). Retrying in 6s...
2026-01-13 17:28:31,008 - PolymarketIngestor - WARNING - Rate limited (429). Retrying in 6s...
2026-01-13 17:28:31,009 - PolymarketIngestor - WARNING - Rate limited (429). Retrying in 6s...
2026-01-13 17:28:31,010 - PolymarketIngestor - WARNING - Rate limited (429). Retrying in 6s...
2026-01-13 17:28:31,012 - PolymarketIngestor - INFO - Successfully ingested 61 trades for: Delaware State Hornets vs. Howard Bison: O/U 131.5
2026-01-13 17:28:31,014 - PolymarketIngestor - WARNING - Rate limited (429). Retrying in 6s...
2026-01-13 17:28:31,016 - PolymarketIngestor - WARNING - Rate limited (429). Retrying in 6s...
2026-01-13 17:28:31,017 - PolymarketIngestor - WARNING - Rate limited (429). Retrying in 6s...
2026-01-13 17:28:31,024 - PolymarketIngestor - WARNING - Rate limited (429). Retrying in 6s...
2026-01-13 17:28:31,024 - PolymarketIngestor - WARNING - Rate limited (429). Retrying in 6s...
2026-01-13 17:28:31,030 - PolymarketIngestor - WARNING - Rate limited (429). Retrying in 2s...
2026-01-13 17:28:31,032 - PolymarketIngestor - WARNING - Rate limited (429). Retrying in 6s...
2026-01-13 17:28:31,033 - PolymarketIngestor - WARNING - Rate limited (429). Retrying in 6s...
2026-01-13 17:28:31,036 - PolymarketIngestor - WARNING - Rate limited (429). Retrying in 6s...
2026-01-13 17:28:31,049 - PolymarketIngestor - WARNING - Rate limited (429). Retrying in 2s...
2026-01-13 17:28:31,061 - PolymarketIngestor - WARNING - Rate limited (429). Retrying in 2s...
2026-01-13 17:28:31,064 - PolymarketIngestor - WARNING - Rate limited (429). Retrying in 2s...
2026-01-13 17:28:31,065 - PolymarketIngestor - WARNING - Rate limited (429). Retrying in 2s...
2026-01-13 17:28:31,069 - PolymarketIngestor - WARNING - Rate limited (429). Retrying in 2s...
2026-01-13 17:28:31,070 - PolymarketIngestor - WARNING - Rate limited (429). Retrying in 2s...
2026-01-13 17:28:31,075 - PolymarketIngestor - WARNING - Rate limited (429). Retrying in 2s...
2026-01-13 17:28:31,081 - PolymarketIngestor - WARNING - Rate limited (429). Retrying in 2s...
2026-01-13 17:28:31,082 - PolymarketIngestor - WARNING - Rate limited (429). Retrying in 2s...
2026-01-13 17:28:31,101 - PolymarketIngestor - WARNING - Rate limited (429). Retrying in 6s...
2026-01-13 17:28:31,102 - PolymarketIngestor - WARNING - Rate limited (429). Retrying in 2s...
2026-01-13 17:28:31,102 - PolymarketIngestor - WARNING - Rate limited (429). Retrying in 2s...
2026-01-13 17:28:31,107 - PolymarketIngestor - WARNING - Rate limited (429). Retrying in 2s...
2026-01-13 17:28:31,112 - PolymarketIngestor - WARNING - Rate limited (429). Retrying in 2s...
2026-01-13 17:28:31,112 - PolymarketIngestor - WARNING - Rate limited (429). Retrying in 2s...
2026-01-13 17:28:31,127 - PolymarketIngestor - WARNING - Rate limited (429). Retrying in 6s...
2026-01-13 17:28:31,129 - PolymarketIngestor - WARNING - Rate limited (429). Retrying in 2s...
2026-01-13 17:28:31,132 - PolymarketIngestor - WARNING - Rate limited (429). Retrying in 2s...
2026-01-13 17:28:31,141 - PolymarketIngestor - WARNING - Rate limited (429). Retrying in 2s...
2026-01-13 17:28:31,141 - PolymarketIngestor - WARNING - Rate limited (429). Retrying in 2s...
2026-01-13 17:28:31,146 - PolymarketIngestor - WARNING - Rate limited (429). Retrying in 2s...
2026-01-13 17:28:31,147 - PolymarketIngestor - WARNING - Rate limited (429). Retrying in 2s...
2026-01-13 17:28:31,149 - PolymarketIngestor - WARNING - Rate limited (429). Retrying in 2s...
2026-01-13 17:28:31,150 - PolymarketIngestor - WARNING - Rate limited (429). Retrying in 2s...
2026-01-13 17:28:31,153 - PolymarketIngestor - WARNING - Rate limited (429). Retrying in 2s...
2026-01-13 17:28:31,155 - PolymarketIngestor - WARNING - Rate limited (429). Retrying in 2s...
2026-01-13 17:28:31,157 - PolymarketIngestor - WARNING - Rate limited (429). Retrying in 2s...
2026-01-13 17:28:31,158 - PolymarketIngestor - WARNING - Rate limited (429). Retrying in 2s...
2026-01-13 17:28:31,164 - PolymarketIngestor - WARNING - Rate limited (429). Retrying in 2s...
2026-01-13 17:28:31,167 - PolymarketIngestor - WARNING - Rate limited (429). Retrying in 2s...
2026-01-13 17:28:31,171 - PolymarketIngestor - WARNING - Rate limited (429). Retrying in 2s...
2026-01-13 17:28:31,172 - PolymarketIngestor - WARNING - Rate limited (429). Retrying in 2s...
2026-01-13 17:28:31,180 - PolymarketIngestor - WARNING - Rate limited (429). Retrying in 2s...
2026-01-13 17:28:31,182 - PolymarketIngestor - WARNING - Rate limited (429). Retrying in 2s...
2026-01-13 17:28:31,185 - PolymarketIngestor - WARNING - Rate limited (429). Retrying in 2s...
2026-01-13 17:28:31,187 - PolymarketIngestor - WARNING - Rate limited (429). Retrying in 4s...
2026-01-13 17:28:31,187 - PolymarketIngestor - WARNING - Rate limited (429). Retrying in 2s...
2026-01-13 17:28:31,206 - PolymarketIngestor - WARNING - Rate limited (429). Retrying in 2s...
2026-01-13 17:28:31,211 - PolymarketIngestor - WARNING - Rate limited (429). Retrying in 2s...
2026-01-13 17:28:31,212 - PolymarketIngestor - WARNING - Rate limited (429). Retrying in 2s...
2026-01-13 17:28:31,227 - PolymarketIngestor - WARNING - Rate limited (429). Retrying in 6s...
2026-01-13 17:28:31,233 - PolymarketIngestor - WARNING - Rate limited (429). Retrying in 6s...
2026-01-13 17:28:31,238 - PolymarketIngestor - WARNING - Rate limited (429). Retrying in 6s...
2026-01-13 17:28:31,270 - PolymarketIngestor - WARNING - Rate limited (429). Retrying in 2s...
2026-01-13 17:28:31,273 - PolymarketIngestor - WARNING - Rate limited (429). Retrying in 6s...
2026-01-13 17:28:31,274 - PolymarketIngestor - WARNING - Rate limited (429). Retrying in 6s...
2026-01-13 17:28:31,279 - PolymarketIngestor - WARNING - Rate limited (429). Retrying in 4s...
2026-01-13 17:28:31,280 - PolymarketIngestor - WARNING - Rate limited (429). Retrying in 2s...
2026-01-13 17:28:31,291 - PolymarketIngestor - WARNING - Rate limited (429). Retrying in 4s...
2026-01-13 17:28:31,296 - PolymarketIngestor - WARNING - Rate limited (429). Retrying in 4s...
2026-01-13 17:28:31,303 - PolymarketIngestor - WARNING - Rate limited (429). Retrying in 4s...
2026-01-13 17:28:31,312 - PolymarketIngestor - WARNING - Rate limited (429). Retrying in 4s...
2026-01-13 17:28:31,316 - PolymarketIngestor - WARNING - Rate limited (429). Retrying in 4s...
2026-01-13 17:28:31,342 - PolymarketIngestor - WARNING - Rate limited (429). Retrying in 4s...
2026-01-13 17:28:31,346 - PolymarketIngestor - WARNING - Rate limited (429). Retrying in 2s...
2026-01-13 17:28:31,405 - PolymarketIngestor - WARNING - Rate limited (429). Retrying in 4s...
2026-01-13 17:28:31,419 - PolymarketIngestor - WARNING - Rate limited (429). Retrying in 4s...
2026-01-13 17:28:31,464 - PolymarketIngestor - WARNING - Rate limited (429). Retrying in 2s...
2026-01-13 17:28:31,465 - PolymarketIngestor - WARNING - Rate limited (429). Retrying in 2s...
2026-01-13 17:28:31,552 - PolymarketIngestor - WARNING - Rate limited (429). Retrying in 4s...
2026-01-13 17:28:31,593 - PolymarketIngestor - WARNING - Rate limited (429). Retrying in 4s...
2026-01-13 17:28:31,610 - PolymarketIngestor - WARNING - Rate limited (429). Retrying in 2s...
2026-01-13 17:28:31,646 - PolymarketIngestor - WARNING - Rate limited (429). Retrying in 4s...
2026-01-13 17:28:33,196 - PolymarketIngestor - WARNING - Rate limited (429). Retrying in 4s...
2026-01-13 17:28:33,200 - PolymarketIngestor - WARNING - Rate limited (429). Retrying in 4s...
2026-01-13 17:28:33,203 - PolymarketIngestor - WARNING - Rate limited (429). Retrying in 4s...
2026-01-13 17:28:33,205 - PolymarketIngestor - WARNING - Rate limited (429). Retrying in 4s...
2026-01-13 17:28:33,210 - PolymarketIngestor - WARNING - Rate limited (429). Retrying in 6s...
2026-01-13 17:28:33,213 - PolymarketIngestor - WARNING - Rate limited (429). Retrying in 4s...
2026-01-13 17:28:33,214 - PolymarketIngestor - WARNING - Rate limited (429). Retrying in 4s...
2026-01-13 17:28:33,217 - PolymarketIngestor - WARNING - Rate limited (429). Retrying in 4s...
2026-01-13 17:28:33,219 - PolymarketIngestor - WARNING - Rate limited (429). Retrying in 4s...
2026-01-13 17:28:33,230 - PolymarketIngestor - WARNING - Rate limited (429). Retrying in 4s...
2026-01-13 17:28:33,231 - PolymarketIngestor - WARNING - Rate limited (429). Retrying in 4s...
2026-01-13 17:28:33,231 - PolymarketIngestor - WARNING - Rate limited (429). Retrying in 4s...
2026-01-13 17:28:33,233 - PolymarketIngestor - WARNING - Rate limited (429). Retrying in 4s...
2026-01-13 17:28:33,236 - PolymarketIngestor - WARNING - Rate limited (429). Retrying in 2s...
2026-01-13 17:28:33,242 - PolymarketIngestor - WARNING - Rate limited (429). Retrying in 6s...
2026-01-13 17:28:33,246 - PolymarketIngestor - WARNING - Rate limited (429). Retrying in 4s...
2026-01-13 17:28:33,248 - PolymarketIngestor - WARNING - Rate limited (429). Retrying in 4s...
2026-01-13 17:28:33,271 - PolymarketIngestor - WARNING - Rate limited (429). Retrying in 6s...
2026-01-13 17:28:33,272 - PolymarketIngestor - WARNING - Rate limited (429). Retrying in 4s...
2026-01-13 17:28:33,273 - PolymarketIngestor - WARNING - Rate limited (429). Retrying in 2s...
2026-01-13 17:28:33,275 - PolymarketIngestor - WARNING - Rate limited (429). Retrying in 2s...
2026-01-13 17:28:33,290 - PolymarketIngestor - WARNING - Rate limited (429). Retrying in 2s...
2026-01-13 17:28:33,302 - PolymarketIngestor - WARNING - Rate limited (429). Retrying in 2s...
2026-01-13 17:28:33,304 - PolymarketIngestor - WARNING - Rate limited (429). Retrying in 4s...
2026-01-13 17:28:33,305 - PolymarketIngestor - WARNING - Rate limited (429). Retrying in 2s...
2026-01-13 17:28:33,310 - PolymarketIngestor - WARNING - Rate limited (429). Retrying in 2s...
2026-01-13 17:28:33,312 - PolymarketIngestor - WARNING - Rate limited (429). Retrying in 6s...
2026-01-13 17:28:33,314 - PolymarketIngestor - WARNING - Rate limited (429). Retrying in 4s...
2026-01-13 17:28:33,332 - PolymarketIngestor - WARNING - Rate limited (429). Retrying in 2s...
2026-01-13 17:28:33,337 - PolymarketIngestor - WARNING - Rate limited (429). Retrying in 2s...
2026-01-13 17:28:33,343 - PolymarketIngestor - WARNING - Rate limited (429). Retrying in 2s...
2026-01-13 17:28:33,349 - PolymarketIngestor - WARNING - Rate limited (429). Retrying in 6s...
2026-01-13 17:28:33,350 - PolymarketIngestor - WARNING - Rate limited (429). Retrying in 6s...
2026-01-13 17:28:33,360 - PolymarketIngestor - WARNING - Rate limited (429). Retrying in 2s...
2026-01-13 17:28:33,363 - PolymarketIngestor - WARNING - Rate limited (429). Retrying in 2s...
2026-01-13 17:28:33,367 - PolymarketIngestor - WARNING - Rate limited (429). Retrying in 6s...
2026-01-13 17:28:33,371 - PolymarketIngestor - WARNING - Rate limited (429). Retrying in 2s...
2026-01-13 17:28:33,378 - PolymarketIngestor - WARNING - Rate limited (429). Retrying in 2s...
2026-01-13 17:28:33,379 - PolymarketIngestor - WARNING - Rate limited (429). Retrying in 2s...
2026-01-13 17:28:33,383 - PolymarketIngestor - WARNING - Rate limited (429). Retrying in 2s...
2026-01-13 17:28:33,384 - PolymarketIngestor - WARNING - Rate limited (429). Retrying in 4s...
2026-01-13 17:28:33,398 - PolymarketIngestor - WARNING - Rate limited (429). Retrying in 2s...
2026-01-13 17:28:33,399 - PolymarketIngestor - WARNING - Rate limited (429). Retrying in 2s...
2026-01-13 17:28:33,399 - PolymarketIngestor - WARNING - Rate limited (429). Retrying in 6s...
2026-01-13 17:28:33,402 - PolymarketIngestor - INFO - Successfully ingested 97 trades for: Will Trump say "Oil" or "Gas" or "Gasoline" 5+ tim
2026-01-13 17:28:33,403 - PolymarketIngestor - WARNING - Rate limited (429). Retrying in 2s...
2026-01-13 17:28:33,418 - PolymarketIngestor - WARNING - Rate limited (429). Retrying in 2s...
2026-01-13 17:28:33,421 - PolymarketIngestor - WARNING - Rate limited (429). Retrying in 2s...
2026-01-13 17:28:33,423 - PolymarketIngestor - WARNING - Rate limited (429). Retrying in 2s...
2026-01-13 17:28:33,428 - PolymarketIngestor - WARNING - Rate limited (429). Retrying in 2s...
2026-01-13 17:28:33,433 - PolymarketIngestor - WARNING - Rate limited (429). Retrying in 2s...
2026-01-13 17:28:33,463 - PolymarketIngestor - WARNING - Rate limited (429). Retrying in 2s...
2026-01-13 17:28:33,498 - PolymarketIngestor - WARNING - Rate limited (429). Retrying in 2s...
2026-01-13 17:28:33,508 - PolymarketIngestor - WARNING - Rate limited (429). Retrying in 4s...
2026-01-13 17:28:33,514 - PolymarketIngestor - WARNING - Rate limited (429). Retrying in 4s...
2026-01-13 17:28:34,505 - PolymarketIngestor - INFO - Successfully ingested 325 trades for: XRP Up or Down - January 13, 11:30AM-11:45AM ET
2026-01-13 17:28:35,065 - PolymarketIngestor - INFO - Successfully ingested 588 trades for: Counter-Strike: illwill vs MASONIC (BO3)
2026-01-13 17:28:35,409 - PolymarketIngestor - WARNING - Rate limited (429). Retrying in 4s...
2026-01-13 17:28:35,411 - PolymarketIngestor - WARNING - Rate limited (429). Retrying in 4s...
2026-01-13 17:28:35,414 - PolymarketIngestor - WARNING - Rate limited (429). Retrying in 4s...
2026-01-13 17:28:35,414 - PolymarketIngestor - WARNING - Rate limited (429). Retrying in 4s...
2026-01-13 17:28:35,426 - PolymarketIngestor - WARNING - Rate limited (429). Retrying in 4s...
2026-01-13 17:28:35,428 - PolymarketIngestor - WARNING - Rate limited (429). Retrying in 4s...
2026-01-13 17:28:35,443 - PolymarketIngestor - WARNING - Rate limited (429). Retrying in 4s...
2026-01-13 17:28:35,450 - PolymarketIngestor - WARNING - Rate limited (429). Retrying in 6s...
2026-01-13 17:28:35,460 - PolymarketIngestor - WARNING - Rate limited (429). Retrying in 4s...
2026-01-13 17:28:35,460 - PolymarketIngestor - WARNING - Rate limited (429). Retrying in 2s...
2026-01-13 17:28:35,461 - PolymarketIngestor - WARNING - Rate limited (429). Retrying in 4s...
2026-01-13 17:28:35,461 - PolymarketIngestor - WARNING - Rate limited (429). Retrying in 4s...
2026-01-13 17:28:35,466 - PolymarketIngestor - WARNING - Rate limited (429). Retrying in 4s...
2026-01-13 17:28:35,468 - PolymarketIngestor - WARNING - Rate limited (429). Retrying in 4s...
2026-01-13 17:28:35,477 - PolymarketIngestor - WARNING - Rate limited (429). Retrying in 4s...
2026-01-13 17:28:35,484 - PolymarketIngestor - WARNING - Rate limited (429). Retrying in 6s...
2026-01-13 17:28:35,501 - PolymarketIngestor - WARNING - Rate limited (429). Retrying in 2s...
2026-01-13 17:28:35,503 - PolymarketIngestor - WARNING - Rate limited (429). Retrying in 4s...
2026-01-13 17:28:35,505 - PolymarketIngestor - WARNING - Rate limited (429). Retrying in 2s...
2026-01-13 17:28:35,519 - PolymarketIngestor - WARNING - Rate limited (429). Retrying in 2s...
2026-01-13 17:28:35,526 - PolymarketIngestor - WARNING - Rate limited (429). Retrying in 2s...
2026-01-13 17:28:35,532 - PolymarketIngestor - WARNING - Rate limited (429). Retrying in 2s...
2026-01-13 17:28:35,574 - PolymarketIngestor - WARNING - Rate limited (429). Retrying in 2s...
2026-01-13 17:28:35,584 - PolymarketIngestor - WARNING - Rate limited (429). Retrying in 2s...
2026-01-13 17:28:35,585 - PolymarketIngestor - WARNING - Rate limited (429). Retrying in 2s...
2026-01-13 17:28:35,591 - PolymarketIngestor - WARNING - Rate limited (429). Retrying in 2s...
2026-01-13 17:28:35,596 - PolymarketIngestor - WARNING - Rate limited (429). Retrying in 2s...
2026-01-13 17:28:35,601 - PolymarketIngestor - WARNING - Rate limited (429). Retrying in 6s...
2026-01-13 17:28:35,609 - PolymarketIngestor - WARNING - Rate limited (429). Retrying in 2s...
2026-01-13 17:28:35,610 - PolymarketIngestor - WARNING - Rate limited (429). Retrying in 2s...
2026-01-13 17:28:35,610 - PolymarketIngestor - WARNING - Rate limited (429). Retrying in 2s...
2026-01-13 17:28:35,611 - PolymarketIngestor - WARNING - Rate limited (429). Retrying in 2s...
2026-01-13 17:28:35,635 - PolymarketIngestor - WARNING - Rate limited (429). Retrying in 6s...
2026-01-13 17:28:35,663 - PolymarketIngestor - WARNING - Rate limited (429). Retrying in 2s...
2026-01-13 17:28:35,689 - PolymarketIngestor - WARNING - Rate limited (429). Retrying in 6s...
2026-01-13 17:28:35,756 - PolymarketIngestor - WARNING - Rate limited (429). Retrying in 2s...
2026-01-13 17:28:36,663 - PolymarketIngestor - INFO - Successfully ingested 443 trades for: XRP Up or Down - January 13, 5:45PM-6:00PM ET
2026-01-13 17:28:36,931 - PolymarketIngestor - INFO - Successfully ingested 0 trades for: XRP Up or Down - January 13, 9:45AM-10:00AM ET
2026-01-13 17:28:36,932 - PolymarketIngestor - INFO - Successfully ingested 0 trades for: Bitcoin Up or Down - January 13, 9:15AM-9:30AM ET
2026-01-13 17:28:36,932 - PolymarketIngestor - INFO - Successfully ingested 106 trades for: Ethereum Up or Down - January 13, 4:30PM-4:45PM ET
2026-01-13 17:28:36,932 - PolymarketIngestor - INFO - Successfully ingested 58 trades for: XRP Up or Down - January 13, 3:15PM-3:30PM ET
2026-01-13 17:28:36,933 - PolymarketIngestor - INFO - Successfully ingested 0 trades for: Ethereum Up or Down - January 13, 9:15AM-9:30AM ET
2026-01-13 17:28:36,933 - PolymarketIngestor - INFO - Successfully ingested 0 trades for: Ethereum Up or Down - January 13, 10:45AM-11:00AM 
2026-01-13 17:28:36,934 - PolymarketIngestor - INFO - Successfully ingested 118 trades for: Bitcoin Up or Down - January 13, 5:15PM-5:30PM ET
2026-01-13 17:28:36,934 - PolymarketIngestor - INFO - Successfully ingested 0 trades for: Solana Up or Down - January 13, 9:45AM-10:00AM ET
2026-01-13 17:28:36,935 - PolymarketIngestor - INFO - Successfully ingested 0 trades for: Solana Up or Down - January 13, 10:45AM-11:00AM ET
2026-01-13 17:28:36,935 - PolymarketIngestor - INFO - Successfully ingested 51 trades for: Solana Up or Down - January 13, 1:30PM-1:45PM ET
2026-01-13 17:28:36,938 - PolymarketIngestor - INFO - Successfully ingested 0 trades for: Will Trump say "Million" or "Billion" or "Trillion
2026-01-13 17:28:36,946 - PolymarketIngestor - INFO - Successfully ingested 0 trades for: Will Trump say "Somalia" or "Somalian" during the 
2026-01-13 17:28:36,947 - PolymarketIngestor - INFO - Successfully ingested 0 trades for: Ethereum Up or Down - January 13, 10:00AM-10:15AM 
2026-01-13 17:28:36,947 - PolymarketIngestor - INFO - Successfully ingested 0 trades for: Nets vs. Mavericks: O/U 219.5
2026-01-13 17:28:36,947 - PolymarketIngestor - INFO - Successfully ingested 53 trades for: Solana Up or Down - January 13, 3:00PM-3:15PM ET
2026-01-13 17:28:36,948 - PolymarketIngestor - INFO - Successfully ingested 0 trades for: Spread: North Carolina Central Eagles (-2.5)
2026-01-13 17:28:36,948 - PolymarketIngestor - INFO - Successfully ingested 50 trades for: Bitcoin Up or Down - January 13, 12:30PM-12:45PM E
2026-01-13 17:28:36,948 - PolymarketIngestor - INFO - Successfully ingested 0 trades for: Bitcoin Up or Down - January 13, 8:45AM-9:00AM ET
2026-01-13 17:28:36,949 - PolymarketIngestor - INFO - Successfully ingested 0 trades for: Bitcoin Up or Down - January 13, 9:00AM-9:15AM ET
2026-01-13 17:28:36,949 - PolymarketIngestor - INFO - Successfully ingested 0 trades for: Ethereum Up or Down - January 13, 7:30AM-7:45AM ET
2026-01-13 17:28:36,950 - PolymarketIngestor - INFO - Successfully ingested 61 trades for: Ethereum Up or Down - January 13, 5:00PM-5:15PM ET
2026-01-13 17:28:36,950 - PolymarketIngestor - INFO - Successfully ingested 54 trades for: Ethereum Up or Down - January 13, 12:15PM-12:30PM 
2026-01-13 17:28:36,950 - PolymarketIngestor - INFO - Successfully ingested 0 trades for: Ethereum Up or Down - January 13, 8:15AM-8:30AM ET
2026-01-13 17:28:36,951 - PolymarketIngestor - INFO - Successfully ingested 0 trades for: Solana Up or Down - January 13, 10:00AM-10:15AM ET
2026-01-13 17:28:36,951 - PolymarketIngestor - INFO - Successfully ingested 0 trades for: Solana Up or Down - January 13, 8:45AM-9:00AM ET
2026-01-13 17:28:36,952 - PolymarketIngestor - INFO - Successfully ingested 0 trades for: Will Trump say "Hottest" during the Detroit speech
2026-01-13 17:28:36,953 - PolymarketIngestor - INFO - Successfully ingested 0 trades for: Solana Up or Down - January 13, 8:00AM-8:15AM ET
2026-01-13 17:28:36,953 - PolymarketIngestor - INFO - Successfully ingested 0 trades for: Ethereum Up or Down - January 13, 10:15AM-10:30AM 
2026-01-13 17:28:36,954 - PolymarketIngestor - INFO - Successfully ingested 0 trades for: Bitcoin Up or Down - January 13, 10:45AM-11:00AM E
2026-01-13 17:28:36,954 - PolymarketIngestor - INFO - Successfully ingested 0 trades for: Solana Up or Down - January 13, 9:00AM-9:15AM ET
2026-01-13 17:28:36,954 - PolymarketIngestor - INFO - Successfully ingested 63 trades for: Bitcoin Up or Down - January 13, 3:00PM-3:15PM ET
2026-01-13 17:28:36,955 - PolymarketIngestor - INFO - Successfully ingested 0 trades for: Solana Up or Down - January 13, 7:30AM-7:45AM ET
2026-01-13 17:28:36,955 - PolymarketIngestor - INFO - Successfully ingested 0 trades for: XRP Up or Down - January 13, 10:30AM-10:45AM ET
2026-01-13 17:28:36,955 - PolymarketIngestor - INFO - Successfully ingested 134 trades for: Bitcoin Up or Down - January 13, 3:45PM-4:00PM ET
2026-01-13 17:28:36,955 - PolymarketIngestor - INFO - Successfully ingested 0 trades for: XRP Up or Down - January 13, 9:15AM-9:30AM ET
2026-01-13 17:28:36,956 - PolymarketIngestor - INFO - Successfully ingested 0 trades for: Ethereum Up or Down - January 13, 9:00AM-9:15AM ET
2026-01-13 17:28:36,956 - PolymarketIngestor - INFO - Successfully ingested 0 trades for: Ethereum Up or Down - January 13, 9:30AM-9:45AM ET
2026-01-13 17:28:36,956 - PolymarketIngestor - INFO - Successfully ingested 0 trades for: Solana Up or Down - January 13, 8:30AM-8:45AM ET
2026-01-13 17:28:36,957 - PolymarketIngestor - INFO - Successfully ingested 0 trades for: Bitcoin Up or Down - January 13, 8:30AM-8:45AM ET
2026-01-13 17:28:36,957 - PolymarketIngestor - INFO - Successfully ingested 0 trades for: Bitcoin Up or Down - January 13, 7:30AM-7:45AM ET
2026-01-13 17:28:36,957 - PolymarketIngestor - INFO - Successfully ingested 0 trades for: Solana Up or Down - January 13, 8:15AM-8:30AM ET
2026-01-13 17:28:36,957 - PolymarketIngestor - INFO - Successfully ingested 100 trades for: Lakers vs. Kings: O/U 229.5
2026-01-13 17:28:36,958 - PolymarketIngestor - INFO - Successfully ingested 52 trades for: Bitcoin Up or Down - January 13, 2:45PM-3:00PM ET
2026-01-13 17:28:36,958 - PolymarketIngestor - INFO - Successfully ingested 50 trades for: Dota 2:  Pipsqueak+4 vs OQ Enjoyers (BO3)
2026-01-13 17:28:36,958 - PolymarketIngestor - INFO - Successfully ingested 0 trades for: XRP Up or Down - January 13, 9:30AM-9:45AM ET
2026-01-13 17:28:36,958 - PolymarketIngestor - INFO - Successfully ingested 50 trades for: Bitcoin Up or Down - January 13, 12:15PM-12:30PM E
2026-01-13 17:28:36,958 - PolymarketIngestor - INFO - Successfully ingested 0 trades for: Bitcoin Up or Down - January 13, 8:15AM-8:30AM ET
2026-01-13 17:28:36,959 - PolymarketIngestor - INFO - Successfully ingested 0 trades for: Ethereum Up or Down - January 13, 7:00AM-7:15AM ET
2026-01-13 17:28:36,959 - PolymarketIngestor - INFO - Successfully ingested 122 trades for: Ethereum Up or Down - January 13, 3:00PM-3:15PM ET
2026-01-13 17:28:36,959 - PolymarketIngestor - INFO - Successfully ingested 0 trades for: Ethereum Up or Down - January 13, 7:15AM-7:30AM ET
2026-01-13 17:28:36,959 - PolymarketIngestor - INFO - Successfully ingested 0 trades for: Celtics vs. Pacers: O/U 225.5
2026-01-13 17:28:36,960 - PolymarketIngestor - INFO - Successfully ingested 67 trades for: Ethereum Up or Down - January 13, 3:45PM-4:00PM ET
2026-01-13 17:28:36,960 - PolymarketIngestor - INFO - Successfully ingested 0 trades for: XRP Up or Down - January 13, 7:45AM-8:00AM ET
2026-01-13 17:28:36,961 - PolymarketIngestor - INFO - Successfully ingested 0 trades for: XRP Up or Down - January 13, 8:30AM-8:45AM ET
2026-01-13 17:28:36,961 - PolymarketIngestor - INFO - Successfully ingested 0 trades for: Solana Up or Down - January 13, 9:15AM-9:30AM ET
2026-01-13 17:28:36,973 - PolymarketIngestor - INFO - Successfully ingested 0 trades for: XRP Up or Down - January 13, 8:00AM-8:15AM ET
2026-01-13 17:28:36,974 - PolymarketIngestor - INFO - Successfully ingested 54 trades for: XRP Up or Down - January 13, 6:00PM-6:15PM ET
2026-01-13 17:28:36,974 - PolymarketIngestor - INFO - Successfully ingested 0 trades for: Solana Up or Down - January 13, 7:15AM-7:30AM ET
2026-01-13 17:28:36,974 - PolymarketIngestor - INFO - Successfully ingested 57 trades for: Solana Up or Down - January 13, 4:00PM-4:15PM ET
2026-01-13 17:28:36,976 - PolymarketIngestor - INFO - Successfully ingested 0 trades for: Ethereum Up or Down - January 13, 8:45AM-9:00AM ET
2026-01-13 17:28:36,977 - PolymarketIngestor - INFO - Successfully ingested 50 trades for: Spread: South Carolina State Bulldogs (-1.5)
2026-01-13 17:28:36,977 - PolymarketIngestor - INFO - Successfully ingested 60 trades for: Ethereum Up or Down - January 13, 4:15PM-4:30PM ET
2026-01-13 17:28:36,977 - PolymarketIngestor - INFO - Successfully ingested 0 trades for: Ethereum Up or Down - January 13, 8:00AM-8:15AM ET
2026-01-13 17:28:36,977 - PolymarketIngestor - INFO - Successfully ingested 50 trades for: Spread: Howard Bison (-9.5)
2026-01-13 17:28:36,977 - PolymarketIngestor - INFO - Successfully ingested 0 trades for: Bitcoin Up or Down - January 13, 8:00AM-12:00PM ET
2026-01-13 17:28:36,978 - PolymarketIngestor - INFO - Successfully ingested 58 trades for: Solana Up or Down - January 13, 5:00PM-5:15PM ET
2026-01-13 17:28:36,978 - PolymarketIngestor - INFO - Successfully ingested 0 trades for: Bitcoin Up or Down - January 13, 8:00AM-8:15AM ET
2026-01-13 17:28:36,980 - PolymarketIngestor - INFO - Successfully ingested 52 trades for: Solana Up or Down - January 13, 1:15PM-1:30PM ET
2026-01-13 17:28:36,980 - PolymarketIngestor - INFO - Successfully ingested 0 trades for: Bitcoin Up or Down - January 13, 7:15AM-7:30AM ET
2026-01-13 17:28:36,981 - PolymarketIngestor - INFO - Successfully ingested 50 trades for: Counter-Strike: Acend vs Bushido Wildcats (BO3)
2026-01-13 17:28:36,981 - PolymarketIngestor - INFO - Successfully ingested 0 trades for: XRP Up or Down - January 13, 7:00AM-7:15AM ET
2026-01-13 17:28:36,981 - PolymarketIngestor - INFO - Successfully ingested 100 trades for: LoL: Frites Esports Club vs Senshi Esports Club (B
2026-01-13 17:28:36,981 - PolymarketIngestor - INFO - Successfully ingested 107 trades for: Solana Up or Down - January 13, 2:45PM-3:00PM ET
2026-01-13 17:28:36,982 - PolymarketIngestor - INFO - Successfully ingested 102 trades for: Ethereum Up or Down - January 13, 4:45PM-5:00PM ET
2026-01-13 17:28:36,982 - PolymarketIngestor - INFO - Successfully ingested 62 trades for: Ethereum Up or Down - January 13, 1:15PM-1:30PM ET
2026-01-13 17:28:36,982 - PolymarketIngestor - INFO - Successfully ingested 50 trades for: Incarnate Word Cardinals vs. Stephen F. Austin Lum
2026-01-13 17:28:36,992 - PolymarketIngestor - INFO - Successfully ingested 50 trades for: Counter-Strike: Bushido Wildcats vs ALGO Esports (
2026-01-13 17:28:36,992 - PolymarketIngestor - INFO - Successfully ingested 53 trades for: Solana Up or Down - January 13, 2:15PM-2:30PM ET
2026-01-13 17:28:36,992 - PolymarketIngestor - INFO - Successfully ingested 109 trades for: XRP Up or Down - January 13, 5:00PM-5:15PM ET
2026-01-13 17:28:36,993 - PolymarketIngestor - INFO - Successfully ingested 50 trades for: Jazz vs. Cavaliers: O/U 248.5
2026-01-13 17:28:36,993 - PolymarketIngestor - INFO - Successfully ingested 52 trades for: Solana Up or Down - January 13, 12:15PM-12:30PM ET
2026-01-13 17:28:36,993 - PolymarketIngestor - INFO - Successfully ingested 0 trades for: Ethereum Up or Down - January 13, 8:30AM-8:45AM ET
2026-01-13 17:28:36,993 - PolymarketIngestor - INFO - Successfully ingested 100 trades for: Bitcoin Up or Down - January 13, 2:15PM-2:30PM ET
2026-01-13 17:28:36,993 - PolymarketIngestor - INFO - Successfully ingested 61 trades for: Bitcoin Up or Down - January 13, 4:30PM-4:45PM ET
2026-01-13 17:28:36,994 - PolymarketIngestor - INFO - Successfully ingested 0 trades for: Bitcoin Up or Down - January 13, 7:00AM-7:15AM ET
2026-01-13 17:28:36,994 - PolymarketIngestor - INFO - Successfully ingested 105 trades for: Solana Up or Down - January 13, 2:30PM-2:45PM ET
2026-01-13 17:28:36,994 - PolymarketIngestor - INFO - Successfully ingested 73 trades for: XRP Up or Down - January 13, 2:45PM-3:00PM ET
2026-01-13 17:28:36,994 - PolymarketIngestor - INFO - Successfully ingested 50 trades for: LoL: DRX Challengers vs Hanwha Life Esports Challe
2026-01-13 17:28:36,994 - PolymarketIngestor - INFO - Successfully ingested 98 trades for: Bitcoin Up or Down - January 13, 6:00PM-6:15PM ET
2026-01-13 17:28:36,994 - PolymarketIngestor - INFO - Successfully ingested 57 trades for: XRP Up or Down - January 13, 1:15PM-1:30PM ET
2026-01-13 17:28:36,995 - PolymarketIngestor - INFO - Successfully ingested 52 trades for: XRP Up or Down - January 13, 5:15PM-5:30PM ET
2026-01-13 17:28:36,995 - PolymarketIngestor - INFO - Successfully ingested 0 trades for: Solana Up or Down - January 13, 7:00AM-7:15AM ET
2026-01-13 17:28:36,995 - PolymarketIngestor - INFO - Successfully ingested 115 trades for: Bitcoin Up or Down - January 13, 1:45PM-2:00PM ET
2026-01-13 17:28:36,995 - PolymarketIngestor - INFO - Successfully ingested 0 trades for: Bitcoin Up or Down - January 13, 10:00AM-10:15AM E
2026-01-13 17:28:36,995 - PolymarketIngestor - INFO - Successfully ingested 0 trades for: Ethereum Up or Down - January 13, 7:45AM-8:00AM ET
2026-01-13 17:28:37,007 - PolymarketIngestor - INFO - Successfully ingested 57 trades for: Solana Up or Down - January 13, 5:15PM-5:30PM ET
2026-01-13 17:28:37,008 - PolymarketIngestor - INFO - Successfully ingested 52 trades for: XRP Up or Down - January 13, 3:00PM-3:15PM ET
2026-01-13 17:28:37,008 - PolymarketIngestor - INFO - Successfully ingested 50 trades for: Bitcoin Up or Down - January 13, 5:30PM-5:45PM ET
2026-01-13 17:28:37,009 - PolymarketIngestor - INFO - Successfully ingested 50 trades for: Spread: Norfolk State Spartans (-5.5)
2026-01-13 17:28:37,009 - PolymarketIngestor - INFO - Successfully ingested 117 trades for: Bitcoin Up or Down - January 13, 1:30PM-1:45PM ET
2026-01-13 17:28:37,009 - PolymarketIngestor - INFO - Successfully ingested 51 trades for: Solana Up or Down - January 13, 5:45PM-6:00PM ET
2026-01-13 17:28:37,009 - PolymarketIngestor - INFO - Successfully ingested 50 trades for: Bitcoin Up or Down - January 13, 3:15PM-3:30PM ET
2026-01-13 17:28:37,010 - PolymarketIngestor - INFO - Successfully ingested 50 trades for: Bitcoin Up or Down - January 13, 2:00PM-2:15PM ET
2026-01-13 17:28:37,010 - PolymarketIngestor - INFO - Successfully ingested 54 trades for: Solana Up or Down - January 13, 5:30PM-5:45PM ET
2026-01-13 17:28:37,010 - PolymarketIngestor - INFO - Successfully ingested 50 trades for: Counter-Strike: ARCRED vs BASEMENT BOYS (BO3)
2026-01-13 17:28:37,010 - PolymarketIngestor - INFO - Successfully ingested 56 trades for: Bitcoin Up or Down - January 13, 1:00PM-1:15PM ET
2026-01-13 17:28:37,022 - PolymarketIngestor - INFO - Successfully ingested 0 trades for: Solana Up or Down - January 13, 7:45AM-8:00AM ET
2026-01-13 17:28:37,023 - PolymarketIngestor - INFO - Successfully ingested 100 trades for: Ethereum Up or Down - January 13, 5:30PM-5:45PM ET
2026-01-13 17:28:37,023 - PolymarketIngestor - INFO - Successfully ingested 57 trades for: XRP Up or Down - January 13, 12:30PM-12:45PM ET
2026-01-13 17:28:37,023 - PolymarketIngestor - INFO - Successfully ingested 50 trades for: Spread: Southeastern Louisiana Lions (-2.5)
2026-01-13 17:28:37,038 - PolymarketIngestor - INFO - Successfully ingested 122 trades for: Ethereum Up or Down - January 13, 5:15PM-5:30PM ET
2026-01-13 17:28:37,038 - PolymarketIngestor - INFO - Successfully ingested 50 trades for: Maryland Eastern Shore Hawks vs. Norfolk State Spa
2026-01-13 17:28:37,039 - PolymarketIngestor - INFO - Successfully ingested 105 trades for: Ethereum Up or Down - January 13, 2:15PM-2:30PM ET
2026-01-13 17:28:37,039 - PolymarketIngestor - INFO - Successfully ingested 0 trades for: Bitcoin Up or Down - January 13, 7:45AM-8:00AM ET
2026-01-13 17:28:37,039 - PolymarketIngestor - INFO - Successfully ingested 102 trades for: Bitcoin Up or Down - January 13, 1:15PM-1:30PM ET
2026-01-13 17:28:37,116 - PolymarketIngestor - INFO - Successfully ingested 50 trades for: Ethereum Up or Down - January 13, 12:45PM-1:00PM E
2026-01-13 17:28:37,129 - PolymarketIngestor - INFO - Successfully ingested 0 trades for: Lightning vs. Flyers: O/U 5.5
2026-01-13 17:28:37,240 - PolymarketIngestor - INFO - Successfully ingested 50 trades for: Counter-Strike: Eternal Fire vs MASONIC (BO3)
2026-01-13 17:28:37,243 - PolymarketIngestor - INFO - Successfully ingested 50 trades for: Solana Up or Down - January 13, 12:30PM-12:45PM ET
2026-01-13 17:28:37,243 - PolymarketIngestor - INFO - Successfully ingested 57 trades for: Solana Up or Down - January 13, 12:00PM-12:15PM ET
2026-01-13 17:28:37,275 - PolymarketIngestor - WARNING - Rate limited (429). Retrying in 6s...
2026-01-13 17:28:37,276 - PolymarketIngestor - INFO - Successfully ingested 116 trades for: Ethereum Up or Down - January 13, 2:30PM-2:45PM ET
2026-01-13 17:28:37,277 - PolymarketIngestor - WARNING - Rate limited (429). Retrying in 6s...
2026-01-13 17:28:37,277 - PolymarketIngestor - INFO - Successfully ingested 50 trades for: LoL: NextGeneration Esports vs Baam Esports (BO3)
2026-01-13 17:28:37,278 - PolymarketIngestor - WARNING - Rate limited (429). Retrying in 6s...
2026-01-13 17:28:37,283 - PolymarketIngestor - WARNING - Rate limited (429). Retrying in 6s...
2026-01-13 17:28:37,288 - PolymarketIngestor - WARNING - Rate limited (429). Retrying in 6s...
2026-01-13 17:28:37,303 - PolymarketIngestor - WARNING - Rate limited (429). Retrying in 6s...
2026-01-13 17:28:37,331 - PolymarketIngestor - WARNING - Rate limited (429). Retrying in 6s...
2026-01-13 17:28:37,391 - PolymarketIngestor - WARNING - Rate limited (429). Retrying in 2s...
2026-01-13 17:28:37,401 - PolymarketIngestor - WARNING - Rate limited (429). Retrying in 2s...
2026-01-13 17:28:37,406 - PolymarketIngestor - WARNING - Rate limited (429). Retrying in 2s...
2026-01-13 17:28:37,410 - PolymarketIngestor - WARNING - Rate limited (429). Retrying in 2s...
2026-01-13 17:28:37,424 - PolymarketIngestor - WARNING - Rate limited (429). Retrying in 6s...
2026-01-13 17:28:37,427 - PolymarketIngestor - WARNING - Rate limited (429). Retrying in 2s...
2026-01-13 17:28:37,434 - PolymarketIngestor - WARNING - Rate limited (429). Retrying in 2s...
2026-01-13 17:28:37,503 - PolymarketIngestor - WARNING - Rate limited (429). Retrying in 4s...
2026-01-13 17:28:37,542 - PolymarketIngestor - WARNING - Rate limited (429). Retrying in 4s...
2026-01-13 17:28:37,552 - PolymarketIngestor - WARNING - Rate limited (429). Retrying in 6s...
2026-01-13 17:28:37,556 - PolymarketIngestor - WARNING - Rate limited (429). Retrying in 6s...
2026-01-13 17:28:37,569 - PolymarketIngestor - WARNING - Rate limited (429). Retrying in 4s...
2026-01-13 17:28:37,570 - PolymarketIngestor - WARNING - Rate limited (429). Retrying in 4s...
2026-01-13 17:28:37,571 - PolymarketIngestor - WARNING - Rate limited (429). Retrying in 4s...
2026-01-13 17:28:37,581 - PolymarketIngestor - WARNING - Rate limited (429). Retrying in 2s...
2026-01-13 17:28:37,616 - PolymarketIngestor - WARNING - Rate limited (429). Retrying in 4s...
2026-01-13 17:28:37,618 - PolymarketIngestor - WARNING - Rate limited (429). Retrying in 2s...
2026-01-13 17:28:37,621 - PolymarketIngestor - WARNING - Rate limited (429). Retrying in 4s...
2026-01-13 17:28:37,622 - PolymarketIngestor - WARNING - Rate limited (429). Retrying in 2s...
2026-01-13 17:28:37,629 - PolymarketIngestor - WARNING - Rate limited (429). Retrying in 4s...
2026-01-13 17:28:37,630 - PolymarketIngestor - WARNING - Rate limited (429). Retrying in 4s...
2026-01-13 17:28:37,633 - PolymarketIngestor - WARNING - Rate limited (429). Retrying in 4s...
2026-01-13 17:28:37,657 - PolymarketIngestor - WARNING - Rate limited (429). Retrying in 4s...
2026-01-13 17:28:37,662 - PolymarketIngestor - WARNING - Rate limited (429). Retrying in 4s...
2026-01-13 17:28:37,680 - PolymarketIngestor - WARNING - Rate limited (429). Retrying in 2s...
2026-01-13 17:28:37,681 - PolymarketIngestor - WARNING - Rate limited (429). Retrying in 2s...
2026-01-13 17:28:37,709 - PolymarketIngestor - WARNING - Rate limited (429). Retrying in 4s...
2026-01-13 17:28:37,717 - PolymarketIngestor - WARNING - Rate limited (429). Retrying in 2s...
2026-01-13 17:28:37,845 - PolymarketIngestor - WARNING - Rate limited (429). Retrying in 2s...
2026-01-13 17:28:38,125 - PolymarketIngestor - INFO - Successfully ingested 277 trades for: Counter-Strike: paiN Academy vs MAGICOS (BO3)
2026-01-13 17:28:39,213 - PolymarketIngestor - INFO - Successfully ingested 53 trades for: XRP Up or Down - January 13, 10:45AM-11:00AM ET
2026-01-13 17:28:39,243 - PolymarketIngestor - INFO - Successfully ingested 305 trades for: Bitcoin Up or Down - January 13, 4:00PM-4:15PM ET
2026-01-13 17:28:39,275 - PolymarketIngestor - INFO - Successfully ingested 166 trades for: XRP Up or Down - January 13, 3:45PM-4:00PM ET
2026-01-13 17:28:39,321 - PolymarketIngestor - INFO - Successfully ingested 51 trades for: XRP Up or Down - January 13, 12:45PM-1:00PM ET
2026-01-13 17:28:39,353 - PolymarketIngestor - INFO - Successfully ingested 102 trades for: Solana Up or Down - January 13, 12:45PM-1:00PM ET
2026-01-13 17:28:39,354 - PolymarketIngestor - INFO - Successfully ingested 100 trades for: Adelaide International: Damir Dzumhur vs Alexander
2026-01-13 17:28:39,369 - PolymarketIngestor - INFO - Successfully ingested 130 trades for: Ethereum Up or Down - January 13, 2:00PM-2:15PM ET
2026-01-13 17:28:39,400 - PolymarketIngestor - INFO - Successfully ingested 100 trades for: Jackson State Tigers vs. Alabama A&M Bulldogs: O/U
2026-01-13 17:28:39,493 - PolymarketIngestor - WARNING - Rate limited (429). Retrying in 2s...
2026-01-13 17:28:39,495 - PolymarketIngestor - WARNING - Rate limited (429). Retrying in 6s...
2026-01-13 17:28:39,497 - PolymarketIngestor - WARNING - Rate limited (429). Retrying in 6s...
2026-01-13 17:28:39,505 - PolymarketIngestor - WARNING - Rate limited (429). Retrying in 6s...
2026-01-13 17:28:39,506 - PolymarketIngestor - WARNING - Rate limited (429). Retrying in 6s...
2026-01-13 17:28:39,517 - PolymarketIngestor - WARNING - Rate limited (429). Retrying in 6s...
2026-01-13 17:28:39,518 - PolymarketIngestor - WARNING - Rate limited (429). Retrying in 6s...
2026-01-13 17:28:39,538 - PolymarketIngestor - WARNING - Rate limited (429). Retrying in 6s...
2026-01-13 17:28:39,540 - PolymarketIngestor - WARNING - Rate limited (429). Retrying in 2s...
2026-01-13 17:28:39,628 - PolymarketIngestor - WARNING - Rate limited (429). Retrying in 2s...
2026-01-13 17:28:39,633 - PolymarketIngestor - WARNING - Rate limited (429). Retrying in 2s...
2026-01-13 17:28:39,672 - PolymarketIngestor - WARNING - Rate limited (429). Retrying in 2s...
2026-01-13 17:28:39,689 - PolymarketIngestor - WARNING - Rate limited (429). Retrying in 2s...
2026-01-13 17:28:39,704 - PolymarketIngestor - WARNING - Rate limited (429). Retrying in 2s...
2026-01-13 17:28:39,707 - PolymarketIngestor - WARNING - Rate limited (429). Retrying in 2s...
2026-01-13 17:28:39,708 - PolymarketIngestor - WARNING - Rate limited (429). Retrying in 2s...
2026-01-13 17:28:39,711 - PolymarketIngestor - WARNING - Rate limited (429). Retrying in 2s...
2026-01-13 17:28:39,716 - PolymarketIngestor - WARNING - Rate limited (429). Retrying in 2s...
2026-01-13 17:28:39,720 - PolymarketIngestor - WARNING - Rate limited (429). Retrying in 2s...
2026-01-13 17:28:39,727 - PolymarketIngestor - WARNING - Rate limited (429). Retrying in 4s...
2026-01-13 17:28:39,728 - PolymarketIngestor - INFO - Successfully ingested 673 trades for: XRP Up or Down - January 13, 2:15PM-2:30PM ET
2026-01-13 17:28:39,728 - PolymarketIngestor - WARNING - Rate limited (429). Retrying in 4s...
2026-01-13 17:28:39,743 - PolymarketIngestor - WARNING - Rate limited (429). Retrying in 2s...
2026-01-13 17:28:39,773 - PolymarketIngestor - WARNING - Rate limited (429). Retrying in 4s...
2026-01-13 17:28:39,845 - PolymarketIngestor - WARNING - Rate limited (429). Retrying in 2s...
2026-01-13 17:28:39,880 - PolymarketIngestor - WARNING - Rate limited (429). Retrying in 2s...
2026-01-13 17:28:39,944 - PolymarketIngestor - INFO - Successfully ingested 229 trades for: Hornets vs. Clippers: O/U 222.5
2026-01-13 17:28:41,461 - PolymarketIngestor - INFO - Successfully ingested 100 trades for: Ethereum Up or Down - January 13, 12:00PM-12:15PM 
2026-01-13 17:28:41,492 - PolymarketIngestor - INFO - Successfully ingested 100 trades for: Bitcoin Up or Down - January 13, 12:00PM-12:15PM E
2026-01-13 17:28:41,616 - PolymarketIngestor - INFO - Successfully ingested 231 trades for: Bitcoin Up or Down - January 13, 2:30PM-2:45PM ET
2026-01-13 17:28:41,647 - PolymarketIngestor - INFO - Successfully ingested 168 trades for: Solana Up or Down - January 13, 1:00PM-1:15PM ET
2026-01-13 17:28:41,694 - PolymarketIngestor - INFO - Successfully ingested 168 trades for: XRP Up or Down - January 13, 1:00PM-1:15PM ET
2026-01-13 17:28:41,696 - PolymarketIngestor - WARNING - Rate limited (429). Retrying in 6s...
2026-01-13 17:28:41,696 - PolymarketIngestor - INFO - Successfully ingested 642 trades for: Solana Up or Down - January 13, 11:30AM-11:45AM ET
2026-01-13 17:28:41,710 - PolymarketIngestor - WARNING - Rate limited (429). Retrying in 6s...
2026-01-13 17:28:41,715 - PolymarketIngestor - WARNING - Rate limited (429). Retrying in 4s...
2026-01-13 17:28:41,730 - PolymarketIngestor - WARNING - Rate limited (429). Retrying in 4s...
2026-01-13 17:28:41,745 - PolymarketIngestor - WARNING - Rate limited (429). Retrying in 4s...
2026-01-13 17:28:41,746 - PolymarketIngestor - WARNING - Rate limited (429). Retrying in 2s...
2026-01-13 17:28:41,747 - PolymarketIngestor - WARNING - Rate limited (429). Retrying in 4s...
2026-01-13 17:28:41,748 - PolymarketIngestor - WARNING - Rate limited (429). Retrying in 4s...
2026-01-13 17:28:41,755 - PolymarketIngestor - WARNING - Rate limited (429). Retrying in 6s...
2026-01-13 17:28:41,771 - PolymarketIngestor - WARNING - Rate limited (429). Retrying in 2s...
2026-01-13 17:28:41,772 - PolymarketIngestor - WARNING - Rate limited (429). Retrying in 2s...
2026-01-13 17:28:41,781 - PolymarketIngestor - WARNING - Rate limited (429). Retrying in 4s...
2026-01-13 17:28:41,813 - PolymarketIngestor - WARNING - Rate limited (429). Retrying in 4s...
2026-01-13 17:28:41,843 - PolymarketIngestor - WARNING - Rate limited (429). Retrying in 4s...
2026-01-13 17:28:41,847 - PolymarketIngestor - WARNING - Rate limited (429). Retrying in 2s...
2026-01-13 17:28:41,873 - PolymarketIngestor - WARNING - Rate limited (429). Retrying in 2s...
2026-01-13 17:28:41,878 - PolymarketIngestor - WARNING - Rate limited (429). Retrying in 2s...
2026-01-13 17:28:41,890 - PolymarketIngestor - INFO - Successfully ingested 284 trades for: Dota 2: PlayTime vs Jackky and friends (BO3)
2026-01-13 17:28:41,891 - PolymarketIngestor - WARNING - Rate limited (429). Retrying in 2s...
2026-01-13 17:28:41,907 - PolymarketIngestor - WARNING - Rate limited (429). Retrying in 2s...
2026-01-13 17:28:41,912 - PolymarketIngestor - WARNING - Rate limited (429). Retrying in 2s...
2026-01-13 17:28:41,917 - PolymarketIngestor - WARNING - Rate limited (429). Retrying in 2s...
2026-01-13 17:28:41,924 - PolymarketIngestor - WARNING - Rate limited (429). Retrying in 2s...
2026-01-13 17:28:41,931 - PolymarketIngestor - WARNING - Rate limited (429). Retrying in 4s...
2026-01-13 17:28:41,948 - PolymarketIngestor - WARNING - Rate limited (429). Retrying in 2s...
2026-01-13 17:28:41,954 - PolymarketIngestor - WARNING - Rate limited (429). Retrying in 2s...
2026-01-13 17:28:43,284 - PolymarketIngestor - INFO - Successfully ingested 53 trades for: Solana Up or Down - January 13, 11:15AM-11:30AM ET
2026-01-13 17:28:43,284 - PolymarketIngestor - INFO - Successfully ingested 106 trades for: Bitcoin Up or Down - January 13, 5:00PM-5:15PM ET
2026-01-13 17:28:43,285 - PolymarketIngestor - INFO - Successfully ingested 54 trades for: Ethereum Up or Down - January 13, 11:15AM-11:30AM 
2026-01-13 17:28:43,285 - PolymarketIngestor - INFO - Successfully ingested 52 trades for: Solana Up or Down - January 13, 10:30AM-10:45AM ET
2026-01-13 17:28:43,299 - PolymarketIngestor - INFO - Successfully ingested 53 trades for: Ethereum Up or Down - January 13, 9:45AM-10:00AM E
2026-01-13 17:28:43,314 - PolymarketIngestor - INFO - Successfully ingested 159 trades for: Ethereum Up or Down - January 13, 3:30PM-3:45PM ET
2026-01-13 17:28:43,346 - PolymarketIngestor - INFO - Successfully ingested 160 trades for: Ethereum Up or Down - January 13, 2:45PM-3:00PM ET
2026-01-13 17:28:43,439 - PolymarketIngestor - INFO - Successfully ingested 68 trades for: Bitcoin Up or Down - January 13, 9:30AM-9:45AM ET
2026-01-13 17:28:43,565 - PolymarketIngestor - INFO - Successfully ingested 50 trades for: Will Trump say "Biden" or "Obama" 9+ times during 
2026-01-13 17:28:43,566 - PolymarketIngestor - INFO - Successfully ingested 100 trades for: Bitcoin Up or Down - January 13, 12:00PM-4:00PM ET
2026-01-13 17:28:43,866 - PolymarketIngestor - WARNING - Rate limited (429). Retrying in 2s...
2026-01-13 17:28:43,910 - PolymarketIngestor - WARNING - Rate limited (429). Retrying in 4s...
2026-01-13 17:28:43,914 - PolymarketIngestor - WARNING - Rate limited (429). Retrying in 4s...
2026-01-13 17:28:43,929 - PolymarketIngestor - WARNING - Rate limited (429). Retrying in 2s...
2026-01-13 17:28:43,929 - PolymarketIngestor - WARNING - Rate limited (429). Retrying in 4s...
2026-01-13 17:28:43,930 - PolymarketIngestor - WARNING - Rate limited (429). Retrying in 2s...
2026-01-13 17:28:43,959 - PolymarketIngestor - WARNING - Rate limited (429). Retrying in 2s...
2026-01-13 17:28:43,967 - PolymarketIngestor - WARNING - Rate limited (429). Retrying in 4s...
2026-01-13 17:28:43,969 - PolymarketIngestor - WARNING - Rate limited (429). Retrying in 2s...
2026-01-13 17:28:43,988 - PolymarketIngestor - WARNING - Rate limited (429). Retrying in 2s...
2026-01-13 17:28:43,990 - PolymarketIngestor - WARNING - Rate limited (429). Retrying in 4s...
2026-01-13 17:28:44,002 - PolymarketIngestor - WARNING - Rate limited (429). Retrying in 2s...
2026-01-13 17:28:44,009 - PolymarketIngestor - WARNING - Rate limited (429). Retrying in 4s...
2026-01-13 17:28:44,043 - PolymarketIngestor - WARNING - Rate limited (429). Retrying in 2s...
2026-01-13 17:28:44,110 - PolymarketIngestor - WARNING - Rate limited (429). Retrying in 2s...
2026-01-13 17:28:44,111 - PolymarketIngestor - WARNING - Rate limited (429). Retrying in 2s...
2026-01-13 17:28:44,139 - PolymarketIngestor - WARNING - Rate limited (429). Retrying in 2s...
2026-01-13 17:28:44,451 - PolymarketIngestor - INFO - Successfully ingested 773 trades for: XRP Up or Down - January 13, 11:45AM-12:00PM ET
2026-01-13 17:28:45,505 - PolymarketIngestor - INFO - Successfully ingested 183 trades for: Bitcoin Up or Down - January 13, 5:45PM-6:00PM ET
2026-01-13 17:28:45,505 - PolymarketIngestor - INFO - Successfully ingested 100 trades for: Will Trump say "Hell" 7+ times during the Detroit 
2026-01-13 17:28:45,506 - PolymarketIngestor - INFO - Successfully ingested 228 trades for: XRP Up or Down - January 13, 4:45PM-5:00PM ET
2026-01-13 17:28:45,506 - PolymarketIngestor - INFO - Successfully ingested 150 trades for: Jackson State Tigers vs. Alabama A&M Bulldogs: O/U
2026-01-13 17:28:45,521 - PolymarketIngestor - INFO - Successfully ingested 206 trades for: Bitcoin Up or Down - January 13, 11:15AM-11:30AM E
2026-01-13 17:28:45,522 - PolymarketIngestor - INFO - Successfully ingested 106 trades for: Solana Up or Down - January 13, 11:45AM-12:00PM ET
2026-01-13 17:28:45,552 - PolymarketIngestor - INFO - Successfully ingested 218 trades for: Solana Up or Down - January 13, 3:15PM-3:30PM ET
2026-01-13 17:28:46,155 - PolymarketIngestor - WARNING - Rate limited (429). Retrying in 2s...
2026-01-13 17:28:46,157 - PolymarketIngestor - WARNING - Rate limited (429). Retrying in 2s...
2026-01-13 17:28:46,175 - PolymarketIngestor - WARNING - Rate limited (429). Retrying in 4s...
2026-01-13 17:28:46,177 - PolymarketIngestor - WARNING - Rate limited (429). Retrying in 4s...
2026-01-13 17:28:46,183 - PolymarketIngestor - WARNING - Rate limited (429). Retrying in 4s...
2026-01-13 17:28:46,188 - PolymarketIngestor - WARNING - Rate limited (429). Retrying in 2s...
2026-01-13 17:28:46,194 - PolymarketIngestor - WARNING - Rate limited (429). Retrying in 2s...
2026-01-13 17:28:46,210 - PolymarketIngestor - WARNING - Rate limited (429). Retrying in 2s...
2026-01-13 17:28:46,231 - PolymarketIngestor - WARNING - Rate limited (429). Retrying in 2s...
2026-01-13 17:28:46,235 - PolymarketIngestor - WARNING - Rate limited (429). Retrying in 2s...
2026-01-13 17:28:46,254 - PolymarketIngestor - WARNING - Rate limited (429). Retrying in 2s...
2026-01-13 17:28:46,271 - PolymarketIngestor - WARNING - Rate limited (429). Retrying in 2s...
2026-01-13 17:28:46,274 - PolymarketIngestor - WARNING - Rate limited (429). Retrying in 2s...
2026-01-13 17:28:46,276 - PolymarketIngestor - WARNING - Rate limited (429). Retrying in 2s...
2026-01-13 17:28:46,313 - PolymarketIngestor - WARNING - Rate limited (429). Retrying in 2s...
2026-01-13 17:28:46,323 - PolymarketIngestor - WARNING - Rate limited (429). Retrying in 2s...
2026-01-13 17:28:46,331 - PolymarketIngestor - WARNING - Rate limited (429). Retrying in 2s...
2026-01-13 17:28:46,353 - PolymarketIngestor - WARNING - Rate limited (429). Retrying in 2s...
2026-01-13 17:28:46,468 - PolymarketIngestor - WARNING - Rate limited (429). Retrying in 2s...
2026-01-13 17:28:47,517 - PolymarketIngestor - INFO - Successfully ingested 973 trades for: XRP Up or Down - January 13, 11:15AM-11:30AM ET
2026-01-13 17:28:47,700 - PolymarketIngestor - INFO - Successfully ingested 150 trades for: Adelaide International: Katerina Siniakova vs Daya
2026-01-13 17:28:47,716 - PolymarketIngestor - INFO - Successfully ingested 163 trades for: Solana Up or Down - January 13, 9:30AM-9:45AM ET
2026-01-13 17:28:47,762 - PolymarketIngestor - INFO - Successfully ingested 232 trades for: Ethereum Up or Down - January 13, 5:45PM-6:00PM ET
2026-01-13 17:28:48,290 - PolymarketIngestor - WARNING - Rate limited (429). Retrying in 2s...
2026-01-13 17:28:48,300 - PolymarketIngestor - WARNING - Rate limited (429). Retrying in 4s...
2026-01-13 17:28:48,305 - PolymarketIngestor - WARNING - Rate limited (429). Retrying in 2s...
2026-01-13 17:28:48,310 - PolymarketIngestor - WARNING - Rate limited (429). Retrying in 2s...
2026-01-13 17:28:48,310 - PolymarketIngestor - WARNING - Rate limited (429). Retrying in 4s...
2026-01-13 17:28:48,311 - PolymarketIngestor - WARNING - Rate limited (429). Retrying in 4s...
2026-01-13 17:28:48,324 - PolymarketIngestor - WARNING - Rate limited (429). Retrying in 4s...
2026-01-13 17:28:48,371 - PolymarketIngestor - WARNING - Rate limited (429). Retrying in 4s...
2026-01-13 17:28:48,371 - PolymarketIngestor - WARNING - Rate limited (429). Retrying in 4s...
2026-01-13 17:28:48,376 - PolymarketIngestor - WARNING - Rate limited (429). Retrying in 2s...
2026-01-13 17:28:48,387 - PolymarketIngestor - INFO - Successfully ingested 300 trades for: LoL: DRX Challengers vs Hanwha Life Esports Challe
2026-01-13 17:28:48,424 - PolymarketIngestor - WARNING - Rate limited (429). Retrying in 2s...
2026-01-13 17:28:48,429 - PolymarketIngestor - WARNING - Rate limited (429). Retrying in 2s...
2026-01-13 17:28:48,455 - PolymarketIngestor - WARNING - Rate limited (429). Retrying in 2s...
2026-01-13 17:28:48,457 - PolymarketIngestor - WARNING - Rate limited (429). Retrying in 2s...
2026-01-13 17:28:48,467 - PolymarketIngestor - WARNING - Rate limited (429). Retrying in 2s...
2026-01-13 17:28:48,494 - PolymarketIngestor - WARNING - Rate limited (429). Retrying in 2s...
2026-01-13 17:28:48,509 - PolymarketIngestor - WARNING - Rate limited (429). Retrying in 4s...
2026-01-13 17:28:48,522 - PolymarketIngestor - WARNING - Rate limited (429). Retrying in 2s...
2026-01-13 17:28:48,563 - PolymarketIngestor - WARNING - Rate limited (429). Retrying in 2s...
2026-01-13 17:28:48,628 - PolymarketIngestor - WARNING - Rate limited (429). Retrying in 2s...
2026-01-13 17:28:48,843 - PolymarketIngestor - INFO - Successfully ingested 845 trades for: XRP Up or Down - January 13, 11:00AM-11:15AM ET
2026-01-13 17:28:50,626 - PolymarketIngestor - WARNING - Rate limited (429). Retrying in 2s...
2026-01-13 17:28:50,629 - PolymarketIngestor - WARNING - Rate limited (429). Retrying in 2s...
2026-01-13 17:28:50,650 - PolymarketIngestor - WARNING - Rate limited (429). Retrying in 2s...
2026-01-13 17:28:50,659 - PolymarketIngestor - WARNING - Rate limited (429). Retrying in 2s...
2026-01-13 17:28:50,673 - PolymarketIngestor - WARNING - Rate limited (429). Retrying in 4s...
2026-01-13 17:28:50,680 - PolymarketIngestor - WARNING - Rate limited (429). Retrying in 2s...
2026-01-13 17:28:50,719 - PolymarketIngestor - WARNING - Rate limited (429). Retrying in 2s...
2026-01-13 17:28:50,719 - PolymarketIngestor - WARNING - Rate limited (429). Retrying in 2s...
2026-01-13 17:28:50,737 - PolymarketIngestor - WARNING - Rate limited (429). Retrying in 2s...
2026-01-13 17:28:50,740 - PolymarketIngestor - WARNING - Rate limited (429). Retrying in 2s...
2026-01-13 17:28:50,767 - PolymarketIngestor - WARNING - Rate limited (429). Retrying in 2s...
2026-01-13 17:28:50,776 - PolymarketIngestor - WARNING - Rate limited (429). Retrying in 2s...
2026-01-13 17:28:50,781 - PolymarketIngestor - WARNING - Rate limited (429). Retrying in 2s...
2026-01-13 17:28:50,856 - PolymarketIngestor - WARNING - Rate limited (429). Retrying in 2s...
2026-01-13 17:28:50,867 - PolymarketIngestor - WARNING - Rate limited (429). Retrying in 2s...
2026-01-13 17:28:52,662 - PolymarketIngestor - WARNING - Rate limited (429). Retrying in 2s...
2026-01-13 17:28:52,680 - PolymarketIngestor - WARNING - Rate limited (429). Retrying in 4s...
2026-01-13 17:28:52,681 - PolymarketIngestor - WARNING - Rate limited (429). Retrying in 2s...
2026-01-13 17:28:52,690 - PolymarketIngestor - WARNING - Rate limited (429). Retrying in 4s...
2026-01-13 17:28:52,691 - PolymarketIngestor - WARNING - Rate limited (429). Retrying in 4s...
2026-01-13 17:28:52,711 - PolymarketIngestor - WARNING - Rate limited (429). Retrying in 4s...
2026-01-13 17:28:52,724 - PolymarketIngestor - WARNING - Rate limited (429). Retrying in 4s...
2026-01-13 17:28:52,727 - PolymarketIngestor - WARNING - Rate limited (429). Retrying in 2s...
2026-01-13 17:28:52,784 - PolymarketIngestor - WARNING - Rate limited (429). Retrying in 4s...
2026-01-13 17:28:52,786 - PolymarketIngestor - WARNING - Rate limited (429). Retrying in 2s...
2026-01-13 17:28:52,788 - PolymarketIngestor - WARNING - Rate limited (429). Retrying in 2s...
2026-01-13 17:28:52,794 - PolymarketIngestor - WARNING - Rate limited (429). Retrying in 2s...
2026-01-13 17:28:52,798 - PolymarketIngestor - WARNING - Rate limited (429). Retrying in 4s...
2026-01-13 17:28:52,811 - PolymarketIngestor - WARNING - Rate limited (429). Retrying in 4s...
2026-01-13 17:28:52,819 - PolymarketIngestor - WARNING - Rate limited (429). Retrying in 4s...
2026-01-13 17:28:52,820 - PolymarketIngestor - WARNING - Rate limited (429). Retrying in 2s...
2026-01-13 17:28:52,822 - PolymarketIngestor - WARNING - Rate limited (429). Retrying in 4s...
2026-01-13 17:28:52,841 - PolymarketIngestor - WARNING - Rate limited (429). Retrying in 2s...
2026-01-13 17:28:52,900 - PolymarketIngestor - WARNING - Rate limited (429). Retrying in 4s...
2026-01-13 17:28:52,907 - PolymarketIngestor - WARNING - Rate limited (429). Retrying in 4s...
2026-01-13 17:28:53,003 - PolymarketIngestor - WARNING - Rate limited (429). Retrying in 2s...
2026-01-13 17:28:53,454 - PolymarketIngestor - INFO - Successfully ingested 538 trades for: Solana Up or Down - January 13, 6:00PM-6:15PM ET
2026-01-13 17:28:55,255 - PolymarketIngestor - WARNING - Rate limited (429). Retrying in 2s...
2026-01-13 17:28:55,270 - PolymarketIngestor - WARNING - Rate limited (429). Retrying in 2s...
2026-01-13 17:28:55,275 - PolymarketIngestor - WARNING - Rate limited (429). Retrying in 2s...
2026-01-13 17:28:55,301 - PolymarketIngestor - WARNING - Rate limited (429). Retrying in 2s...
2026-01-13 17:28:55,301 - PolymarketIngestor - WARNING - Rate limited (429). Retrying in 2s...
2026-01-13 17:28:55,305 - PolymarketIngestor - WARNING - Rate limited (429). Retrying in 2s...
2026-01-13 17:28:55,404 - PolymarketIngestor - WARNING - Rate limited (429). Retrying in 2s...
2026-01-13 17:28:55,405 - PolymarketIngestor - WARNING - Rate limited (429). Retrying in 2s...
2026-01-13 17:28:56,847 - PolymarketIngestor - INFO - Successfully ingested 434 trades for: XRP Up or Down - January 13, 12:00PM-12:15PM ET
2026-01-13 17:28:56,878 - PolymarketIngestor - WARNING - Rate limited (429). Retrying in 6s...
2026-01-13 17:28:56,933 - PolymarketIngestor - WARNING - Rate limited (429). Retrying in 6s...
2026-01-13 17:28:56,934 - PolymarketIngestor - WARNING - Rate limited (429). Retrying in 2s...
2026-01-13 17:28:56,984 - PolymarketIngestor - WARNING - Rate limited (429). Retrying in 2s...
2026-01-13 17:28:56,991 - PolymarketIngestor - WARNING - Rate limited (429). Retrying in 6s...
2026-01-13 17:28:56,993 - PolymarketIngestor - WARNING - Rate limited (429). Retrying in 2s...
2026-01-13 17:28:56,998 - PolymarketIngestor - WARNING - Rate limited (429). Retrying in 2s...
2026-01-13 17:28:57,033 - PolymarketIngestor - WARNING - Rate limited (429). Retrying in 2s...
2026-01-13 17:28:57,047 - PolymarketIngestor - WARNING - Rate limited (429). Retrying in 2s...
2026-01-13 17:28:57,125 - PolymarketIngestor - WARNING - Rate limited (429). Retrying in 2s...
2026-01-13 17:28:57,144 - PolymarketIngestor - WARNING - Rate limited (429). Retrying in 2s...
2026-01-13 17:28:57,198 - PolymarketIngestor - WARNING - Rate limited (429). Retrying in 2s...
2026-01-13 17:28:57,330 - PolymarketIngestor - WARNING - Rate limited (429). Retrying in 4s...
2026-01-13 17:28:57,336 - PolymarketIngestor - WARNING - Rate limited (429). Retrying in 2s...
2026-01-13 17:28:57,348 - PolymarketIngestor - WARNING - Rate limited (429). Retrying in 4s...
2026-01-13 17:28:57,348 - PolymarketIngestor - WARNING - Rate limited (429). Retrying in 4s...
2026-01-13 17:28:57,352 - PolymarketIngestor - WARNING - Rate limited (429). Retrying in 4s...
2026-01-13 17:28:57,557 - PolymarketIngestor - WARNING - Rate limited (429). Retrying in 2s...
2026-01-13 17:28:57,558 - PolymarketIngestor - WARNING - Rate limited (429). Retrying in 2s...
2026-01-13 17:28:57,787 - PolymarketIngestor - INFO - Successfully ingested 582 trades for: Dota 2: Nemiga Gaming vs Inner Circle (BO1)
2026-01-13 17:28:59,233 - PolymarketIngestor - WARNING - Rate limited (429). Retrying in 4s...
2026-01-13 17:28:59,244 - PolymarketIngestor - WARNING - Rate limited (429). Retrying in 2s...
2026-01-13 17:28:59,252 - PolymarketIngestor - WARNING - Rate limited (429). Retrying in 2s...
2026-01-13 17:28:59,307 - PolymarketIngestor - WARNING - Rate limited (429). Retrying in 2s...
2026-01-13 17:28:59,310 - PolymarketIngestor - WARNING - Rate limited (429). Retrying in 2s...
2026-01-13 17:28:59,354 - PolymarketIngestor - WARNING - Rate limited (429). Retrying in 2s...
2026-01-13 17:28:59,354 - PolymarketIngestor - WARNING - Rate limited (429). Retrying in 2s...
2026-01-13 17:28:59,355 - PolymarketIngestor - WARNING - Rate limited (429). Retrying in 2s...
2026-01-13 17:28:59,360 - PolymarketIngestor - WARNING - Rate limited (429). Retrying in 2s...
2026-01-13 17:28:59,602 - PolymarketIngestor - WARNING - Rate limited (429). Retrying in 2s...
2026-01-13 17:28:59,622 - PolymarketIngestor - WARNING - Rate limited (429). Retrying in 2s...
2026-01-13 17:28:59,634 - PolymarketIngestor - WARNING - Rate limited (429). Retrying in 2s...
2026-01-13 17:29:01,560 - PolymarketIngestor - WARNING - Rate limited (429). Retrying in 2s...
2026-01-13 17:29:01,611 - PolymarketIngestor - WARNING - Rate limited (429). Retrying in 2s...
2026-01-13 17:29:01,615 - PolymarketIngestor - WARNING - Rate limited (429). Retrying in 2s...
2026-01-13 17:29:01,625 - PolymarketIngestor - WARNING - Rate limited (429). Retrying in 2s...
2026-01-13 17:29:01,626 - PolymarketIngestor - WARNING - Rate limited (429). Retrying in 2s...
2026-01-13 17:29:01,627 - PolymarketIngestor - WARNING - Rate limited (429). Retrying in 2s...
2026-01-13 17:29:01,662 - PolymarketIngestor - WARNING - Rate limited (429). Retrying in 4s...
2026-01-13 17:29:01,664 - PolymarketIngestor - WARNING - Rate limited (429). Retrying in 2s...
2026-01-13 17:29:01,668 - PolymarketIngestor - WARNING - Rate limited (429). Retrying in 2s...
2026-01-13 17:29:01,673 - PolymarketIngestor - WARNING - Rate limited (429). Retrying in 4s...
2026-01-13 17:29:01,679 - PolymarketIngestor - WARNING - Rate limited (429). Retrying in 2s...
2026-01-13 17:29:01,727 - PolymarketIngestor - WARNING - Rate limited (429). Retrying in 2s...
2026-01-13 17:29:01,729 - PolymarketIngestor - WARNING - Rate limited (429). Retrying in 2s...
2026-01-13 17:29:01,786 - PolymarketIngestor - WARNING - Rate limited (429). Retrying in 2s...
2026-01-13 17:29:01,792 - PolymarketIngestor - WARNING - Rate limited (429). Retrying in 2s...
2026-01-13 17:29:02,889 - PolymarketIngestor - INFO - Successfully ingested 1433 trades for: Bitcoin Up or Down - January 13, 10:30AM-10:45AM E
2026-01-13 17:29:02,937 - PolymarketIngestor - INFO - Successfully ingested 407 trades for: Ethereum Up or Down - January 13, 11:45AM-12:00PM 
2026-01-13 17:29:02,999 - PolymarketIngestor - INFO - Successfully ingested 350 trades for: Bitcoin Up or Down - January 13, 10:15AM-10:30AM E
2026-01-13 17:29:03,895 - PolymarketIngestor - WARNING - Rate limited (429). Retrying in 2s...
2026-01-13 17:29:03,902 - PolymarketIngestor - WARNING - Rate limited (429). Retrying in 2s...
2026-01-13 17:29:03,938 - PolymarketIngestor - WARNING - Rate limited (429). Retrying in 2s...
2026-01-13 17:29:03,953 - PolymarketIngestor - WARNING - Rate limited (429). Retrying in 2s...
2026-01-13 17:29:03,957 - PolymarketIngestor - WARNING - Rate limited (429). Retrying in 2s...
2026-01-13 17:29:03,968 - PolymarketIngestor - WARNING - Rate limited (429). Retrying in 2s...
2026-01-13 17:29:03,977 - PolymarketIngestor - WARNING - Rate limited (429). Retrying in 2s...
2026-01-13 17:29:03,983 - PolymarketIngestor - WARNING - Rate limited (429). Retrying in 2s...
2026-01-13 17:29:04,002 - PolymarketIngestor - WARNING - Rate limited (429). Retrying in 2s...
2026-01-13 17:29:04,017 - PolymarketIngestor - WARNING - Rate limited (429). Retrying in 2s...
2026-01-13 17:29:04,019 - PolymarketIngestor - WARNING - Rate limited (429). Retrying in 2s...
2026-01-13 17:29:04,115 - PolymarketIngestor - WARNING - Rate limited (429). Retrying in 2s...
2026-01-13 17:29:04,119 - PolymarketIngestor - WARNING - Rate limited (429). Retrying in 2s...
2026-01-13 17:29:04,131 - PolymarketIngestor - WARNING - Rate limited (429). Retrying in 2s...
2026-01-13 17:29:06,064 - PolymarketIngestor - WARNING - Rate limited (429). Retrying in 4s...
2026-01-13 17:29:06,065 - PolymarketIngestor - WARNING - Rate limited (429). Retrying in 4s...
2026-01-13 17:29:06,079 - PolymarketIngestor - WARNING - Rate limited (429). Retrying in 2s...
2026-01-13 17:29:06,086 - PolymarketIngestor - WARNING - Rate limited (429). Retrying in 2s...
2026-01-13 17:29:06,092 - PolymarketIngestor - WARNING - Rate limited (429). Retrying in 2s...
2026-01-13 17:29:06,095 - PolymarketIngestor - WARNING - Rate limited (429). Retrying in 2s...
2026-01-13 17:29:06,126 - PolymarketIngestor - WARNING - Rate limited (429). Retrying in 2s...
2026-01-13 17:29:06,201 - PolymarketIngestor - WARNING - Rate limited (429). Retrying in 2s...
2026-01-13 17:29:06,237 - PolymarketIngestor - WARNING - Rate limited (429). Retrying in 2s...
2026-01-13 17:29:06,239 - PolymarketIngestor - WARNING - Rate limited (429). Retrying in 2s...
2026-01-13 17:29:06,258 - PolymarketIngestor - WARNING - Rate limited (429). Retrying in 2s...
2026-01-13 17:29:06,265 - PolymarketIngestor - WARNING - Rate limited (429). Retrying in 2s...
2026-01-13 17:29:06,268 - PolymarketIngestor - WARNING - Rate limited (429). Retrying in 2s...
2026-01-13 17:29:06,275 - PolymarketIngestor - WARNING - Rate limited (429). Retrying in 2s...
2026-01-13 17:29:06,283 - PolymarketIngestor - WARNING - Rate limited (429). Retrying in 2s...
2026-01-13 17:29:06,284 - PolymarketIngestor - WARNING - Rate limited (429). Retrying in 2s...
2026-01-13 17:29:08,326 - PolymarketIngestor - WARNING - Rate limited (429). Retrying in 4s...
2026-01-13 17:29:08,350 - PolymarketIngestor - WARNING - Rate limited (429). Retrying in 2s...
2026-01-13 17:29:08,353 - PolymarketIngestor - WARNING - Rate limited (429). Retrying in 4s...
2026-01-13 17:29:08,387 - PolymarketIngestor - WARNING - Rate limited (429). Retrying in 2s...
2026-01-13 17:29:08,422 - PolymarketIngestor - WARNING - Rate limited (429). Retrying in 2s...
2026-01-13 17:29:08,422 - PolymarketIngestor - WARNING - Rate limited (429). Retrying in 2s...
2026-01-13 17:29:08,478 - PolymarketIngestor - WARNING - Rate limited (429). Retrying in 2s...
2026-01-13 17:29:08,491 - PolymarketIngestor - WARNING - Rate limited (429). Retrying in 2s...
2026-01-13 17:29:08,511 - PolymarketIngestor - WARNING - Rate limited (429). Retrying in 2s...
2026-01-13 17:29:08,531 - PolymarketIngestor - WARNING - Rate limited (429). Retrying in 2s...
2026-01-13 17:29:08,558 - PolymarketIngestor - WARNING - Rate limited (429). Retrying in 2s...
2026-01-13 17:29:08,705 - PolymarketIngestor - WARNING - Rate limited (429). Retrying in 2s...
2026-01-13 17:29:08,717 - PolymarketIngestor - WARNING - Rate limited (429). Retrying in 2s...
2026-01-13 17:29:08,766 - PolymarketIngestor - WARNING - Rate limited (429). Retrying in 2s...
2026-01-13 17:29:10,580 - PolymarketIngestor - WARNING - Rate limited (429). Retrying in 2s...
2026-01-13 17:29:10,589 - PolymarketIngestor - WARNING - Rate limited (429). Retrying in 4s...
2026-01-13 17:29:10,592 - PolymarketIngestor - WARNING - Rate limited (429). Retrying in 4s...
2026-01-13 17:29:10,653 - PolymarketIngestor - WARNING - Rate limited (429). Retrying in 2s...
2026-01-13 17:29:10,662 - PolymarketIngestor - WARNING - Rate limited (429). Retrying in 2s...
2026-01-13 17:29:10,681 - PolymarketIngestor - WARNING - Rate limited (429). Retrying in 2s...
2026-01-13 17:29:10,686 - PolymarketIngestor - WARNING - Rate limited (429). Retrying in 2s...
2026-01-13 17:29:10,686 - PolymarketIngestor - WARNING - Rate limited (429). Retrying in 2s...
2026-01-13 17:29:10,710 - PolymarketIngestor - WARNING - Rate limited (429). Retrying in 2s...
2026-01-13 17:29:10,711 - PolymarketIngestor - WARNING - Rate limited (429). Retrying in 2s...
2026-01-13 17:29:10,774 - PolymarketIngestor - WARNING - Rate limited (429). Retrying in 2s...
2026-01-13 17:29:10,775 - PolymarketIngestor - WARNING - Rate limited (429). Retrying in 2s...
2026-01-13 17:29:10,799 - PolymarketIngestor - WARNING - Rate limited (429). Retrying in 2s...
2026-01-13 17:29:10,808 - PolymarketIngestor - WARNING - Rate limited (429). Retrying in 4s...
2026-01-13 17:29:10,809 - PolymarketIngestor - WARNING - Rate limited (429). Retrying in 2s...
2026-01-13 17:29:12,482 - PolymarketIngestor - INFO - Successfully ingested 673 trades for: XRP Up or Down - January 13, 12:15PM-12:30PM ET
2026-01-13 17:29:13,011 - PolymarketIngestor - WARNING - Rate limited (429). Retrying in 2s...
2026-01-13 17:29:13,039 - PolymarketIngestor - WARNING - Rate limited (429). Retrying in 2s...
2026-01-13 17:29:13,068 - PolymarketIngestor - WARNING - Rate limited (429). Retrying in 2s...
2026-01-13 17:29:13,089 - PolymarketIngestor - WARNING - Rate limited (429). Retrying in 2s...
2026-01-13 17:29:13,095 - PolymarketIngestor - WARNING - Rate limited (429). Retrying in 2s...
2026-01-13 17:29:13,187 - PolymarketIngestor - WARNING - Rate limited (429). Retrying in 2s...
2026-01-13 17:29:13,195 - PolymarketIngestor - WARNING - Rate limited (429). Retrying in 2s...
2026-01-13 17:29:13,203 - PolymarketIngestor - WARNING - Rate limited (429). Retrying in 2s...
2026-01-13 17:29:13,238 - PolymarketIngestor - WARNING - Rate limited (429). Retrying in 2s...
2026-01-13 17:29:13,239 - PolymarketIngestor - WARNING - Rate limited (429). Retrying in 2s...
2026-01-13 17:29:13,254 - PolymarketIngestor - WARNING - Rate limited (429). Retrying in 2s...
2026-01-13 17:29:13,316 - PolymarketIngestor - WARNING - Rate limited (429). Retrying in 2s...
2026-01-13 17:29:13,320 - PolymarketIngestor - WARNING - Rate limited (429). Retrying in 2s...
2026-01-13 17:29:13,324 - PolymarketIngestor - WARNING - Rate limited (429). Retrying in 2s...
2026-01-13 17:29:15,439 - PolymarketIngestor - WARNING - Rate limited (429). Retrying in 2s...
2026-01-13 17:29:15,466 - PolymarketIngestor - WARNING - Rate limited (429). Retrying in 2s...
2026-01-13 17:29:15,478 - PolymarketIngestor - WARNING - Rate limited (429). Retrying in 2s...
2026-01-13 17:29:15,481 - PolymarketIngestor - WARNING - Rate limited (429). Retrying in 2s...
2026-01-13 17:29:15,484 - PolymarketIngestor - WARNING - Rate limited (429). Retrying in 2s...
2026-01-13 17:29:15,511 - PolymarketIngestor - WARNING - Rate limited (429). Retrying in 2s...
2026-01-13 17:29:15,522 - PolymarketIngestor - WARNING - Rate limited (429). Retrying in 2s...
2026-01-13 17:29:15,534 - PolymarketIngestor - WARNING - Rate limited (429). Retrying in 2s...
2026-01-13 17:29:15,536 - PolymarketIngestor - WARNING - Rate limited (429). Retrying in 2s...
2026-01-13 17:29:15,539 - PolymarketIngestor - WARNING - Rate limited (429). Retrying in 2s...
2026-01-13 17:29:15,554 - PolymarketIngestor - WARNING - Rate limited (429). Retrying in 2s...
2026-01-13 17:29:15,567 - PolymarketIngestor - WARNING - Rate limited (429). Retrying in 2s...
2026-01-13 17:29:15,570 - PolymarketIngestor - WARNING - Rate limited (429). Retrying in 2s...
2026-01-13 17:29:15,629 - PolymarketIngestor - WARNING - Rate limited (429). Retrying in 2s...
2026-01-13 17:29:15,659 - PolymarketIngestor - WARNING - Rate limited (429). Retrying in 2s...
2026-01-13 17:29:15,673 - PolymarketIngestor - WARNING - Rate limited (429). Retrying in 2s...
2026-01-13 17:29:17,858 - PolymarketIngestor - WARNING - Rate limited (429). Retrying in 2s...
2026-01-13 17:29:17,858 - PolymarketIngestor - WARNING - Rate limited (429). Retrying in 2s...
2026-01-13 17:29:17,902 - PolymarketIngestor - WARNING - Rate limited (429). Retrying in 2s...
2026-01-13 17:29:17,905 - PolymarketIngestor - WARNING - Rate limited (429). Retrying in 2s...
2026-01-13 17:29:18,051 - PolymarketIngestor - WARNING - Rate limited (429). Retrying in 2s...
2026-01-13 17:29:18,187 - PolymarketIngestor - WARNING - Rate limited (429). Retrying in 2s...
2026-01-13 17:29:18,188 - PolymarketIngestor - WARNING - Rate limited (429). Retrying in 2s...
2026-01-13 17:29:18,189 - PolymarketIngestor - WARNING - Rate limited (429). Retrying in 2s...
2026-01-13 17:29:18,189 - PolymarketIngestor - WARNING - Rate limited (429). Retrying in 2s...
2026-01-13 17:29:18,190 - PolymarketIngestor - WARNING - Rate limited (429). Retrying in 2s...
2026-01-13 17:29:18,190 - PolymarketIngestor - WARNING - Rate limited (429). Retrying in 2s...
2026-01-13 17:29:18,192 - PolymarketIngestor - WARNING - Rate limited (429). Retrying in 2s...
2026-01-13 17:29:18,232 - PolymarketIngestor - WARNING - Rate limited (429). Retrying in 2s...
2026-01-13 17:29:18,238 - PolymarketIngestor - WARNING - Rate limited (429). Retrying in 2s...
2026-01-13 17:29:18,245 - PolymarketIngestor - WARNING - Rate limited (429). Retrying in 2s...
2026-01-13 17:29:20,391 - PolymarketIngestor - WARNING - Rate limited (429). Retrying in 2s...
2026-01-13 17:29:20,393 - PolymarketIngestor - WARNING - Rate limited (429). Retrying in 2s...
2026-01-13 17:29:20,394 - PolymarketIngestor - WARNING - Rate limited (429). Retrying in 2s...
2026-01-13 17:29:20,395 - PolymarketIngestor - WARNING - Rate limited (429). Retrying in 2s...
2026-01-13 17:29:20,490 - PolymarketIngestor - WARNING - Rate limited (429). Retrying in 2s...
2026-01-13 17:29:20,492 - PolymarketIngestor - WARNING - Rate limited (429). Retrying in 2s...
2026-01-13 17:29:20,492 - PolymarketIngestor - WARNING - Rate limited (429). Retrying in 2s...
2026-01-13 17:29:20,498 - PolymarketIngestor - WARNING - Rate limited (429). Retrying in 2s...
2026-01-13 17:29:20,592 - PolymarketIngestor - WARNING - Rate limited (429). Retrying in 2s...
2026-01-13 17:29:20,638 - PolymarketIngestor - WARNING - Rate limited (429). Retrying in 2s...
2026-01-13 17:29:20,682 - PolymarketIngestor - WARNING - Rate limited (429). Retrying in 2s...
2026-01-13 17:29:20,698 - PolymarketIngestor - WARNING - Rate limited (429). Retrying in 2s...
2026-01-13 17:29:20,760 - PolymarketIngestor - WARNING - Rate limited (429). Retrying in 2s...
2026-01-13 17:29:20,762 - PolymarketIngestor - WARNING - Rate limited (429). Retrying in 2s...
2026-01-13 17:29:20,763 - PolymarketIngestor - WARNING - Rate limited (429). Retrying in 2s...
2026-01-13 17:29:20,814 - PolymarketIngestor - WARNING - Rate limited (429). Retrying in 2s...
2026-01-13 17:29:20,815 - PolymarketIngestor - WARNING - Rate limited (429). Retrying in 2s...
2026-01-13 17:29:20,816 - PolymarketIngestor - WARNING - Rate limited (429). Retrying in 2s...
2026-01-13 17:29:23,052 - PolymarketIngestor - WARNING - Rate limited (429). Retrying in 2s...
2026-01-13 17:29:23,131 - PolymarketIngestor - WARNING - Rate limited (429). Retrying in 2s...
2026-01-13 17:29:23,132 - PolymarketIngestor - WARNING - Rate limited (429). Retrying in 2s...
2026-01-13 17:29:23,139 - PolymarketIngestor - WARNING - Rate limited (429). Retrying in 2s...
2026-01-13 17:29:23,145 - PolymarketIngestor - WARNING - Rate limited (429). Retrying in 2s...
2026-01-13 17:29:23,172 - PolymarketIngestor - WARNING - Rate limited (429). Retrying in 2s...
2026-01-13 17:29:23,179 - PolymarketIngestor - WARNING - Rate limited (429). Retrying in 2s...
2026-01-13 17:29:23,187 - PolymarketIngestor - WARNING - Rate limited (429). Retrying in 2s...
2026-01-13 17:29:23,188 - PolymarketIngestor - WARNING - Rate limited (429). Retrying in 2s...
2026-01-13 17:29:23,190 - PolymarketIngestor - WARNING - Rate limited (429). Retrying in 2s...
2026-01-13 17:29:23,205 - PolymarketIngestor - WARNING - Rate limited (429). Retrying in 2s...
2026-01-13 17:29:23,219 - PolymarketIngestor - WARNING - Rate limited (429). Retrying in 2s...
2026-01-13 17:29:23,223 - PolymarketIngestor - WARNING - Rate limited (429). Retrying in 2s...
2026-01-13 17:29:23,256 - PolymarketIngestor - WARNING - Rate limited (429). Retrying in 2s...
2026-01-13 17:29:23,265 - PolymarketIngestor - WARNING - Rate limited (429). Retrying in 2s...
2026-01-13 17:29:23,278 - PolymarketIngestor - WARNING - Rate limited (429). Retrying in 2s...
2026-01-13 17:29:23,333 - PolymarketIngestor - WARNING - Rate limited (429). Retrying in 2s...
2026-01-13 17:29:25,547 - PolymarketIngestor - WARNING - Rate limited (429). Retrying in 2s...
2026-01-13 17:29:25,557 - PolymarketIngestor - WARNING - Rate limited (429). Retrying in 2s...
2026-01-13 17:29:25,616 - PolymarketIngestor - WARNING - Rate limited (429). Retrying in 2s...
2026-01-13 17:29:25,618 - PolymarketIngestor - WARNING - Rate limited (429). Retrying in 2s...
2026-01-13 17:29:25,619 - PolymarketIngestor - WARNING - Rate limited (429). Retrying in 2s...
2026-01-13 17:29:25,631 - PolymarketIngestor - WARNING - Rate limited (429). Retrying in 2s...
2026-01-13 17:29:25,681 - PolymarketIngestor - WARNING - Rate limited (429). Retrying in 2s...
2026-01-13 17:29:25,717 - PolymarketIngestor - WARNING - Rate limited (429). Retrying in 2s...
2026-01-13 17:29:25,723 - PolymarketIngestor - WARNING - Rate limited (429). Retrying in 2s...
2026-01-13 17:29:25,729 - PolymarketIngestor - WARNING - Rate limited (429). Retrying in 2s...
2026-01-13 17:29:25,745 - PolymarketIngestor - WARNING - Rate limited (429). Retrying in 2s...
2026-01-13 17:29:25,748 - PolymarketIngestor - WARNING - Rate limited (429). Retrying in 2s...
2026-01-13 17:29:25,750 - PolymarketIngestor - WARNING - Rate limited (429). Retrying in 2s...
2026-01-13 17:29:25,764 - PolymarketIngestor - WARNING - Rate limited (429). Retrying in 2s...
2026-01-13 17:29:25,783 - PolymarketIngestor - WARNING - Rate limited (429). Retrying in 2s...
2026-01-13 17:29:25,797 - PolymarketIngestor - WARNING - Rate limited (429). Retrying in 2s...
2026-01-13 17:29:25,801 - PolymarketIngestor - WARNING - Rate limited (429). Retrying in 2s...
2026-01-13 17:29:28,096 - PolymarketIngestor - WARNING - Rate limited (429). Retrying in 2s...
2026-01-13 17:29:28,114 - PolymarketIngestor - WARNING - Rate limited (429). Retrying in 2s...
2026-01-13 17:29:28,124 - PolymarketIngestor - WARNING - Rate limited (429). Retrying in 2s...
2026-01-13 17:29:28,154 - PolymarketIngestor - WARNING - Rate limited (429). Retrying in 2s...
2026-01-13 17:29:28,159 - PolymarketIngestor - WARNING - Rate limited (429). Retrying in 2s...
2026-01-13 17:29:28,162 - PolymarketIngestor - WARNING - Rate limited (429). Retrying in 2s...
2026-01-13 17:29:28,204 - PolymarketIngestor - WARNING - Rate limited (429). Retrying in 2s...
2026-01-13 17:29:28,206 - PolymarketIngestor - WARNING - Rate limited (429). Retrying in 2s...
2026-01-13 17:29:28,252 - PolymarketIngestor - WARNING - Rate limited (429). Retrying in 2s...
2026-01-13 17:29:28,258 - PolymarketIngestor - WARNING - Rate limited (429). Retrying in 2s...
2026-01-13 17:29:28,271 - PolymarketIngestor - WARNING - Rate limited (429). Retrying in 2s...
2026-01-13 17:29:28,280 - PolymarketIngestor - WARNING - Rate limited (429). Retrying in 2s...
2026-01-13 17:29:28,291 - PolymarketIngestor - WARNING - Rate limited (429). Retrying in 2s...
2026-01-13 17:29:28,368 - PolymarketIngestor - WARNING - Rate limited (429). Retrying in 2s...
2026-01-13 17:29:28,518 - PolymarketIngestor - WARNING - Rate limited (429). Retrying in 2s...
2026-01-13 17:29:30,355 - PolymarketIngestor - WARNING - Rate limited (429). Retrying in 2s...
2026-01-13 17:29:30,359 - PolymarketIngestor - WARNING - Rate limited (429). Retrying in 4s...
2026-01-13 17:29:30,400 - PolymarketIngestor - WARNING - Rate limited (429). Retrying in 2s...
2026-01-13 17:29:30,404 - PolymarketIngestor - WARNING - Rate limited (429). Retrying in 4s...
2026-01-13 17:29:30,410 - PolymarketIngestor - WARNING - Rate limited (429). Retrying in 2s...
2026-01-13 17:29:30,420 - PolymarketIngestor - WARNING - Rate limited (429). Retrying in 2s...
2026-01-13 17:29:30,431 - PolymarketIngestor - WARNING - Rate limited (429). Retrying in 2s...
2026-01-13 17:29:30,433 - PolymarketIngestor - WARNING - Rate limited (429). Retrying in 2s...
2026-01-13 17:29:30,468 - PolymarketIngestor - WARNING - Rate limited (429). Retrying in 2s...
2026-01-13 17:29:30,478 - PolymarketIngestor - WARNING - Rate limited (429). Retrying in 2s...
2026-01-13 17:29:30,491 - PolymarketIngestor - WARNING - Rate limited (429). Retrying in 2s...
2026-01-13 17:29:30,496 - PolymarketIngestor - WARNING - Rate limited (429). Retrying in 2s...
2026-01-13 17:29:30,551 - PolymarketIngestor - WARNING - Rate limited (429). Retrying in 2s...
2026-01-13 17:29:30,557 - PolymarketIngestor - WARNING - Rate limited (429). Retrying in 2s...
2026-01-13 17:29:30,659 - PolymarketIngestor - WARNING - Rate limited (429). Retrying in 2s...
2026-01-13 17:29:32,674 - PolymarketIngestor - WARNING - Rate limited (429). Retrying in 2s...
2026-01-13 17:29:32,676 - PolymarketIngestor - WARNING - Rate limited (429). Retrying in 2s...
2026-01-13 17:29:32,689 - PolymarketIngestor - WARNING - Rate limited (429). Retrying in 2s...
2026-01-13 17:29:32,700 - PolymarketIngestor - WARNING - Rate limited (429). Retrying in 2s...
2026-01-13 17:29:32,703 - PolymarketIngestor - WARNING - Rate limited (429). Retrying in 2s...
2026-01-13 17:29:32,724 - PolymarketIngestor - WARNING - Rate limited (429). Retrying in 4s...
2026-01-13 17:29:32,739 - PolymarketIngestor - WARNING - Rate limited (429). Retrying in 2s...
2026-01-13 17:29:32,740 - PolymarketIngestor - WARNING - Rate limited (429). Retrying in 2s...
2026-01-13 17:29:32,750 - PolymarketIngestor - WARNING - Rate limited (429). Retrying in 2s...
2026-01-13 17:29:32,763 - PolymarketIngestor - WARNING - Rate limited (429). Retrying in 2s...
2026-01-13 17:29:32,770 - PolymarketIngestor - WARNING - Rate limited (429). Retrying in 2s...
2026-01-13 17:29:32,771 - PolymarketIngestor - WARNING - Rate limited (429). Retrying in 2s...
2026-01-13 17:29:32,775 - PolymarketIngestor - WARNING - Rate limited (429). Retrying in 2s...
2026-01-13 17:29:34,876 - PolymarketIngestor - WARNING - Rate limited (429). Retrying in 2s...
2026-01-13 17:29:34,879 - PolymarketIngestor - WARNING - Rate limited (429). Retrying in 2s...
2026-01-13 17:29:34,927 - PolymarketIngestor - WARNING - Rate limited (429). Retrying in 2s...
2026-01-13 17:29:34,942 - PolymarketIngestor - WARNING - Rate limited (429). Retrying in 2s...
2026-01-13 17:29:34,952 - PolymarketIngestor - WARNING - Rate limited (429). Retrying in 2s...
2026-01-13 17:29:34,955 - PolymarketIngestor - WARNING - Rate limited (429). Retrying in 2s...
2026-01-13 17:29:34,958 - PolymarketIngestor - WARNING - Rate limited (429). Retrying in 2s...
2026-01-13 17:29:34,959 - PolymarketIngestor - WARNING - Rate limited (429). Retrying in 2s...
2026-01-13 17:29:34,982 - PolymarketIngestor - WARNING - Rate limited (429). Retrying in 2s...
2026-01-13 17:29:34,989 - PolymarketIngestor - WARNING - Rate limited (429). Retrying in 2s...
2026-01-13 17:29:35,010 - PolymarketIngestor - WARNING - Rate limited (429). Retrying in 2s...
2026-01-13 17:29:35,025 - PolymarketIngestor - WARNING - Rate limited (429). Retrying in 2s...
2026-01-13 17:29:35,025 - PolymarketIngestor - WARNING - Rate limited (429). Retrying in 2s...
2026-01-13 17:29:35,032 - PolymarketIngestor - WARNING - Rate limited (429). Retrying in 2s...
2026-01-13 17:29:35,041 - PolymarketIngestor - WARNING - Rate limited (429). Retrying in 2s...
2026-01-13 17:29:35,044 - PolymarketIngestor - WARNING - Rate limited (429). Retrying in 2s...
2026-01-13 17:29:35,066 - PolymarketIngestor - WARNING - Rate limited (429). Retrying in 2s...
2026-01-13 17:29:37,484 - PolymarketIngestor - WARNING - Rate limited (429). Retrying in 2s...
2026-01-13 17:29:37,511 - PolymarketIngestor - WARNING - Rate limited (429). Retrying in 2s...
2026-01-13 17:29:37,525 - PolymarketIngestor - WARNING - Rate limited (429). Retrying in 2s...
2026-01-13 17:29:37,530 - PolymarketIngestor - WARNING - Rate limited (429). Retrying in 2s...
2026-01-13 17:29:37,538 - PolymarketIngestor - WARNING - Rate limited (429). Retrying in 2s...
2026-01-13 17:29:37,664 - PolymarketIngestor - WARNING - Rate limited (429). Retrying in 2s...
2026-01-13 17:29:37,667 - PolymarketIngestor - WARNING - Rate limited (429). Retrying in 2s...
2026-01-13 17:29:37,717 - PolymarketIngestor - WARNING - Rate limited (429). Retrying in 2s...
2026-01-13 17:29:37,719 - PolymarketIngestor - WARNING - Rate limited (429). Retrying in 2s...
2026-01-13 17:29:37,720 - PolymarketIngestor - WARNING - Rate limited (429). Retrying in 2s...
2026-01-13 17:29:37,721 - PolymarketIngestor - WARNING - Rate limited (429). Retrying in 2s...
2026-01-13 17:29:37,885 - PolymarketIngestor - WARNING - Rate limited (429). Retrying in 2s...
2026-01-13 17:29:37,919 - PolymarketIngestor - WARNING - Rate limited (429). Retrying in 2s...
2026-01-13 17:29:37,933 - PolymarketIngestor - WARNING - Rate limited (429). Retrying in 2s...
2026-01-13 17:29:37,937 - PolymarketIngestor - WARNING - Rate limited (429). Retrying in 2s...
2026-01-13 17:29:37,942 - PolymarketIngestor - WARNING - Rate limited (429). Retrying in 2s...
2026-01-13 17:29:38,020 - PolymarketIngestor - WARNING - Rate limited (429). Retrying in 2s...
2026-01-13 17:29:40,029 - PolymarketIngestor - WARNING - Rate limited (429). Retrying in 2s...
2026-01-13 17:29:40,045 - PolymarketIngestor - WARNING - Rate limited (429). Retrying in 2s...
2026-01-13 17:29:40,066 - PolymarketIngestor - WARNING - Rate limited (429). Retrying in 4s...
2026-01-13 17:29:40,111 - PolymarketIngestor - WARNING - Rate limited (429). Retrying in 2s...
2026-01-13 17:29:40,177 - PolymarketIngestor - WARNING - Rate limited (429). Retrying in 2s...
2026-01-13 17:29:40,180 - PolymarketIngestor - WARNING - Rate limited (429). Retrying in 2s...
2026-01-13 17:29:40,206 - PolymarketIngestor - WARNING - Rate limited (429). Retrying in 2s...
2026-01-13 17:29:40,219 - PolymarketIngestor - WARNING - Rate limited (429). Retrying in 2s...
2026-01-13 17:29:40,220 - PolymarketIngestor - WARNING - Rate limited (429). Retrying in 2s...
2026-01-13 17:29:40,225 - PolymarketIngestor - WARNING - Rate limited (429). Retrying in 2s...
2026-01-13 17:29:40,227 - PolymarketIngestor - WARNING - Rate limited (429). Retrying in 2s...
2026-01-13 17:29:40,240 - PolymarketIngestor - WARNING - Rate limited (429). Retrying in 2s...
2026-01-13 17:29:40,282 - PolymarketIngestor - WARNING - Rate limited (429). Retrying in 2s...
2026-01-13 17:29:40,306 - PolymarketIngestor - WARNING - Rate limited (429). Retrying in 2s...
2026-01-13 17:29:40,516 - PolymarketIngestor - WARNING - Rate limited (429). Retrying in 2s...
2026-01-13 17:29:42,246 - PolymarketIngestor - WARNING - Rate limited (429). Retrying in 2s...
2026-01-13 17:29:42,272 - PolymarketIngestor - WARNING - Rate limited (429). Retrying in 4s...
2026-01-13 17:29:42,274 - PolymarketIngestor - WARNING - Rate limited (429). Retrying in 4s...
2026-01-13 17:29:42,286 - PolymarketIngestor - WARNING - Rate limited (429). Retrying in 4s...
2026-01-13 17:29:42,316 - PolymarketIngestor - WARNING - Rate limited (429). Retrying in 2s...
2026-01-13 17:29:42,323 - PolymarketIngestor - WARNING - Rate limited (429). Retrying in 2s...
2026-01-13 17:29:42,327 - PolymarketIngestor - WARNING - Rate limited (429). Retrying in 4s...
2026-01-13 17:29:42,347 - PolymarketIngestor - WARNING - Rate limited (429). Retrying in 2s...
2026-01-13 17:29:42,348 - PolymarketIngestor - WARNING - Rate limited (429). Retrying in 4s...
2026-01-13 17:29:42,484 - PolymarketIngestor - WARNING - Rate limited (429). Retrying in 2s...
2026-01-13 17:29:42,517 - PolymarketIngestor - WARNING - Rate limited (429). Retrying in 2s...
2026-01-13 17:29:42,554 - PolymarketIngestor - WARNING - Rate limited (429). Retrying in 4s...
2026-01-13 17:29:42,857 - PolymarketIngestor - WARNING - Rate limited (429). Retrying in 2s...
2026-01-13 17:29:42,885 - PolymarketIngestor - WARNING - Rate limited (429). Retrying in 2s...
2026-01-13 17:29:42,891 - PolymarketIngestor - WARNING - Rate limited (429). Retrying in 2s...
2026-01-13 17:29:42,969 - PolymarketIngestor - WARNING - Rate limited (429). Retrying in 2s...
2026-01-13 17:29:45,106 - PolymarketIngestor - WARNING - Rate limited (429). Retrying in 2s...
2026-01-13 17:29:45,117 - PolymarketIngestor - WARNING - Rate limited (429). Retrying in 2s...
2026-01-13 17:29:45,153 - PolymarketIngestor - WARNING - Rate limited (429). Retrying in 2s...
2026-01-13 17:29:45,154 - PolymarketIngestor - WARNING - Rate limited (429). Retrying in 2s...
2026-01-13 17:29:45,177 - PolymarketIngestor - WARNING - Rate limited (429). Retrying in 2s...
2026-01-13 17:29:45,180 - PolymarketIngestor - WARNING - Rate limited (429). Retrying in 2s...
2026-01-13 17:29:45,187 - PolymarketIngestor - WARNING - Rate limited (429). Retrying in 2s...
2026-01-13 17:29:45,228 - PolymarketIngestor - WARNING - Rate limited (429). Retrying in 2s...
2026-01-13 17:29:45,232 - PolymarketIngestor - WARNING - Rate limited (429). Retrying in 2s...
2026-01-13 17:29:46,455 - PolymarketIngestor - WARNING - Rate limited (429). Retrying in 2s...
2026-01-13 17:29:46,561 - PolymarketIngestor - WARNING - Rate limited (429). Retrying in 2s...
2026-01-13 17:29:46,630 - PolymarketIngestor - WARNING - Rate limited (429). Retrying in 2s...
2026-01-13 17:29:46,635 - PolymarketIngestor - WARNING - Rate limited (429). Retrying in 2s...
2026-01-13 17:29:46,640 - PolymarketIngestor - WARNING - Rate limited (429). Retrying in 2s...
2026-01-13 17:29:46,662 - PolymarketIngestor - WARNING - Rate limited (429). Retrying in 2s...
2026-01-13 17:29:46,670 - PolymarketIngestor - WARNING - Rate limited (429). Retrying in 2s...
2026-01-13 17:29:47,237 - PolymarketIngestor - WARNING - Rate limited (429). Retrying in 2s...
2026-01-13 17:29:47,271 - PolymarketIngestor - WARNING - Rate limited (429). Retrying in 4s...
2026-01-13 17:29:47,298 - PolymarketIngestor - WARNING - Rate limited (429). Retrying in 4s...
2026-01-13 17:29:47,336 - PolymarketIngestor - WARNING - Rate limited (429). Retrying in 2s...
2026-01-13 17:29:47,388 - PolymarketIngestor - WARNING - Rate limited (429). Retrying in 2s...
2026-01-13 17:29:47,427 - PolymarketIngestor - WARNING - Rate limited (429). Retrying in 2s...
2026-01-13 17:29:47,449 - PolymarketIngestor - WARNING - Rate limited (429). Retrying in 2s...
2026-01-13 17:29:47,470 - PolymarketIngestor - WARNING - Rate limited (429). Retrying in 2s...
2026-01-13 17:29:48,717 - PolymarketIngestor - WARNING - Rate limited (429). Retrying in 2s...
2026-01-13 17:29:48,724 - PolymarketIngestor - WARNING - Rate limited (429). Retrying in 4s...
2026-01-13 17:29:48,790 - PolymarketIngestor - WARNING - Rate limited (429). Retrying in 2s...
2026-01-13 17:29:48,906 - PolymarketIngestor - WARNING - Rate limited (429). Retrying in 2s...
2026-01-13 17:29:48,949 - PolymarketIngestor - WARNING - Rate limited (429). Retrying in 2s...
2026-01-13 17:29:48,985 - PolymarketIngestor - WARNING - Rate limited (429). Retrying in 2s...
2026-01-13 17:29:49,353 - PolymarketIngestor - WARNING - Rate limited (429). Retrying in 2s...
2026-01-13 17:29:49,421 - PolymarketIngestor - WARNING - Rate limited (429). Retrying in 2s...
2026-01-13 17:29:49,445 - PolymarketIngestor - WARNING - Rate limited (429). Retrying in 2s...
2026-01-13 17:29:49,446 - PolymarketIngestor - WARNING - Rate limited (429). Retrying in 4s...
2026-01-13 17:29:49,460 - PolymarketIngestor - WARNING - Rate limited (429). Retrying in 2s...
2026-01-13 17:29:49,482 - PolymarketIngestor - WARNING - Rate limited (429). Retrying in 4s...
2026-01-13 17:29:49,516 - PolymarketIngestor - WARNING - Rate limited (429). Retrying in 4s...
2026-01-13 17:29:51,325 - PolymarketIngestor - WARNING - Rate limited (429). Retrying in 6s...
2026-01-13 17:29:51,349 - PolymarketIngestor - WARNING - Rate limited (429). Retrying in 6s...
2026-01-13 17:29:51,399 - PolymarketIngestor - WARNING - Rate limited (429). Retrying in 4s...
2026-01-13 17:29:51,469 - PolymarketIngestor - WARNING - Rate limited (429). Retrying in 2s...
2026-01-13 17:29:51,477 - PolymarketIngestor - WARNING - Rate limited (429). Retrying in 2s...
2026-01-13 17:29:51,486 - PolymarketIngestor - WARNING - Rate limited (429). Retrying in 2s...
2026-01-13 17:29:51,488 - PolymarketIngestor - WARNING - Rate limited (429). Retrying in 4s...
2026-01-13 17:29:51,506 - PolymarketIngestor - WARNING - Rate limited (429). Retrying in 4s...
2026-01-13 17:29:51,519 - PolymarketIngestor - WARNING - Rate limited (429). Retrying in 4s...
2026-01-13 17:29:51,553 - PolymarketIngestor - WARNING - Rate limited (429). Retrying in 2s...
2026-01-13 17:29:51,723 - PolymarketIngestor - WARNING - Rate limited (429). Retrying in 2s...
2026-01-13 17:29:53,771 - PolymarketIngestor - WARNING - Rate limited (429). Retrying in 2s...
2026-01-13 17:29:53,778 - PolymarketIngestor - WARNING - Rate limited (429). Retrying in 2s...
2026-01-13 17:29:53,783 - PolymarketIngestor - WARNING - Rate limited (429). Retrying in 2s...
2026-01-13 17:29:53,790 - PolymarketIngestor - WARNING - Rate limited (429). Retrying in 2s...
2026-01-13 17:29:53,797 - PolymarketIngestor - WARNING - Rate limited (429). Retrying in 2s...
2026-01-13 17:29:53,888 - PolymarketIngestor - WARNING - Rate limited (429). Retrying in 2s...
2026-01-13 17:29:53,911 - PolymarketIngestor - WARNING - Rate limited (429). Retrying in 2s...
2026-01-13 17:29:53,980 - PolymarketIngestor - WARNING - Rate limited (429). Retrying in 2s...
2026-01-13 17:29:53,992 - PolymarketIngestor - WARNING - Rate limited (429). Retrying in 2s...
2026-01-13 17:29:55,904 - PolymarketIngestor - WARNING - Rate limited (429). Retrying in 2s...
2026-01-13 17:29:55,920 - PolymarketIngestor - WARNING - Rate limited (429). Retrying in 2s...
2026-01-13 17:29:55,923 - PolymarketIngestor - WARNING - Rate limited (429). Retrying in 2s...
2026-01-13 17:29:55,942 - PolymarketIngestor - WARNING - Rate limited (429). Retrying in 4s...
2026-01-13 17:29:55,951 - PolymarketIngestor - WARNING - Rate limited (429). Retrying in 4s...
2026-01-13 17:29:55,964 - PolymarketIngestor - WARNING - Rate limited (429). Retrying in 2s...
2026-01-13 17:29:56,016 - PolymarketIngestor - WARNING - Rate limited (429). Retrying in 4s...
2026-01-13 17:29:56,036 - PolymarketIngestor - WARNING - Rate limited (429). Retrying in 2s...
2026-01-13 17:29:56,039 - PolymarketIngestor - WARNING - Rate limited (429). Retrying in 4s...
2026-01-13 17:29:56,052 - PolymarketIngestor - WARNING - Rate limited (429). Retrying in 2s...
2026-01-13 17:29:56,069 - PolymarketIngestor - WARNING - Rate limited (429). Retrying in 2s...
2026-01-13 17:29:56,091 - PolymarketIngestor - WARNING - Rate limited (429). Retrying in 2s...
2026-01-13 17:29:56,098 - PolymarketIngestor - WARNING - Rate limited (429). Retrying in 2s...
2026-01-13 17:29:57,336 - PolymarketIngestor - INFO - Successfully ingested 3643 trades for: Ethereum Up or Down - January 13, 1:00PM-1:15PM ET
2026-01-13 17:29:57,352 - PolymarketIngestor - INFO - Successfully ingested 4110 trades for: Ethereum Up or Down - January 13, 3:15PM-3:30PM ET
2026-01-13 17:29:58,330 - PolymarketIngestor - WARNING - Rate limited (429). Retrying in 2s...
2026-01-13 17:29:58,380 - PolymarketIngestor - WARNING - Rate limited (429). Retrying in 2s...
2026-01-13 17:29:58,396 - PolymarketIngestor - WARNING - Rate limited (429). Retrying in 2s...
2026-01-13 17:29:58,461 - PolymarketIngestor - WARNING - Rate limited (429). Retrying in 2s...
2026-01-13 17:29:58,464 - PolymarketIngestor - WARNING - Rate limited (429). Retrying in 2s...
2026-01-13 17:29:58,477 - PolymarketIngestor - WARNING - Rate limited (429). Retrying in 2s...
2026-01-13 17:29:58,559 - PolymarketIngestor - WARNING - Rate limited (429). Retrying in 2s...
2026-01-13 17:29:58,614 - PolymarketIngestor - WARNING - Rate limited (429). Retrying in 2s...
2026-01-13 17:29:58,619 - PolymarketIngestor - WARNING - Rate limited (429). Retrying in 2s...
2026-01-13 17:30:00,442 - PolymarketIngestor - WARNING - Rate limited (429). Retrying in 2s...
2026-01-13 17:30:00,445 - PolymarketIngestor - WARNING - Rate limited (429). Retrying in 2s...
2026-01-13 17:30:00,464 - PolymarketIngestor - WARNING - Rate limited (429). Retrying in 2s...
2026-01-13 17:30:00,539 - PolymarketIngestor - WARNING - Rate limited (429). Retrying in 2s...
2026-01-13 17:30:00,600 - PolymarketIngestor - WARNING - Rate limited (429). Retrying in 2s...
2026-01-13 17:30:00,601 - PolymarketIngestor - WARNING - Rate limited (429). Retrying in 4s...
2026-01-13 17:30:00,626 - PolymarketIngestor - WARNING - Rate limited (429). Retrying in 2s...
2026-01-13 17:30:00,641 - PolymarketIngestor - WARNING - Rate limited (429). Retrying in 2s...
2026-01-13 17:30:00,670 - PolymarketIngestor - WARNING - Rate limited (429). Retrying in 4s...
2026-01-13 17:30:00,711 - PolymarketIngestor - WARNING - Rate limited (429). Retrying in 4s...
2026-01-13 17:30:00,739 - PolymarketIngestor - WARNING - Rate limited (429). Retrying in 2s...
2026-01-13 17:30:00,742 - PolymarketIngestor - WARNING - Rate limited (429). Retrying in 2s...
2026-01-13 17:30:00,746 - PolymarketIngestor - WARNING - Rate limited (429). Retrying in 2s...
2026-01-13 17:30:00,747 - PolymarketIngestor - WARNING - Rate limited (429). Retrying in 2s...
2026-01-13 17:30:03,087 - PolymarketIngestor - WARNING - Rate limited (429). Retrying in 2s...
2026-01-13 17:30:03,098 - PolymarketIngestor - WARNING - Rate limited (429). Retrying in 2s...
2026-01-13 17:30:03,133 - PolymarketIngestor - WARNING - Rate limited (429). Retrying in 2s...
2026-01-13 17:30:03,153 - PolymarketIngestor - WARNING - Rate limited (429). Retrying in 2s...
2026-01-13 17:30:03,209 - PolymarketIngestor - WARNING - Rate limited (429). Retrying in 2s...
2026-01-13 17:30:03,232 - PolymarketIngestor - WARNING - Rate limited (429). Retrying in 2s...
2026-01-13 17:30:03,261 - PolymarketIngestor - WARNING - Rate limited (429). Retrying in 2s...
2026-01-13 17:30:03,285 - PolymarketIngestor - WARNING - Rate limited (429). Retrying in 2s...
2026-01-13 17:30:03,302 - PolymarketIngestor - WARNING - Rate limited (429). Retrying in 2s...
2026-01-13 17:30:03,313 - PolymarketIngestor - WARNING - Rate limited (429). Retrying in 2s...
2026-01-13 17:30:05,291 - PolymarketIngestor - WARNING - Rate limited (429). Retrying in 4s...
2026-01-13 17:30:05,297 - PolymarketIngestor - WARNING - Rate limited (429). Retrying in 2s...
2026-01-13 17:30:05,307 - PolymarketIngestor - WARNING - Rate limited (429). Retrying in 2s...
2026-01-13 17:30:05,316 - PolymarketIngestor - WARNING - Rate limited (429). Retrying in 4s...
2026-01-13 17:30:05,322 - PolymarketIngestor - WARNING - Rate limited (429). Retrying in 4s...
2026-01-13 17:30:05,350 - PolymarketIngestor - WARNING - Rate limited (429). Retrying in 4s...
2026-01-13 17:30:05,356 - PolymarketIngestor - WARNING - Rate limited (429). Retrying in 4s...
2026-01-13 17:30:05,359 - PolymarketIngestor - WARNING - Rate limited (429). Retrying in 2s...
2026-01-13 17:30:05,383 - PolymarketIngestor - WARNING - Rate limited (429). Retrying in 2s...
2026-01-13 17:30:05,417 - PolymarketIngestor - WARNING - Rate limited (429). Retrying in 2s...
2026-01-13 17:30:05,424 - PolymarketIngestor - WARNING - Rate limited (429). Retrying in 2s...
2026-01-13 17:30:05,483 - PolymarketIngestor - WARNING - Rate limited (429). Retrying in 2s...
2026-01-13 17:30:05,516 - PolymarketIngestor - WARNING - Rate limited (429). Retrying in 2s...
2026-01-13 17:30:07,724 - PolymarketIngestor - WARNING - Rate limited (429). Retrying in 2s...
2026-01-13 17:30:07,737 - PolymarketIngestor - WARNING - Rate limited (429). Retrying in 2s...
2026-01-13 17:30:07,826 - PolymarketIngestor - WARNING - Rate limited (429). Retrying in 2s...
2026-01-13 17:30:07,846 - PolymarketIngestor - WARNING - Rate limited (429). Retrying in 2s...
2026-01-13 17:30:07,906 - PolymarketIngestor - WARNING - Rate limited (429). Retrying in 2s...
2026-01-13 17:30:08,011 - PolymarketIngestor - WARNING - Rate limited (429). Retrying in 2s...
2026-01-13 17:30:08,030 - PolymarketIngestor - WARNING - Rate limited (429). Retrying in 2s...
2026-01-13 17:30:09,405 - PolymarketIngestor - WARNING - Rate limited (429). Retrying in 6s...
2026-01-13 17:30:09,427 - PolymarketIngestor - WARNING - Rate limited (429). Retrying in 2s...
2026-01-13 17:30:09,428 - PolymarketIngestor - WARNING - Rate limited (429). Retrying in 2s...
2026-01-13 17:30:09,624 - PolymarketIngestor - WARNING - Rate limited (429). Retrying in 2s...
2026-01-13 17:30:09,626 - PolymarketIngestor - WARNING - Rate limited (429). Retrying in 2s...
2026-01-13 17:30:09,629 - PolymarketIngestor - WARNING - Rate limited (429). Retrying in 2s...
2026-01-13 17:30:09,630 - PolymarketIngestor - WARNING - Rate limited (429). Retrying in 2s...
2026-01-13 17:30:10,046 - PolymarketIngestor - WARNING - Rate limited (429). Retrying in 2s...
2026-01-13 17:30:10,050 - PolymarketIngestor - WARNING - Rate limited (429). Retrying in 2s...
2026-01-13 17:30:10,072 - PolymarketIngestor - WARNING - Rate limited (429). Retrying in 4s...
2026-01-13 17:30:10,077 - PolymarketIngestor - WARNING - Rate limited (429). Retrying in 4s...
2026-01-13 17:30:10,127 - PolymarketIngestor - WARNING - Rate limited (429). Retrying in 2s...
2026-01-13 17:30:11,642 - PolymarketIngestor - WARNING - Rate limited (429). Retrying in 2s...
2026-01-13 17:30:11,672 - PolymarketIngestor - WARNING - Rate limited (429). Retrying in 4s...
2026-01-13 17:30:11,674 - PolymarketIngestor - WARNING - Rate limited (429). Retrying in 4s...
2026-01-13 17:30:11,683 - PolymarketIngestor - WARNING - Rate limited (429). Retrying in 4s...
2026-01-13 17:30:11,754 - PolymarketIngestor - WARNING - Rate limited (429). Retrying in 2s...
2026-01-13 17:30:11,824 - PolymarketIngestor - WARNING - Rate limited (429). Retrying in 2s...
2026-01-13 17:30:12,111 - PolymarketIngestor - WARNING - Rate limited (429). Retrying in 4s...
2026-01-13 17:30:12,183 - PolymarketIngestor - WARNING - Rate limited (429). Retrying in 4s...
2026-01-13 17:30:12,286 - PolymarketIngestor - WARNING - Rate limited (429). Retrying in 2s...
2026-01-13 17:30:13,928 - PolymarketIngestor - WARNING - Rate limited (429). Retrying in 2s...
2026-01-13 17:30:14,022 - PolymarketIngestor - WARNING - Rate limited (429). Retrying in 2s...
2026-01-13 17:30:14,124 - PolymarketIngestor - WARNING - Rate limited (429). Retrying in 2s...
2026-01-13 17:30:14,127 - PolymarketIngestor - WARNING - Rate limited (429). Retrying in 2s...
2026-01-13 17:30:14,177 - PolymarketIngestor - WARNING - Rate limited (429). Retrying in 2s...
2026-01-13 17:30:14,332 - PolymarketIngestor - WARNING - Rate limited (429). Retrying in 2s...
2026-01-13 17:30:14,334 - PolymarketIngestor - WARNING - Rate limited (429). Retrying in 4s...
2026-01-13 17:30:15,410 - PolymarketIngestor - INFO - Successfully ingested 2748 trades for: Bitcoin Up or Down - January 13, 9:45AM-10:00AM ET
2026-01-13 17:30:16,200 - PolymarketIngestor - WARNING - Rate limited (429). Retrying in 2s...
2026-01-13 17:30:16,209 - PolymarketIngestor - WARNING - Rate limited (429). Retrying in 2s...
2026-01-13 17:30:16,225 - PolymarketIngestor - WARNING - Rate limited (429). Retrying in 6s...
2026-01-13 17:30:16,231 - PolymarketIngestor - WARNING - Rate limited (429). Retrying in 4s...
2026-01-13 17:30:16,253 - PolymarketIngestor - WARNING - Rate limited (429). Retrying in 2s...
2026-01-13 17:30:16,320 - PolymarketIngestor - WARNING - Rate limited (429). Retrying in 2s...
2026-01-13 17:30:16,385 - PolymarketIngestor - WARNING - Rate limited (429). Retrying in 4s...
2026-01-13 17:30:16,471 - PolymarketIngestor - WARNING - Rate limited (429). Retrying in 2s...
2026-01-13 17:30:16,525 - PolymarketIngestor - WARNING - Rate limited (429). Retrying in 2s...
2026-01-13 17:30:16,528 - PolymarketIngestor - WARNING - Rate limited (429). Retrying in 2s...
2026-01-13 17:30:16,534 - PolymarketIngestor - WARNING - Rate limited (429). Retrying in 2s...
2026-01-13 17:30:16,535 - PolymarketIngestor - WARNING - Rate limited (429). Retrying in 2s...
2026-01-13 17:30:18,931 - PolymarketIngestor - WARNING - Rate limited (429). Retrying in 2s...
2026-01-13 17:30:18,936 - PolymarketIngestor - WARNING - Rate limited (429). Retrying in 2s...
2026-01-13 17:30:19,014 - PolymarketIngestor - WARNING - Rate limited (429). Retrying in 2s...
2026-01-13 17:30:19,028 - PolymarketIngestor - WARNING - Rate limited (429). Retrying in 2s...
2026-01-13 17:30:19,045 - PolymarketIngestor - WARNING - Rate limited (429). Retrying in 2s...
2026-01-13 17:30:19,082 - PolymarketIngestor - WARNING - Rate limited (429). Retrying in 2s...
2026-01-13 17:30:19,083 - PolymarketIngestor - WARNING - Rate limited (429). Retrying in 2s...
2026-01-13 17:30:19,109 - PolymarketIngestor - WARNING - Rate limited (429). Retrying in 2s...
2026-01-13 17:30:19,140 - PolymarketIngestor - WARNING - Rate limited (429). Retrying in 2s...
2026-01-13 17:30:21,107 - PolymarketIngestor - WARNING - Rate limited (429). Retrying in 4s...
2026-01-13 17:30:21,121 - PolymarketIngestor - WARNING - Rate limited (429). Retrying in 2s...
2026-01-13 17:30:21,162 - PolymarketIngestor - WARNING - Rate limited (429). Retrying in 4s...
2026-01-13 17:30:21,189 - PolymarketIngestor - WARNING - Rate limited (429). Retrying in 2s...
2026-01-13 17:30:21,199 - PolymarketIngestor - WARNING - Rate limited (429). Retrying in 4s...
2026-01-13 17:30:21,221 - PolymarketIngestor - WARNING - Rate limited (429). Retrying in 2s...
2026-01-13 17:30:21,314 - PolymarketIngestor - WARNING - Rate limited (429). Retrying in 2s...
2026-01-13 17:30:21,318 - PolymarketIngestor - WARNING - Rate limited (429). Retrying in 2s...
2026-01-13 17:30:21,326 - PolymarketIngestor - WARNING - Rate limited (429). Retrying in 2s...
2026-01-13 17:30:21,354 - PolymarketIngestor - WARNING - Rate limited (429). Retrying in 2s...
2026-01-13 17:30:21,420 - PolymarketIngestor - WARNING - Rate limited (429). Retrying in 2s...
2026-01-13 17:30:22,230 - PolymarketIngestor - INFO - Successfully ingested 5188 trades for: Ethereum Up or Down - January 13, 12:30PM-12:45PM 
2026-01-13 17:30:23,629 - PolymarketIngestor - WARNING - Rate limited (429). Retrying in 2s...
2026-01-13 17:30:23,674 - PolymarketIngestor - WARNING - Rate limited (429). Retrying in 2s...
2026-01-13 17:30:23,735 - PolymarketIngestor - WARNING - Rate limited (429). Retrying in 2s...
2026-01-13 17:30:23,738 - PolymarketIngestor - WARNING - Rate limited (429). Retrying in 2s...
2026-01-13 17:30:23,761 - PolymarketIngestor - WARNING - Rate limited (429). Retrying in 2s...
2026-01-13 17:30:23,772 - PolymarketIngestor - WARNING - Rate limited (429). Retrying in 2s...
2026-01-13 17:30:23,797 - PolymarketIngestor - WARNING - Rate limited (429). Retrying in 2s...
2026-01-13 17:30:23,840 - PolymarketIngestor - WARNING - Rate limited (429). Retrying in 2s...
2026-01-13 17:30:25,807 - PolymarketIngestor - WARNING - Rate limited (429). Retrying in 4s...
2026-01-13 17:30:25,820 - PolymarketIngestor - WARNING - Rate limited (429). Retrying in 4s...
2026-01-13 17:30:25,821 - PolymarketIngestor - WARNING - Rate limited (429). Retrying in 2s...
2026-01-13 17:30:25,833 - PolymarketIngestor - WARNING - Rate limited (429). Retrying in 2s...
2026-01-13 17:30:25,867 - PolymarketIngestor - WARNING - Rate limited (429). Retrying in 2s...
2026-01-13 17:30:25,883 - PolymarketIngestor - WARNING - Rate limited (429). Retrying in 2s...
2026-01-13 17:30:25,888 - PolymarketIngestor - WARNING - Rate limited (429). Retrying in 4s...
2026-01-13 17:30:25,897 - PolymarketIngestor - WARNING - Rate limited (429). Retrying in 2s...
2026-01-13 17:30:25,924 - PolymarketIngestor - WARNING - Rate limited (429). Retrying in 2s...
2026-01-13 17:30:26,311 - PolymarketIngestor - WARNING - Rate limited (429). Retrying in 2s...
2026-01-13 17:30:26,319 - PolymarketIngestor - WARNING - Rate limited (429). Retrying in 2s...
2026-01-13 17:30:28,194 - PolymarketIngestor - WARNING - Rate limited (429). Retrying in 2s...
2026-01-13 17:30:28,368 - PolymarketIngestor - WARNING - Rate limited (429). Retrying in 4s...
2026-01-13 17:30:28,371 - PolymarketIngestor - WARNING - Rate limited (429). Retrying in 2s...
2026-01-13 17:30:28,376 - PolymarketIngestor - WARNING - Rate limited (429). Retrying in 4s...
2026-01-13 17:30:28,386 - PolymarketIngestor - WARNING - Rate limited (429). Retrying in 2s...
2026-01-13 17:30:28,410 - PolymarketIngestor - WARNING - Rate limited (429). Retrying in 2s...
2026-01-13 17:30:28,442 - PolymarketIngestor - WARNING - Rate limited (429). Retrying in 2s...
2026-01-13 17:30:28,587 - PolymarketIngestor - WARNING - Rate limited (429). Retrying in 2s...
2026-01-13 17:30:30,562 - PolymarketIngestor - WARNING - Rate limited (429). Retrying in 2s...
2026-01-13 17:30:30,585 - PolymarketIngestor - WARNING - Rate limited (429). Retrying in 2s...
2026-01-13 17:30:30,598 - PolymarketIngestor - WARNING - Rate limited (429). Retrying in 2s...
2026-01-13 17:30:30,710 - PolymarketIngestor - WARNING - Rate limited (429). Retrying in 2s...
2026-01-13 17:30:30,762 - PolymarketIngestor - WARNING - Rate limited (429). Retrying in 2s...
2026-01-13 17:30:30,774 - PolymarketIngestor - WARNING - Rate limited (429). Retrying in 2s...
2026-01-13 17:30:30,779 - PolymarketIngestor - WARNING - Rate limited (429). Retrying in 2s...
2026-01-13 17:30:30,795 - PolymarketIngestor - WARNING - Rate limited (429). Retrying in 2s...
2026-01-13 17:30:30,813 - PolymarketIngestor - WARNING - Rate limited (429). Retrying in 2s...
2026-01-13 17:30:32,881 - PolymarketIngestor - WARNING - Rate limited (429). Retrying in 4s...
2026-01-13 17:30:32,888 - PolymarketIngestor - WARNING - Rate limited (429). Retrying in 2s...
2026-01-13 17:30:32,888 - PolymarketIngestor - WARNING - Rate limited (429). Retrying in 2s...
2026-01-13 17:30:32,983 - PolymarketIngestor - WARNING - Rate limited (429). Retrying in 2s...
2026-01-13 17:30:33,060 - PolymarketIngestor - WARNING - Rate limited (429). Retrying in 2s...
2026-01-13 17:30:33,064 - PolymarketIngestor - WARNING - Rate limited (429). Retrying in 2s...
2026-01-13 17:30:33,065 - PolymarketIngestor - WARNING - Rate limited (429). Retrying in 2s...
2026-01-13 17:30:33,066 - PolymarketIngestor - WARNING - Rate limited (429). Retrying in 2s...
2026-01-13 17:30:33,073 - PolymarketIngestor - WARNING - Rate limited (429). Retrying in 2s...
2026-01-13 17:30:33,090 - PolymarketIngestor - WARNING - Rate limited (429). Retrying in 2s...
2026-01-13 17:30:33,099 - PolymarketIngestor - WARNING - Rate limited (429). Retrying in 2s...
2026-01-13 17:30:33,108 - PolymarketIngestor - WARNING - Rate limited (429). Retrying in 2s...
2026-01-13 17:30:35,575 - PolymarketIngestor - WARNING - Rate limited (429). Retrying in 2s...
2026-01-13 17:30:35,593 - PolymarketIngestor - WARNING - Rate limited (429). Retrying in 2s...
2026-01-13 17:30:35,610 - PolymarketIngestor - WARNING - Rate limited (429). Retrying in 2s...
2026-01-13 17:30:35,614 - PolymarketIngestor - WARNING - Rate limited (429). Retrying in 2s...
2026-01-13 17:30:35,618 - PolymarketIngestor - WARNING - Rate limited (429). Retrying in 2s...
2026-01-13 17:30:35,628 - PolymarketIngestor - WARNING - Rate limited (429). Retrying in 2s...
2026-01-13 17:30:35,652 - PolymarketIngestor - WARNING - Rate limited (429). Retrying in 2s...
2026-01-13 17:30:35,663 - PolymarketIngestor - WARNING - Rate limited (429). Retrying in 2s...
2026-01-13 17:30:35,780 - PolymarketIngestor - WARNING - Rate limited (429). Retrying in 2s...
2026-01-13 17:30:36,906 - PolymarketIngestor - WARNING - Rate limited (429). Retrying in 2s...
2026-01-13 17:30:37,662 - PolymarketIngestor - WARNING - Rate limited (429). Retrying in 4s...
2026-01-13 17:30:37,669 - PolymarketIngestor - WARNING - Rate limited (429). Retrying in 4s...
2026-01-13 17:30:37,694 - PolymarketIngestor - WARNING - Rate limited (429). Retrying in 2s...
2026-01-13 17:30:37,696 - PolymarketIngestor - WARNING - Rate limited (429). Retrying in 4s...
2026-01-13 17:30:37,703 - PolymarketIngestor - WARNING - Rate limited (429). Retrying in 4s...
2026-01-13 17:30:37,708 - PolymarketIngestor - WARNING - Rate limited (429). Retrying in 2s...
2026-01-13 17:30:37,847 - PolymarketIngestor - WARNING - Rate limited (429). Retrying in 2s...
2026-01-13 17:30:37,868 - PolymarketIngestor - WARNING - Rate limited (429). Retrying in 2s...
2026-01-13 17:30:37,912 - PolymarketIngestor - WARNING - Rate limited (429). Retrying in 2s...
2026-01-13 17:30:39,178 - PolymarketIngestor - WARNING - Rate limited (429). Retrying in 2s...
2026-01-13 17:30:39,428 - PolymarketIngestor - WARNING - Rate limited (429). Retrying in 2s...
2026-01-13 17:30:40,032 - PolymarketIngestor - WARNING - Rate limited (429). Retrying in 2s...
2026-01-13 17:30:40,059 - PolymarketIngestor - WARNING - Rate limited (429). Retrying in 2s...
2026-01-13 17:30:40,153 - PolymarketIngestor - WARNING - Rate limited (429). Retrying in 2s...
2026-01-13 17:30:40,207 - PolymarketIngestor - WARNING - Rate limited (429). Retrying in 2s...
2026-01-13 17:30:40,226 - PolymarketIngestor - WARNING - Rate limited (429). Retrying in 2s...
2026-01-13 17:30:41,949 - PolymarketIngestor - WARNING - Rate limited (429). Retrying in 2s...
2026-01-13 17:30:41,954 - PolymarketIngestor - WARNING - Rate limited (429). Retrying in 2s...
2026-01-13 17:30:41,957 - PolymarketIngestor - WARNING - Rate limited (429). Retrying in 2s...
2026-01-13 17:30:42,072 - PolymarketIngestor - WARNING - Rate limited (429). Retrying in 4s...
2026-01-13 17:30:42,102 - PolymarketIngestor - WARNING - Rate limited (429). Retrying in 4s...
2026-01-13 17:30:42,152 - PolymarketIngestor - WARNING - Rate limited (429). Retrying in 2s...
2026-01-13 17:30:42,215 - PolymarketIngestor - WARNING - Rate limited (429). Retrying in 2s...
2026-01-13 17:30:42,308 - PolymarketIngestor - WARNING - Rate limited (429). Retrying in 2s...
2026-01-13 17:30:42,337 - PolymarketIngestor - WARNING - Rate limited (429). Retrying in 2s...
2026-01-13 17:30:42,517 - PolymarketIngestor - WARNING - Rate limited (429). Retrying in 2s...
2026-01-13 17:30:43,558 - PolymarketIngestor - INFO - Successfully ingested 10046 trades for: Bitcoin Up or Down - January 13, 4:15PM-4:30PM ET
2026-01-13 17:30:44,234 - PolymarketIngestor - INFO - Successfully ingested 10037 trades for: Ethereum Up or Down - January 13, 1:30PM-1:45PM ET
2026-01-13 17:30:44,293 - PolymarketIngestor - WARNING - Rate limited (429). Retrying in 2s...
2026-01-13 17:30:44,455 - PolymarketIngestor - WARNING - Rate limited (429). Retrying in 2s...
2026-01-13 17:30:44,469 - PolymarketIngestor - WARNING - Rate limited (429). Retrying in 2s...
2026-01-13 17:30:44,483 - PolymarketIngestor - WARNING - Rate limited (429). Retrying in 2s...
2026-01-13 17:30:44,497 - PolymarketIngestor - WARNING - Rate limited (429). Retrying in 2s...
2026-01-13 17:30:44,507 - PolymarketIngestor - WARNING - Rate limited (429). Retrying in 2s...
2026-01-13 17:30:44,715 - PolymarketIngestor - WARNING - Rate limited (429). Retrying in 2s...
2026-01-13 17:30:46,100 - PolymarketIngestor - INFO - Successfully ingested 10005 trades for: Ethereum Up or Down - January 13, 6:00PM-6:15PM ET
2026-01-13 17:30:46,775 - PolymarketIngestor - INFO - Successfully ingested 10073 trades for: Ethereum Up or Down - January 13, 4:00PM-4:15PM ET
2026-01-13 17:30:46,823 - PolymarketIngestor - WARNING - Rate limited (429). Retrying in 2s...
2026-01-13 17:30:46,830 - PolymarketIngestor - WARNING - Rate limited (429). Retrying in 2s...
2026-01-13 17:30:46,831 - PolymarketIngestor - WARNING - Rate limited (429). Retrying in 2s...
2026-01-13 17:30:46,989 - PolymarketIngestor - WARNING - Rate limited (429). Retrying in 2s...
2026-01-13 17:30:47,041 - PolymarketIngestor - WARNING - Rate limited (429). Retrying in 2s...
2026-01-13 17:30:47,048 - PolymarketIngestor - WARNING - Rate limited (429). Retrying in 2s...
2026-01-13 17:30:49,020 - PolymarketIngestor - WARNING - Rate limited (429). Retrying in 2s...
2026-01-13 17:30:49,111 - PolymarketIngestor - WARNING - Rate limited (429). Retrying in 4s...
2026-01-13 17:30:49,113 - PolymarketIngestor - WARNING - Rate limited (429). Retrying in 2s...
2026-01-13 17:30:49,139 - PolymarketIngestor - INFO - Successfully ingested 10030 trades for: Ethereum Up or Down - January 13, 11:30AM-11:45AM 
2026-01-13 17:30:49,192 - PolymarketIngestor - WARNING - Rate limited (429). Retrying in 2s...
2026-01-13 17:30:49,211 - PolymarketIngestor - WARNING - Rate limited (429). Retrying in 2s...
2026-01-13 17:30:49,214 - PolymarketIngestor - WARNING - Rate limited (429). Retrying in 2s...
2026-01-13 17:30:51,882 - PolymarketIngestor - WARNING - Rate limited (429). Retrying in 2s...
2026-01-13 17:30:51,910 - PolymarketIngestor - WARNING - Rate limited (429). Retrying in 2s...
2026-01-13 17:30:51,992 - PolymarketIngestor - WARNING - Rate limited (429). Retrying in 2s...
2026-01-13 17:30:52,028 - PolymarketIngestor - WARNING - Rate limited (429). Retrying in 2s...
2026-01-13 17:30:52,097 - PolymarketIngestor - WARNING - Rate limited (429). Retrying in 2s...
2026-01-13 17:30:54,286 - PolymarketIngestor - WARNING - Rate limited (429). Retrying in 2s...
2026-01-13 17:30:54,430 - PolymarketIngestor - WARNING - Rate limited (429). Retrying in 2s...
2026-01-13 17:30:54,445 - PolymarketIngestor - WARNING - Rate limited (429). Retrying in 2s...
2026-01-13 17:30:54,452 - PolymarketIngestor - WARNING - Rate limited (429). Retrying in 2s...
2026-01-13 17:30:54,520 - PolymarketIngestor - WARNING - Rate limited (429). Retrying in 2s...
2026-01-13 17:30:54,580 - PolymarketIngestor - WARNING - Rate limited (429). Retrying in 2s...
2026-01-13 17:30:56,945 - PolymarketIngestor - WARNING - Rate limited (429). Retrying in 2s...
2026-01-13 17:30:57,017 - PolymarketIngestor - WARNING - Rate limited (429). Retrying in 2s...
2026-01-13 17:30:57,044 - PolymarketIngestor - WARNING - Rate limited (429). Retrying in 2s...
2026-01-13 17:30:57,092 - PolymarketIngestor - WARNING - Rate limited (429). Retrying in 2s...
2026-01-13 17:30:57,131 - PolymarketIngestor - WARNING - Rate limited (429). Retrying in 2s...
2026-01-13 17:30:57,204 - PolymarketIngestor - WARNING - Rate limited (429). Retrying in 2s...
2026-01-13 17:30:57,508 - PolymarketIngestor - INFO - Successfully ingested 10015 trades for: Ethereum Up or Down - January 13, 11:00AM-11:15AM 
2026-01-13 17:30:59,368 - PolymarketIngestor - INFO - Successfully ingested 10024 trades for: Bitcoin Up or Down - January 13, 12:45PM-1:00PM ET
2026-01-13 17:31:00,420 - PolymarketIngestor - WARNING - Rate limited (429). Retrying in 2s...
2026-01-13 17:31:00,522 - PolymarketIngestor - WARNING - Rate limited (429). Retrying in 2s...
2026-01-13 17:31:00,524 - PolymarketIngestor - WARNING - Rate limited (429). Retrying in 2s...
2026-01-13 17:31:02,728 - PolymarketIngestor - WARNING - Rate limited (429). Retrying in 2s...
2026-01-13 17:31:02,800 - PolymarketIngestor - WARNING - Rate limited (429). Retrying in 2s...
2026-01-13 17:31:02,839 - PolymarketIngestor - WARNING - Rate limited (429). Retrying in 2s...
2026-01-13 17:31:02,840 - PolymarketIngestor - WARNING - Rate limited (429). Retrying in 2s...
2026-01-13 17:31:04,152 - PolymarketIngestor - INFO - Successfully ingested 10004 trades for: Solana Up or Down - January 13, 11:00AM-11:15AM ET
2026-01-13 17:31:05,803 - PolymarketIngestor - INFO - Successfully ingested 10037 trades for: Bitcoin Up or Down - January 13, 4:45PM-5:00PM ET
2026-01-13 17:31:07,277 - PolymarketIngestor - INFO - Successfully ingested 10019 trades for: Ethereum Up or Down - January 13, 10:30AM-10:45AM 
2026-01-13 17:31:07,917 - PolymarketIngestor - INFO - Successfully ingested 10037 trades for: Bitcoin Up or Down - January 13, 11:45AM-12:00PM E
2026-01-13 17:31:08,487 - PolymarketIngestor - INFO - Successfully ingested 10002 trades for: Bitcoin Up or Down - January 13, 3:30PM-3:45PM ET
2026-01-13 17:31:08,953 - PolymarketIngestor - INFO - Successfully ingested 10009 trades for: Bitcoin Up or Down - January 13, 11:30AM-11:45AM E
2026-01-13 17:31:15,260 - PolymarketIngestor - INFO - Successfully ingested 10023 trades for: Bitcoin Up or Down - January 13, 11:00AM-11:15AM E
2026-01-13 17:31:18,395 - PolymarketIngestor - INFO - Pipeline complete. 176675 records saved to historical_trades_20260113.csv.
